'海南省人民代表大会常务委员会关于在海南经济特区博鳌乐城国际医疗旅游先行区等三个产业园区暂时变通实施部分法律法规规定的行政审批的决定(试行)',海南省人民代表大会常务委员会,2016-03-31,现行有效,地方性法规及文件
'包头市人民代表大会常务委员会关于批准2014年稀土高新技术产业开发区决算的决议',包头市人民代表大会常务委员会,2015,现行有效,地方性法规及文件
'海南省人民政府办公厅关于印发《海南省产业园区管理暂行办法》的通知',海南省人民政府办公厅,2020-12-13,现行有效,地方政府规章及文件
'内蒙古自治区人民政府办公厅关于促进马铃薯产业高质量发展的实施意见',内蒙古自治区人民政府办公厅,2020-10-23,现行有效,地方政府规章及文件
'海南省自然资源和规划厅关于印发《海南省产业用地政策实施工作指引(2020年版)》的通知',海南省自然资源和规划厅,2020-10-14,现行有效,地方政府规章及文件
'内蒙古自治区人民政府办公厅关于印发支持文旅产业克服疫情影响加快恢复发展若干措施的通知',内蒙古自治区人民政府办公厅,2020-07-30,现行有效,地方政府规章及文件
'海南省工业和信息化厅关于印发海南省加快区块链产业发展若干政策措施的通知',海南省工业和信息化厅,2020-05-09,现行有效,地方政府规章及文件
'海南省工业和信息化厅关于印发海南省全生物降解塑料产业发展规划(2020-2025年)的通知',海南省工业和信息化厅,2020-03-10,现行有效,地方政府规章及文件
'海南省工业和信息化厅关于印发《海南省生物医药产业研发券管理信息平台操作指南》的通知',海南省工业和信息化厅,2020-03-04,现行有效,地方政府规章及文件
'海南省工业和信息化厅关于加强疫情防控并全力推动工信产业安全有序复工复产的通知',海南省工业和信息化厅,2020-02-28,现行有效,地方政府规章及文件
'海南省农业农村厅、海南省交通运输厅、海南省公安厅关于加快农业重点产业恢复生产确保“菜篮子”产品和农业生产资料供应及正常流通的紧急通知',海南省农业农村厅;海南省交通运输厅;海南省公安厅,2020-02-04,现行有效,地方政府规章及文件
'内蒙古自治区人民政府办公厅关于印发自治区通用航空产业高质量发展行动方案的通知',内蒙古自治区人民政府办公厅,2020-02-02,现行有效,地方政府规章及文件
'内蒙古自治区人民政府办公厅关于推动全区民族传统奶制品产业发展若干措施的通知',内蒙古自治区人民政府办公厅,2019-12-31,现行有效,地方政府规章及文件
'海南省工业和信息化厅关于印发《海南省生物医药产业研发券管理暂行办法》的通知',海南省工业和信息化厅,2019-12-19,现行有效,地方政府规章及文件
'海南省人民政府办公厅关于印发海南省花卉苗木产业发展规划(2019-2035)的通知',海南省人民政府办公厅,2019-11-28,现行有效,地方政府规章及文件
'海南省人民政府办公厅关于建立海南省推进椰子产业发展联席会议制度的通知',海南省人民政府办公厅,2019-11-15,现行有效,地方政府规章及文件
'海南省发展和改革委员会关于印发《海南省产业准入禁止限制目录(2019年版)》的通知',海南省发展和改革委员会,2019-09-16,现行有效,地方政府规章及文件
'转发《农业农村部办公厅、财政部办公厅关于做好2019年农业产业强镇示范建设工作的通知》',海南省农业农村厅,2019-04-05,现行有效,地方政府规章及文件
'海南省人民政府关于支持产业项目发展规划和用地保障的意见(试行)',海南省人民政府,2019-03-15,现行有效,地方政府规章及文件
'海南省农业农村厅关于推进我省菠萝产业调优增效的指导意见',海南省农业农村厅,2019-03-05,现行有效,地方政府规章及文件
'海南省人民政府办公厅关于印发海南省农业高新技术产业示范区推进方案的通知',海南省人民政府办公厅,2019-02-27,现行有效,地方政府规章及文件
'海南省人民政府关于印发海南省健康产业发展规划(2019-2025年)的通知',海南省人民政府,2019-01-04,现行有效,地方政府规章及文件
'海南省农业农村厅关于推进海南百香果产业发展的指导意见',海南省农业农村厅,2018-11-22,现行有效,地方政府规章及文件
'内蒙古自治区人民政府关于印发自治区新兴产业高质量发展实施方案(2018—2020年)的通知',内蒙古自治区人民政府,2018-11-13,现行有效,地方政府规章及文件
'海南省农业厅、海南省民政厅、海南省扶贫工作办公室关于实施农村低保对象产业扶持“自强行动计划”的通知',海南省农业厅;海南省民政厅;海南省扶贫工作办公室,2018-06-26,现行有效,地方政府规章及文件
'海南省农业厅、海南省扶贫工作办公室关于推行农业产业扶贫“五带动全覆盖”模式促进贫困户持续稳定增收的通知',海南省农业厅;海南省扶贫工作办公室,2018-05-29,现行有效,地方政府规章及文件
'内蒙古自治区人民政府办公厅关于印发大数据与产业深度融合行动计划(2018—2020年)的通知',内蒙古自治区人民政府办公厅,2018-04-29,现行有效,地方政府规章及文件
'赤峰市人民政府关于促进现代马产业发展的意见',赤峰市人民政府,2018-03-22,现行有效,地方政府规章及文件
'海南省工业和信息化厅、海南省财政厅关于开展海南省互联网产业天使投资和股权投资工作的通知',海南省工业和信息化厅;海南省财政厅,2018-03-13,现行有效,地方政府规章及文件
'内蒙古自治区人民政府印发关于加快稀土产业转型升级若干政策的通知',内蒙古自治区人民政府,2018-01-29,现行有效,地方政府规章及文件
'乌海市人民政府办公厅关于印发乌海市文化产业示范基地评审命名管理办法的通知',乌海市人民政府办公厅,2017-11-23,现行有效,地方政府规章及文件
'海南省工业和信息化厅转发国家部委关于印发《半导体照明产业“十三五”发展规划》的通知',海南省工业和信息化厅,2017-10-11,现行有效,地方政府规章及文件
'海南省人民政府办公厅关于印发海南省推进热带花卉产业发展实施方案的通知',海南省人民政府办公厅,2017-09-29,现行有效,地方政府规章及文件
'海南省人民政府关于进一步深化“两个暂停”政策促进房地产业平稳健康发展的意见',海南省人民政府,2017-09-28,现行有效,地方政府规章及文件
'关于开展沙产业科技成果(人才)交易意向征集与创新政策调研的通知',内蒙古自治区科学技术厅,2017-09-18,现行有效,地方政府规章及文件
'海南省人民政府办公厅关于加快发展健身休闲产业的实施意见',海南省人民政府办公厅,2017-09-14,现行有效,地方政府规章及文件
'巴彦淖尔市人民政府办公室关于推进农村牧区一二三产业融合发展的实施意见',巴彦淖尔市人民政府办公室,2017-08-26,现行有效,地方政府规章及文件
'赤峰市人民政府办公厅关于印发赤峰市2017年肉牛、肉羊、生猪产业推进实施方案的通知',赤峰市人民政府办公厅,2017-08-08,现行有效,地方政府规章及文件
'赤峰市人民政府办公厅关于进一步规范生猪产业发展的通知',赤峰市人民政府办公厅,2017-08-08,现行有效,地方政府规章及文件
'海南州人民政府办公室关于印发海南州绿色产业发展基金管理办法的通知',海南藏族自治州人民政府办公室,2017-07-27,现行有效,地方政府规章及文件
'内蒙古自治区人民政府办公厅关于印发自治区石化产业调结构促转型增效益实施方案的通知',内蒙古自治区人民政府办公厅,2017-07-14,现行有效,地方政府规章及文件
'赤峰市人民政府办公厅关于印发赤峰市工业园区产业发展规划(2017-2025年)的通知',赤峰市人民政府办公厅,2017-07-11,现行有效,地方政府规章及文件
'海南省人民政府办公厅关于印发海南省农村低保对象、特困人员教育医疗住房保障和产业扶持实施办法的通知',海南省人民政府办公厅,2017-07-11,现行有效,地方政府规章及文件
'赤峰市人民政府办公厅关于成立赤峰高新技术产业开发区能源规划工作领导小组的通知',赤峰市人民政府办公厅,2017-07-04,现行有效,地方政府规章及文件
'海南省人民政府关于印发海南省特色产业小镇建设三年行动计划的通知',海南省人民政府,2017-06-15,现行有效,地方政府规章及文件
'海南省人民政府关于印发海南省特色产业小镇发展基金设立方案的通知',海南省人民政府,2017-06-09,现行有效,地方政府规章及文件
'赤峰市人民政府办公厅关于印发赤峰市电子信息产业“十三五”发展规划的通知',赤峰市人民政府办公厅,2017-05-18,现行有效,地方政府规章及文件
'巴彦淖尔市人民政府关于印发招商引资促进产业发展优惠政策的通知',巴彦淖尔市人民政府,2017-05-04,现行有效,地方政府规章及文件
'海南省人民政府关于同意海口桂林洋经济开发区认定为海南省省级高新技术产业开发区的批复',海南省人民政府,2017-04-29,现行有效,地方政府规章及文件
'海南省农业厅、海南省财政厅关于开展国家现代农业产业园创建工作的函',海南省农业厅;海南省财政厅,2017-04-11,现行有效,地方政府规章及文件
'海南省人民政府办公厅关于推进农村一二三产业融合发展的实施意见',海南省人民政府办公厅,2017-04-05,现行有效,地方政府规章及文件
'海南省人民政府办公厅关于印发海南省省级高新技术产业开发区认定管理办法的通知',海南省人民政府办公厅,2017-03-16,现行有效,地方政府规章及文件
'海南省人民政府办公厅关于印发海南省油气产业“十三五”发展规划指导意见的通知',海南省人民政府办公厅,2017-03-13,现行有效,地方政府规章及文件
'内蒙古自治区人民政府办公厅关于印发自治区促进医药产业健康发展实施方案的通知',内蒙古自治区人民政府办公厅,2017-03-01,现行有效,地方政府规章及文件
'乌海市人民政府办公厅关于印发《乌海市促进旅游产业优先发展的优惠政策(试行)》的通知',乌海市人民政府办公厅,2017-02-14,现行有效,地方政府规章及文件
'海南省人民政府办公厅关于印发海南省医药产业“十三五”发展规划指导意见的通知',海南省人民政府办公厅,2017-01-18,现行有效,地方政府规章及文件
'赤峰市人民政府办公厅关于促进生猪产业健康发展的通知',赤峰市人民政府办公厅,2016-12-29,现行有效,地方政府规章及文件
'海南省人民政府办公厅关于印发海南省互联网产业“十三五”发展规划指导意见的通知',海南省人民政府办公厅,2016-12-27,现行有效,地方政府规章及文件
'海南省工业和信息化厅、海南省财政厅关于开展海南省互联网产业天使投资工作的通知',海南省工业和信息化厅;海南省财政厅,2016-10-19,现行有效,地方政府规章及文件
'海南省工业和信息化厅、海南省财政厅关于印发海南省互联网产业天使投资资金管理实施方案(试行)的通知',海南省工业和信息化厅;海南省财政厅,2016-09-20,现行有效,地方政府规章及文件
'海南省人民政府办公厅关于印发海南省互联网产业发展专项资金管理暂行办法的通知',海南省人民政府办公厅,2016-08-26,现行有效,地方政府规章及文件
'乌兰察布市人民政府办公厅关于印发《乌兰察布市发展云计算产业招商优惠政策》的通知',乌兰察布市人民政府办公厅,2016-06-26,现行有效,地方政府规章及文件
'通辽市人民政府办公厅关于加快发展通辽市南部四旗绿色产业的实施意见',通辽市人民政府办公厅,2015-09-30,现行有效,地方政府规章及文件
'中共呼伦贝尔市委员会、呼伦贝尔市人民政府关于印发《呼伦贝尔市工业和信息化产业转型升级实施方案》的通知',中共呼伦贝尔市委;呼伦贝尔市人民政府,2015,现行有效,地方政府规章及文件
'海南省人民政府办公厅关于印发海南省工业和信息产业发展专项资金管理暂行办法的通知',海南省人民政府办公厅,2014-12-29,现行有效,地方政府规章及文件
'内蒙古自治区人民政府办公厅关于推进农村牧区一二三产业融合发展的实施意见',内蒙古自治区人民政府办公厅,2016-10-24,现行有效,地方政府规章及文件
'海南省人民政府办公厅印发海南省关于促进医药产业健康发展实施意见的通知',海南省人民政府办公厅,2016-09-18,现行有效,地方政府规章及文件
'印发《关于加快口岸文化产业发展的意见》的通知',二连浩特市人民政府办公厅,2016-07-20,现行有效,地方政府规章及文件
'赤峰市人民政府关于贯彻落实《内蒙古自治区人民政府关于做好房地产去库存工作进一步促进房地产业稳步发展的意见》的通知',赤峰市人民政府,2016-05-31,现行有效,地方政府规章及文件
'内蒙古自治区财政厅、商务厅关于印发《内蒙古自治区养老服务产业政府引导基金管理暂行办法》的通知',内蒙古自治区财政厅;内蒙古自治区商务厅,2016-03-04,现行有效,地方政府规章及文件
'内蒙古自治区人民政府关于做好房地产去库存工作进一步促进房地产业稳步发展的意见',内蒙古自治区人民政府,2016-02-15,现行有效,地方政府规章及文件
'内蒙古自治区人民政府关于促进服务外包产业加快发展的实施意见',内蒙古自治区人民政府,2016-02-02,现行有效,地方政府规章及文件
'关于转发《国家火炬特色产业基地建设管理办法》的通知',内蒙古自治区科学技术厅,2015-10-21,现行有效,地方政府规章及文件
'关于印发《建立完善与产业发展相适应的重点建设项目促进就业联动机制的实施方案》的通知',二连浩特市人民政府办公厅,2015-10-21,现行有效,地方政府规章及文件
'海南省农业厅、海南省财政厅关于印发2015年现代农业生产发展资金扶持畜牧业转型升级等四个产业项目实施方案的通知',海南省农业厅;海南省财政厅,2015-10-10,现行有效,地方政府规章及文件
'海南省农业厅、海南省财政厅关于印发2015年现代农业生产发展资金扶持石斛等两个产业项目实施方案的通知',海南省农业厅;海南省财政厅,2015-10-10,现行有效,地方政府规章及文件
'海南省人力资源和社会保障厅关于印发《海南省人力资源社会保障领域支持12个重点产业发展若干意见》的通知',海南省人力资源和社会保障厅,2015-09-01,现行有效,地方政府规章及文件
'巴彦淖尔市人民政府关于转发《内蒙古自治区人民政府关于加快发展生产性服务业促进产业结构调整升级的实施意见》的通知',巴彦淖尔市人民政府,2015-07-06,现行有效,地方政府规章及文件
'兴安盟行政公署关于加快培育领军企业推进产业集群发展提升农牧业产业化经营水平的意见',兴安盟行政公署,2015-06-30,现行有效,地方政府规章及文件
'巴彦淖尔市人民政府办公厅转发内蒙古自治区人民政府办公厅转发《国务院办公厅关于加快应急产业发展意见》的通知',巴彦淖尔市人民政府办公厅,2015-06-16,现行有效,地方政府规章及文件
'海南省农业厅关于印发我省糖蔗产业结构调整指导性意见的通知',海南省农业厅,2015-06-02,现行有效,地方政府规章及文件
'赤峰市人民政府办公厅关于印发《赤峰市2015年肉牛、肉羊、生猪产业开发专项推进实施方案》的通知',赤峰市人民政府办公厅,2015-04-23,现行有效,地方政府规章及文件
'包头市人民代表大会常务委员会关于批准2014年稀土高新技术产业开发区决算的决议',包头市人民代表大会常务委员会,2015,现行有效,地方政府规章及文件
'内蒙古自治区财政厅、地税局、国税局关于在全区开展建筑业销售不动产业营业税改征增值税税收调查工作的通知',内蒙古自治区财政厅;内蒙古自治区地方税务局;内蒙古自治区国家税务局,2014-10-24,已失效,地方政府规章及文件
'海南省农业厅关于印发海南黑山羊(东山羊)产业发展规划(2014-2017年)的通知',海南省农业厅,2014-09-24,现行有效,地方政府规章及文件
'呼伦贝尔市人民政府办公厅关于印发《2014年呼伦贝尔市重点产业(项目)人才开发目录》的通知',呼伦贝尔市人民政府办公厅,2014-07-09,现行有效,地方政府规章及文件
'乌海市人民政府关于加快转型升级推进住宅产业现代化发展的实施意见',乌海市人民政府,2014-05-05,现行有效,地方政府规章及文件
'内蒙古自治区人民政府办公厅关于印发《内蒙古自治区创建新型工业化产业示范基地管理办法》的通知',内蒙古自治区人民政府办公厅,2014-03-31,现行有效,地方政府规章及文件
'阿拉善盟行政公署关于印发《促进阿拉善盟旅游产业发展的奖励扶持办法》(试行)、《阿拉善盟旅游发展专项资金管理办法》(试行)的通知',阿拉善盟行政公署,2014-03-19,已失效,地方政府规章及文件
'内蒙古自治区人民政府关于深化流通体制改革加快流通产业发展的实施意见',内蒙古自治区人民政府,2014-01-20,现行有效,地方政府规章及文件
'乌海市人民政府关于进一步加快葡萄产业发展的指导意见',乌海市人民政府,2014,现行有效,地方政府规章及文件
'乌兰察布市人民政府办公厅关于印发《乌兰察布市清洁能源输出基地产业发展规划(2013-2020年)》的通知',乌兰察布市人民政府办公厅,2013-12-16,现行有效,地方政府规章及文件
'阿拉善盟行政公署办公厅转发《内蒙古自治区人民政府关于促进有色金属产业发展若干意见》的通知',阿拉善盟行政公署办公厅,2013-12-05,现行有效,地方政府规章及文件
'内蒙古自治区人民政府关于促进有色金属产业发展的若干意见',内蒙古自治区人民政府,2013-11-18,现行有效,地方政府规章及文件
'内蒙古自治区人民政府关于产业结构调整的指导意见',内蒙古自治区人民政府,2013-11-07,现行有效,地方政府规章及文件
'阿拉善盟行政公署办公厅转发《内蒙古自治区人民政府办公厅关于印发<自治区级文化产业园区申报认定管理暂行办法>的通知》',阿拉善盟行政公署办公厅,2013-10-17,现行有效,地方政府规章及文件
'海南州人民政府办公室转发州统计局《关于加强第三产业统计工作实施意见》的通知',海南藏族自治州人民政府办公室,2013-09-28,现行有效,地方政府规章及文件
'内蒙古自治区人民政府关于印发《内蒙古自治区产业发展资金使用管理办法》的通知',内蒙古自治区人民政府,2013-09-02,现行有效,地方政府规章及文件
'乌兰察布市人民政府关于推进蔬菜产业发展的实施意见',乌兰察布市人民政府,2013-06-03,现行有效,地方政府规章及文件
'乌兰察布市人民政府关于加快推进马铃薯种薯产业发展的实施意见',乌兰察布市人民政府,2013-06-02,现行有效,地方政府规章及文件
'赤峰市人民政府关于培育和发展战略性新兴产业的实施意见',赤峰市人民政府,2013-05-20,现行有效,地方政府规章及文件
'呼伦贝尔市人民政府办公厅关于印发呼伦贝尔市2013年蔬菜产业发展实施方案的通知',呼伦贝尔市人民政府办公厅,2013-04-23,现行有效,地方政府规章及文件
'内蒙古自治区人民政府办公厅关于印发自治区级文化产业园区申报认定管理暂行办法的通知',内蒙古自治区人民政府办公厅,2013,现行有效,地方政府规章及文件
'内蒙古自治区人民政府关于振兴羊绒产业的意见',内蒙古自治区人民政府,2013,现行有效,地方政府规章及文件
'乌海市人民政府关于加快葡萄产业发展的指导意见',乌海市人民政府,2013,现行有效,地方政府规章及文件
'海南省人民政府办公厅关于印发海南省发展新型墙体材料产业指导意见的通知',海南省人民政府办公厅,2012-10-22,现行有效,地方政府规章及文件
'呼伦贝尔市人民政府办公厅关于印发《呼伦贝尔市绿色食品产业“十二五”发展规划》的通知',呼伦贝尔市人民政府办公厅,2012-10-18,现行有效,地方政府规章及文件
'阿拉善盟行政公署关于阿拉善盟促进石材产业健康发展指导意见',阿拉善盟行政公署,2012-09-02,现行有效,地方政府规章及文件
'内蒙古自治区人民政府关于进一步促进文化产业发展的若干政策意见',内蒙古自治区人民政府,2012-08-21,现行有效,地方政府规章及文件
'海南省林业局关于转发花卉考察组《赴重庆、四川、浙江考察花卉产业发展情况报告》的通知',海南省林业局,2012-05-14,现行有效,地方政府规章及文件
'关于印发内蒙古自治区机电和高新技术产业出口基地建设工作方案的通知',内蒙古自治区商务厅,2012-04-25,现行有效,地方政府规章及文件
'关于转发《包头市质量技术监督局青山区分局与包头装备制造产业园区管委会联合开展服务园区企业的具体措施》的通知',包头市质量技术监督局,2012-03-01,现行有效,地方政府规章及文件
'关于进一步做好自治区各类开发区工业园区物流园区产业基地规划管理工作的通知',内蒙古自治区住房和城乡建设厅,2012-02-27,现行有效,地方政府规章及文件
'海南省人民政府关于印发海南省促进高新技术产业发展若干规定的通知',海南省人民政府,2012-01-13,现行有效,地方政府规章及文件
'巴彦淖尔市人民政府办公厅印发关于贯彻落实加快培育和发展战略性新兴产业实施意见的实施方案的通知',巴彦淖尔市人民政府办公厅,2012,现行有效,地方政府规章及文件
'乌海市人民政府关于下达全市2011年推动重点工业产业科技发展扶持资金的通知',乌海市人民政府,2011-12-07,现行有效,地方政府规章及文件
'海南省人民政府印发关于支持文化产业加快发展若干政策的通知',海南省人民政府,2011-07-22,现行有效,地方政府规章及文件
'定安县人民政府办公室转发《海南省人民政府关于加快培育和发展战略性新兴产业实施意见》的通知',海南省定安县人民政府办公室,2011-07-07,现行有效,地方政府规章及文件
'定安县人民政府办公室转发《海南省人民政府办公厅关于加快我省热带作物产业发展意见》的通知',海南省定安县人民政府办公室,2011-06-22,现行有效,地方政府规章及文件
'阿拉善盟行政公署关于加快推进全盟风电和光电产业发展的意见',阿拉善盟行政公署,2011-06-07,现行有效,地方政府规章及文件
'巴彦淖尔市人民政府办公厅关于印发规范和加强煤炭洗选项目管理促进产业健康有序发展的意见的通知',巴彦淖尔市人民政府办公厅,2011-06-03,现行有效,地方政府规章及文件
'海南省人民政府办公厅关于加快我省热带作物产业发展的意见',海南省人民政府办公厅,2011-06-02,现行有效,地方政府规章及文件
'海南省人民政府办公厅关于加快热带花卉产业发展的指导意见',海南省人民政府办公厅,2011-06-02,现行有效,地方政府规章及文件
'海南省人民政府关于加快培育和发展战略性新兴产业的实施意见',海南省人民政府,2011-05-06,现行有效,地方政府规章及文件
'海南省人民政府关于承接产业转移的实施意见',海南省人民政府,2011-04-12,现行有效,地方政府规章及文件
'内蒙古自治区人民政府关于印发自治区以呼包鄂为核心沿黄河沿交通干线经济带重点产业发展若干政策规定的通知',内蒙古自治区人民政府,2011-04-06,现行有效,地方政府规章及文件
'内蒙古自治区人民政府办公厅关于促进电影产业繁荣发展的实施意见',内蒙古自治区人民政府办公厅,2011-04-01,现行有效,地方政府规章及文件
'海南省工业和信息化厅关于印发《海南省高技术产业发展项目管理暂行办法》的通知',海南省工业和信息化厅,2011-03-23,现行有效,地方政府规章及文件
'内蒙古自治区人民政府办公厅印发自治区贯彻落实国务院关于中西部地区承接产业转移指导意见重点工作分工方案的通知',内蒙古自治区人民政府办公厅,2011-03-17,现行有效,地方政府规章及文件
'海南省人民政府办公厅转发省文化广电出版体育厅等部门《关于推动海南省动漫产业发展实施意见》的通知',海南省人民政府办公厅,2011-01-24,现行有效,地方政府规章及文件
'赤峰市人民政府转发《内蒙古自治区人民政府关于加快发展沙产业的若干意见》的通知',赤峰市人民政府,2011-01-20,现行有效,地方政府规章及文件
'内蒙古自治区人民政府关于承接产业转移发展非资源型产业构建多元发展多极支撑工业体系的指导意见',内蒙古自治区人民政府,2011-01-07,现行有效,地方政府规章及文件
'乌海市人民政府关于深化企业改革优化产业结构实施意见',乌海市人民政府,2011,现行有效,地方政府规章及文件
'乌海市人民政府关于承接产业转移推进工业经济转型构建多元发展多级支撑工业体系的实施意见',乌海市人民政府,2011,现行有效,地方政府规章及文件
'内蒙古自治区人民政府关于加快发展沙产业的若干意见',内蒙古自治区人民政府,2010-12-28,现行有效,地方政府规章及文件
'内蒙古自治区人民政府办公厅关于印发《内蒙古自治区创建新型工业化产业示范基地管理办法（试行）》的通知',内蒙古自治区人民政府办公厅,2010-10-29,已失效,地方政府规章及文件
'内蒙古自治区人民政府办公厅关于印发贯彻落实《内蒙古自治区以呼包鄂为核心沿黄河沿交通干线经济带重点产业发展规划（2010—2020年）》工作分工方案的通知',内蒙古自治区人民政府办公厅,2010-09-28,现行有效,地方政府规章及文件
'内蒙古自治区人民政府关于印发自治区以呼包鄂为核心沿黄河沿交通干线经济带重点产业发展规划（2010—2020年）的通知',内蒙古自治区人民政府,2010-09-28,现行有效,地方政府规章及文件
'乌海市人民政府办公厅关于印发乌海市氯碱产业一体化建设指导意见的通知',乌海市人民政府办公厅,2010-08-05,现行有效,地方政府规章及文件
'乌海市人民政府办公厅关于印发乌海市规范提升发展石灰产业实施意见的通知',乌海市人民政府办公厅,2010-08-05,现行有效,地方政府规章及文件
'巴彦淖尔市人民政府办公厅关于加强铁矿开发项目管理促进产业健康有序发展的通知',巴彦淖尔市人民政府办公厅,2010-06-07,已失效,地方政府规章及文件
'关于印发满洲里市旅游产业奖励办法的通知',满洲里市人民政府办公厅,2010-05-19,已失效,地方政府规章及文件
'赤峰市人民政府关于加快文化产业发展的若干政策意见',赤峰市人民政府,2010-05-07,现行有效,地方政府规章及文件
'通辽市人民政府办公厅关于印发通辽市2010年加快肉牛产业发展实施方案的通知',通辽市人民政府办公厅,2010-03-01,现行有效,地方政府规章及文件
'海南省住房和城乡建设厅关于规范房地产市场秩序促进房地产业平稳健康发展的通知',海南省住房和城乡建设厅,2010-01-21,现行有效,地方政府规章及文件
'呼伦贝尔市人民政府关于贯彻落实国家重点产业调整和振兴规划的实施意见',呼伦贝尔市人民政府,2010-01-18,现行有效,地方政府规章及文件
'海南省人民政府关于印发海南省产业发展引导资金管理暂行办法的通知',海南省人民政府,2010-01-16,现行有效,地方政府规章及文件
'内蒙古自治区水利厅关于鄂尔多斯羊绒工业园整体搬迁产业升级改造建设项目水土保持方案报告书的批复',内蒙古自治区水利厅,2010,现行有效,地方政府规章及文件
'乌海市人民政府办公厅关于印发乌海市发展PVC深加工产业指导意见的通知',乌海市人民政府办公厅,2010,现行有效,地方政府规章及文件
'乌海市人民政府办公厅关于印发乌海市规范提升发展电石产业实施意见的通知',乌海市人民政府办公厅,2010,现行有效,地方政府规章及文件
'阿拉善盟行政公署转发《自治区人民政府印发关于扶持羊绒产业发展实施方案的通知》',阿拉善盟行政公署,2009-12-07,现行有效,地方政府规章及文件
'海南省科技厅关于印发《海南省产业技术创新战略联盟认定和管理暂行办法》的通知',海南省科学技术厅,2009-11-16,现行有效,地方政府规章及文件
'关于印发《内蒙古自治区产业技术创新战略联盟审核工作程序》的通知',内蒙古自治区科学技术厅,2009-10-30,现行有效,地方政府规章及文件
'海南省农业厅关于促进香蕉产业健康发展的意见',海南省农业厅,2009-09-18,现行有效,地方政府规章及文件
'青山湖区人民政府转发洪府发[2009]33号文《关于推进服务外包产业发展的若干政策的通知》',南昌市青山湖区人民政府,2009-09-07,现行有效,地方政府规章及文件
'海南省地方税务局转发《财政部、国家税务总局关于扶持动漫产业发展有关税收政策问题的通知》',海南省地方税务局,2009-08-12,现行有效,地方政府规章及文件
'关于转发《乳制品工业产业政策(2009年修订)》的通知',内蒙古自治区经济委员会,2009-07-21,现行有效,地方政府规章及文件
'内蒙古自治区关于推动产业技术创新战略联盟构建的实施意见',内蒙古自治区科学技术厅;内蒙古自治区财政厅;内蒙古自治区教育厅;内蒙古自治区人民政府国有资产监督管理委员会;内蒙古自治区发展和改革委员会;内蒙古自治区经济委员会;内蒙古自治区国家税务局;内蒙古自治区地方税务局;内蒙古自治区人民政府金融工作办公室;国家开发银行内蒙古自治区分行;内蒙古自治区总工会,2009-07-20,现行有效,地方政府规章及文件
'海南省财政厅、海南省工业和信息化厅关于印发《海南省电子信息产业发展专项资金管理暂行办法》的通知',海南省财政厅;海南省工业和信息化厅,2009-05-22,现行有效,地方政府规章及文件
'内蒙古自治区人民政府办公厅关于印发全区工业重点领域承接发达地区产业转移工作方案的通知',内蒙古自治区人民政府办公厅,2009-04-27,现行有效,地方政府规章及文件
'中共青山湖区委、青山湖区人民政府关于大力实施“1810”产业发展攻坚战略的意见',中共南昌市青山湖区委;南昌市青山湖区人民政府,2009-02-26,现行有效,地方政府规章及文件
'关于规范乳制品生产许可产业政策认定申报工作的通知',内蒙古自治区经济委员会,2009,现行有效,地方政府规章及文件
'海南省人民政府关于促进产业发展的指导意见',海南省人民政府,2008-11-29,现行有效,地方政府规章及文件
'海南省人民政府关于印发海南省鼓励软件产业和电子信息制造业发展政策的通知',海南省人民政府,2008-11-24,现行有效,地方政府规章及文件
'海南省人民政府关于促进房地产业持续稳定健康发展的意见',海南省人民政府,2008-11-19,现行有效,地方政府规章及文件
'海南省工业经济与信息产业局、海南省财政厅关于印发《海南省节能专项资金管理办法》的通知',海南省工业经济与信息产业局;海南省财政厅,2008-11-11,现行有效,地方政府规章及文件
'通辽市人民政府关于印发通辽市促进蒙医药产业创新发展实施方案的通知',通辽市人民政府,2008-10-14,现行有效,地方政府规章及文件
'转发中华全国总工会关于印发全国产业工会工作会议重要文件的通知',内蒙古自治区卫生厅,2008-08-07,现行有效,地方政府规章及文件
'阿拉善盟行政公署办公室关于印发阿拉善盟承接发达地区产业转移工作方案的通知',阿拉善盟行政公署办公室,2008-07-24,现行有效,地方政府规章及文件
'阿拉善盟行政公署转发《内蒙古自治区人民政府关于做好承接发达地区产业转移的指导意见》的通知',阿拉善盟行政公署,2008-07-21,现行有效,地方政府规章及文件
'包头市人民政府关于印发包头市承接适合地区发展产业转移实施方案（试行）的通知',包头市人民政府,2008-07-10,现行有效,地方政府规章及文件
'海南省档案局、海南省发展与改革厅、海南省工业经济与信息产业局关于转发国家电子政务工程建设项目档案管理暂行办法的通知',海南省档案局;海南省发展与改革厅;海南省工业经济与信息产业局,2008-06-13,现行有效,地方政府规章及文件
'内蒙古自治区人民政府关于做好承接发达地区产业转移的指导意见',内蒙古自治区人民政府,2008-05-13,现行有效,地方政府规章及文件
'赤峰市人民政府办公厅关于印发赤峰市2008年肉羊产业开发专项推进实施方案的通知',赤峰市人民政府办公厅,2008-03-17,已失效,地方政府规章及文件
'巴彦淖尔市人民政府办公厅关于加快天然气汽车产业发展有关事宜的通知',巴彦淖尔市人民政府办公厅,2008-03-03,现行有效,地方政府规章及文件
'内蒙古自治区人民政府关于“十一五”后三年全区工业重点行业产业结构调整的指导意见',内蒙古自治区人民政府,2008-01-24,现行有效,地方政府规章及文件
'内蒙古自治区人民政府关于十一五后三年全区工业重点行业产业结构调整的指导意见',内蒙古自治区人民政府,2008-01-24,现行有效,地方政府规章及文件
'包头市人民政府办公厅关于印发第三产业重点项目调度监管办法的通知',包头市人民政府办公厅,2008-01-23,现行有效,地方政府规章及文件
'乌海市人民政府关于煤炭洗选焦化产业发展的指导意见',乌海市人民政府,2008,现行有效,地方政府规章及文件
'乌海市人民政府办公厅关于转发《内蒙古自治区人民政府办公厅关于规范管理外省区人员流入我区从事第一产业的通知》的通知',乌海市人民政府办公厅,2007-12-28,现行有效,地方政府规章及文件
'内蒙古自治区人民政府办公厅关于规范管理外省区人员流入我区从事第一产业的通知',内蒙古自治区人民政府办公厅,2007-12-04,已失效,地方政府规章及文件
'关于印发加快产业结构调整削减污染排放总量若干意见的通知',呼和浩特市人民政府,2007-06-24,现行有效,地方政府规章及文件
'巴彦淖尔市人民政府办公厅关于印发《巴彦淖尔市番茄产业(2007--2010年)发展规划》的通知',巴彦淖尔市人民政府办公厅,2007-06-18,现行有效,地方政府规章及文件
'海南省人事劳动保障厅、海南省农业厅、海南省工业经济与信息产业局、海南省水务局、海南省林业局、海南省电力协会、海南省企业家协会关于印发《海南省实施专业技术人才知识更新工程(“653工程”)工作方案》的通知',海南省人事劳动保障厅;海南省农业厅;海南省工业经济与信息产业局;海南省水务局;海南省林业局;海南省电力协会;海南省企业家协会,2007-06-14,现行有效,地方政府规章及文件
'锡林郭勒盟行政公署办公厅关于加强第三产业统计工作的通知',锡林郭勒盟行政公署办公厅,2007-06-12,现行有效,地方政府规章及文件
'海南省人民政府印发海南省支持文化体制改革和文化事业文化产业发展若干政策的通知',海南省人民政府,2007-04-16,现行有效,地方政府规章及文件
'巴彦淖尔市人民政府办公厅转发关于优化番茄产业发展环境的意见的通知',巴彦淖尔市人民政府办公厅,2007-01-29,现行有效,地方政府规章及文件
'海南省人民政府办公厅印发关于促进银行卡产业发展指导意见的通知',海南省人民政府办公厅,2006-10-24,现行有效,地方政府规章及文件
'内蒙古自治区人民政府关于印发自治区林业产业发展规划纲要（2006年—2010年）的通知',内蒙古自治区人民政府,2006-07-03,现行有效,地方政府规章及文件
