'山东省人民政府办公厅关于加快食品产业高质量发展若干措施的通知',山东省人民政府办公厅,2020-12-26,现行有效,地方政府规章及文件
'山东省工业和信息化厅关于印发《山东省特色产业集群管理办法》的通知',山东省工业和信息化厅,2020-09-04,现行有效,地方政府规章及文件
'山东省人民政府办公厅印发关于加快优质专用小麦产业创新发展若干措施的通知',山东省人民政府办公厅,2020-08-19,现行有效,地方政府规章及文件
'山东省人民政府办公厅关于印发山东省氢能产业中长期发展规划(2020-2030年)的通知',山东省人民政府办公厅,2020-06-17,现行有效,地方政府规章及文件
'临沂市人民政府关于印发《临沂市新型产业用地管理暂行办法》的通知',临沂市人民政府,2020-05-28,现行有效,地方政府规章及文件
'山东省人民政府办公厅关于印发山东省推动苹果产业高质量发展行动计划的通知',山东省人民政府办公厅,2020-03-22,现行有效,地方政府规章及文件
'山东省人民政府办公厅关于印发济青烟国际招商产业园建设行动方案(2020-2025年)的通知',山东省人民政府办公厅,2020-03-22,现行有效,地方政府规章及文件
'关于支持机器人产业加快发展若干政策措施的通知',青岛市人民政府办公厅,2020-03-18,现行有效,地方政府规章及文件
'山东省人民政府办公厅关于应对新冠肺炎疫情影响促进文化和旅游产业健康发展的若干意见',山东省人民政府办公厅,2020-03-08,现行有效,地方政府规章及文件
'关于支持生物医药产业高质量发展若干政策措施的通知',青岛市人民政府办公厅,2020-02-06,现行有效,地方政府规章及文件
'青岛市人民政府关于向青岛轨道交通产业示范区赋予市级自然资源和规划管理权限的决定',青岛市人民政府,2020-01-12,现行有效,地方政府规章及文件
'山东省人民政府办公厅关于加快推动软件产业高质量发展的实施意见',山东省人民政府办公厅,2020-01-10,现行有效,地方政府规章及文件
'关于加快推进农业机械化和农机装备产业转型升级的实施意见',青岛市人民政府,2019-12-17,现行有效,地方政府规章及文件
'山东省人民政府办公厅关于加快5G产业发展的实施意见',山东省人民政府办公厅,2019-11-14,现行有效,地方政府规章及文件
'山东省市场监督管理局关于印发《山东省广告产业园区认定管理办法》的通知',山东省市场监督管理局,2019-10-18,现行有效,地方政府规章及文件
'关于加快新能源汽车产业发展若干政策措施的通知',青岛市人民政府办公厅,2019-09-18,现行有效,地方政府规章及文件
'关于修订广州南沙新区(自贸片区)促进旅游产业发展扶持办法的通知',广州市南沙区文化广电旅游体育局,2019-07-25,现行有效,地方政府规章及文件
'广州市南沙区人民政府办公室关于修订广州南沙新区(自贸片区)促进邮轮产业发展扶持办法的通知',广州市南沙区人民政府办公室,2019-07-18,现行有效,地方政府规章及文件
'山东省人民政府关于加快推进农业机械化和农机装备产业转型升级的实施意见',山东省人民政府,2019-07-11,现行有效,地方政府规章及文件
'山东省人民政府关于大力推进“现代优势产业集群+人工智能”的指导意见',山东省人民政府,2019-05-17,现行有效,地方政府规章及文件
'山东省农业农村厅关于印发《水果产业防灾减灾工作指导意见》的通知',山东省农业农村厅,2019-04-19,现行有效,地方政府规章及文件
'关于印发青岛市超高清视频产业发展行动计划(2019—2022年)的通知',青岛市人民政府办公厅,2019-04-19,现行有效,地方政府规章及文件
'关于印发青岛市重点工业产业集聚区创建提升三年行动计划(2019—2021年)的通知',青岛市人民政府,2019-03-26,现行有效,地方政府规章及文件
'山东省人民政府关于建立山东产业技术研究院推动创新发展的框架意见',山东省人民政府,2019-02-02,现行有效,地方政府规章及文件
'山东省人民政府办公厅关于印发山东省秸秆人造板产业发展三年行动方案(2019-2021年)的通知',山东省人民政府办公厅,2019-01-05,现行有效,地方政府规章及文件
'临沂市人民政府关于印发临沂市医养健康产业发展规划(2018-2022年)的通知',临沂市人民政府,2018-12-18,现行有效,地方政府规章及文件
'山东省人民政府关于印发山东省影视产业发展规划(2018—2022年)的通知',山东省人民政府,2018-12-15,现行有效,地方政府规章及文件
'山东省发展和改革委员会关于印发《山东省通用飞机产业发展规划》的通知',山东省发展和改革委员会,2018-11-29,现行有效,地方政府规章及文件
'山东省人民政府关于印发中韩(烟台)产业园建设实施方案的通知',山东省人民政府,2018-11-14,现行有效,地方政府规章及文件
'山东省财政厅、山东省教育厅、山东省科学技术厅关于印发教育服务新旧动能转换专业对接产业项目资金管理办法的通知',"山东省财政厅
;山东省教育厅;山东省科学技术厅",2018-11-12,现行有效,地方政府规章及文件
'关于印发青岛市医养健康产业发展规划(2018—2022年)的通知',青岛市人民政府,2018-11-12,现行有效,地方政府规章及文件
'关于印发《山东省新一代人工智能产业发展三年行动计划(2018-2020年)》的通知',山东省工业和信息化厅,2018-11-06,现行有效,地方政府规章及文件
'山东省人民政府关于印发山东省新一代信息技术产业专项规划(2018-2022年)的通知',山东省人民政府,2018-10-28,现行有效,地方政府规章及文件
'山东省人民政府关于印发山东省新材料产业发展专项规划(2018—2022年)的通知',山东省人民政府,2018-10-26,现行有效,地方政府规章及文件
'聊城市人民政府办公室关于加快推进农业供给侧结构性改革大力发展粮食产业经济的实施意见',聊城市人民政府办公室,2018-10-10,现行有效,地方政府规章及文件
'山东省发展和改革委员会转发国家发展改革委、国家能源局《关于深入推进煤电联营促进产业升级的补充通知》的通知',山东省发展和改革委员会,2018-09-28,现行有效,地方政府规章及文件
'山东省人民政府关于印发山东省现代金融产业发展规划(2018-2022年)的通知',山东省人民政府,2018-09-27,现行有效,地方政府规章及文件
'山东省人民政府关于印发山东省新能源产业发展规划(2018-2028年)的通知',山东省人民政府,2018-09-17,现行有效,地方政府规章及文件
'山东省经济和信息化委员会、山东省发展和改革委员会、山东省科学技术厅关于印发《济南市、枣庄市高档数控机床产业基地实施方案(2018-2022年)》的通知',山东省经济和信息化委员会;山东省发展和改革委员会;山东省科学技术厅,2018-09-04,现行有效,地方政府规章及文件
'山东省农业厅关于实施农产品加工业提升与农村一二三产业融合发展推进行动的通知',山东省农业厅,2018-08-22,现行有效,地方政府规章及文件
'茶陵县人民政府办公室关于印发《创建茶陵县现代农业特色产业集聚区的实施意见(2018—2020年)(试行)》的通知',株洲市茶陵县人民政府办公室,2018-08-13,现行有效,地方政府规章及文件
'山东省财政厅、山东省教育厅、山东省科学技术厅关于印发教育服务新旧动能转换专业对接产业项目实施意见的通知',"山东省财政厅
;山东省教育厅;山东省科学技术厅",2018-07-26,现行有效,地方政府规章及文件
'山东省农业厅关于实施贫困村“一村一品”产业推进行动的通知',山东省农业厅,2018-06-26,现行有效,地方政府规章及文件
'山东省人民政府关于印发山东省医养健康产业发展规划(2018-2022年)的通知',山东省人民政府,2018-06-25,现行有效,地方政府规章及文件
'关于在新旧动能转换中推动青岛文化创意产业跨越式发展的若干意见',青岛市人民政府,2018-06-22,现行有效,地方政府规章及文件
'山东省国土资源厅、山东省扶贫开发领导小组办公室、山东省发展和改革委员会关于保障和规范光伏发电产业项目用地管理的通知',山东省国土资源厅;山东省扶贫开发领导小组办公室;山东省发展和改革委员会,2018-06-16,现行有效,地方政府规章及文件
'山东省财政厅、山东省体育局关于印发山东省省级体育产业发展资金管理暂行办法的通知',山东省财政厅;山东省体育局,2018-06-14,已失效,地方政府规章及文件
'关于印发《山东省汽车产业中长期发展规划(2018-2025年)》的通知',山东省经济和信息化委员会;山东省发展和改革委员会;山东省科学技术厅,2018-06-07,现行有效,地方政府规章及文件
'关于加快建设粮食产业经济强市的实施意见',青岛市人民政府办公厅,2018-06-01,现行有效,地方政府规章及文件
'茶陵县人民政府办公室关于印发《茶陵县2018年“产业项目建设年”活动设施配套行动实施方案》的通知',株洲市茶陵县人民政府办公室,2018-05-24,现行有效,地方政府规章及文件
'聊城市人民政府办公室关于印发《聊城市小微企业治理结构和产业结构“双升”战略实施方案》的通知',聊城市人民政府办公室,2018-04-19,现行有效,地方政府规章及文件
'关于印发《山东省新材料产业“1351”工程实施方案(2018-2020年)》的通知',山东省经济和信息化委员会;山东省发展和改革委员会;山东省财政厅;山东省人力资源和社会保障厅,2018-01-25,已失效,地方政府规章及文件
'关于转发《国家发展改革委、工业和信息化部关于促进石化产业绿色发展的指导意见》的通知',山东省发展和改革委员会;山东省经济和信息化委员会,2018-01-09,现行有效,地方政府规章及文件
'山东省人民政府办公厅关于加快推进农业供给侧结构性改革大力发展粮食产业经济的实施意见',山东省人民政府办公厅,2018-01-09,现行有效,地方政府规章及文件
'山东省人民政府办公厅关于印发山东省地理信息产业发展规划(2017-2025年)的通知',山东省人民政府办公厅,2018-01-09,现行有效,地方政府规章及文件
'茶陵县人民政府办公室关于印发《茶陵县易地扶贫搬迁后续产业扶持实施方案》的通知',株洲市茶陵县人民政府办公室,2017-12-19,现行有效,地方政府规章及文件
'日照市人民政府办公室关于印发日照市钢铁及配套产业等十个产业转型升级实施方案的通知',日照市人民政府办公室,2017-12-16,现行有效,地方政府规章及文件
'山东省人民政府办公厅关于推进石化产业调结构促转型增效益的通知',山东省人民政府办公厅,2017-11-27,现行有效,地方政府规章及文件
'茶陵县人民政府办公室关于印发《茶陵县“小而优”产业扶贫投资基金投放管理工作实施方案》的通知',株洲市茶陵县人民政府办公室,2017-11-17,现行有效,地方政府规章及文件
'山东省人民政府办公厅关于支持返乡下乡人员创业创新促进农村一二三产业融合发展的实施意见',山东省人民政府办公厅,2017-10-13,现行有效,地方政府规章及文件
'山东省住房和城乡建设厅关于印发《山东省装配式建筑产业基地管理办法》的通知',山东省住房和城乡建设厅,2017-09-05,现行有效,地方政府规章及文件
'山东省人民政府关于贯彻国发(2016)60号文件加快发展康复辅助器具产业的实施意见',山东省人民政府,2017-09-04,现行有效,地方政府规章及文件
'中站区人民政府办公室关于印发焦作西部产业集聚区征迁安置工作方案的通知',焦作市中站区人民政府办公室,2017-09-03,现行有效,地方政府规章及文件
'山东省农业厅、山东省财政厅关于做好2017年农村一二三产业融合发展项目实施工作的通知',山东省农业厅;山东省财政厅,2017-08-16,现行有效,地方政府规章及文件
'山东省农业厅关于加强科学指导促进蔬菜产业持续健康发展的通知',山东省农业厅,2017-08-08,现行有效,地方政府规章及文件
"'北川羌族自治县人民政府关于印发《四川北川经济开发区(绵阳科技城〈北川〉通用航空产业园)""十三五""发展规划》的通知'",绵阳市北川羌族自治县人民政府,2017-08-05,现行有效,地方政府规章及文件
'关于开展山东省创新型产业集群和高新技术产业化基地建设工作的通知',山东省科学技术厅,2017-08-03,现行有效,地方政府规章及文件
'重庆市南川区人民政府关于贯彻落实区人大常委会关于茶叶产业发展情况报告审议意见的通知',重庆市南川区人民政府,2017-08-01,现行有效,地方政府规章及文件
'关于征集2017年山东省节能环保产业新技术、装备(产品)推广目录的通知',山东省经济和信息化委员会;山东省人民政府节约能源办公室,2017-07-24,现行有效,地方政府规章及文件
'山东省人民政府办公厅关于印发山东省小微企业治理结构和产业结构“双升”战略实施方案的通知',山东省人民政府办公厅,2017-07-21,现行有效,地方政府规章及文件
'关于支持返乡下乡人员创业创新促进农村一二三产业融合发展的实施意见',青岛市人民政府办公厅,2017-07-21,现行有效,地方政府规章及文件
'关于印发青岛市加快实施现代产业精准招商行动计划的通知',青岛市人民政府,2017-07-19,现行有效,地方政府规章及文件
'关于组织申报省级软件产业园区、大数据产业聚集区的通知',山东省经济和信息化委员会,2017-07-18,现行有效,地方政府规章及文件
'关于立即执行化工产业安全生产转型升级专项行动八条断然措施的通知',山东省化工产业安全生产转型升级专项行动领导小组办公室,2017-07-15,现行有效,地方政府规章及文件
'山东省农业厅、山东省财政厅关于做好2017年农村一二三产业融合发展项目申报工作的通知',山东省农业厅;山东省财政厅,2017-07-13,现行有效,地方政府规章及文件
'关于公布第二批山东省节能环保产业公共服务示范平台名单的通知',山东省经济和信息化委员会;山东省人民政府节约能源办公室,2017-07-10,现行有效,地方政府规章及文件
'山东省海洋与渔业厅、山东省发展和改革委员会、山东省科学技术厅关于开展山东省科技兴海产业示范基地申报工作的通知',山东省海洋与渔业厅;山东省发展和改革委员会;山东省科学技术厅,2017-06-29,现行有效,地方政府规章及文件
'北川羌族自治县人民政府办公室关于印发《北川羌族自治县农村产业扶持基金使用管理实施细则》的通知',绵阳市北川羌族自治县人民政府办公室,2017-06-29,现行有效,地方政府规章及文件
'茶陵县人民政府办公室关于印发《2017年茶陵县产业扶贫实施意见》的通知',株洲市茶陵县人民政府办公室,2017-06-27,现行有效,地方政府规章及文件
'关于加快发展健身休闲产业的实施意见',青岛市人民政府办公厅,2017-06-23,现行有效,地方政府规章及文件
'关于印发《山东省化工产业安全隐患大排查快整治严执法紧急行动方案》的通知',山东省化工产业安全生产转型升级专项行动领导小组,2017-06-22,现行有效,地方政府规章及文件
'关于组织申报支柱产业集群和主导产业集群的通知',山东省经济和信息化委员会;山东省财政厅,2017-06-12,现行有效,地方政府规章及文件
'重庆市南川区人民政府办公室关于印发2017年金佛山古树茶中药材方竹笋三大产业发展工作方案的通知',重庆市南川区人民政府办公室,2017-05-12,现行有效,地方政府规章及文件
'关于申报工信部产业互联网集成服务解决方案的通知',山东省经济和信息化委员会软件和信息服务业处,2017-05-03,现行有效,地方政府规章及文件
'关于推进农村一二三产业融合发展的实施意见',青岛市人民政府办公厅,2017-05-03,现行有效,地方政府规章及文件
'日照市人民政府办公室关于印发日照市茶产业发展扶持政策试行办法的通知',日照市人民政府办公室,2017-04-19,现行有效,地方政府规章及文件
'鄢陵县人民政府办公室关于印发鄢陵县现代农业产业园建设实施意见和鄢陵县推进都市生态休闲观光农业发展实施意见的通知',许昌市鄢陵县人民政府办公室,2017-04-12,现行有效,地方政府规章及文件
'宁陵县人民政府关于印发宁陵县产业扶贫就业基地带贫企业设施农业财政支持奖补意见的通知',商丘市宁陵县人民政府,2017-03-31,现行有效,地方政府规章及文件
'中共山东省委组织部、山东省人力资源和社会保障厅、山东省财政厅关于做好2017年泰山产业领军人才工程产业技能类申报工作的通知',中共山东省委组织部;山东省人力资源和社会保障厅;山东省财政厅,2017-03-15,现行有效,地方政府规章及文件
'重庆市南川区人民政府办公室关于做好2017年茶叶产业发展工作的通知',重庆市南川区人民政府办公室,2017-03-14,现行有效,地方政府规章及文件
'关于做好2017年泰山产业领军人才工程传统产业创新类申报工作的通知',中共山东省委组织部;山东省经济和信息化委员会;山东省财政厅,2017-03-13,现行有效,地方政府规章及文件
'关于印发《山东省文化产业示范园区创建管理办法》的通知',山东省文化厅,2017-03-13,现行有效,地方政府规章及文件
'关于印发《山东省文化产业示范基地认定管理办法》的通知',山东省文化厅,2017-03-13,现行有效,地方政府规章及文件
'山东省人民政府关于印发山东省“十三五”战略性新兴产业发展规划的通知',山东省人民政府,2017-03-09,现行有效,地方政府规章及文件
'关于公布第三批山东省高端装备制造产业基地(园区)复核结果的通知',山东省经济和信息化委员会,2017-01-19,现行有效,地方政府规章及文件
'山东省人民政府办公厅关于加快我省轨道交通装备产业发展的指导意见',山东省人民政府办公厅,2017-01-16,现行有效,地方政府规章及文件
'北川羌族自治县人民政府办公室关于印发《北川羌族自治县2017年农业产业精准脱贫意见》的通知',绵阳市北川羌族自治县人民政府办公室,2017-01-14,现行有效,地方政府规章及文件
'关于印发青岛市“十三五”战略性新兴产业发展规划的通知',青岛市人民政府办公厅,2017-01-13,现行有效,地方政府规章及文件
'山东省农业厅关于对2015年现代农业生产发展资金果菜产业项目进行验收的通知',山东省农业厅,2017-01-13,现行有效,地方政府规章及文件
'关于贯彻鲁政发(2016)20号文件推动资本市场发展和重点产业转型升级若干政策措施的通知',青岛市人民政府,2017-01-09,已失效,地方政府规章及文件
'关于加快食品生产小作坊集中产业园和特色食品加工基地建设实施方案的通知',青岛市人民政府办公厅,2017-01-09,现行有效,地方政府规章及文件
'关于印发《支持重点企业加快引进高层次产业人才实施办法》的通知',中共山东省委组织部;山东省经济和信息化委员会;山东省科学技术厅;山东省财政厅,2017-01-04,现行有效,地方政府规章及文件
'中共山东省委组织部、山东省经济和信息化委员会、山东省科技厅、山东省财政厅关于印发《支持重点企业加快引进高层次产业人才实施办法》的通知',中共山东省委组织部;山东省经济和信息化委员会;山东省科学技术厅;山东省财政厅,2017-01-04,现行有效,地方政府规章及文件
'山东省海洋与渔业厅、山东省发展和改革委员会、山东省科学技术厅关于印发《山东省科技兴海产业示范基地认定管理办法》的通知',山东省海洋与渔业厅;山东省发展和改革委员会;山东省科学技术厅,2017,已失效,地方政府规章及文件
'关于印发《山东省省级软件产业园区认定管理办法》的通知',山东省经济和信息化委员会,2016-12-30,现行有效,地方政府规章及文件
'山东省产业技术创新“十三五”规划',山东省经济和信息化委员会,2016-12-26,现行有效,地方政府规章及文件
'关于组织申报2017年全省节能环保产业重点项目的通知',山东省经济和信息化委员会;山东省人民政府节约能源办公室,2016-12-21,现行有效,地方政府规章及文件
'关于申报山东省节能环保产业公共服务示范平台的通知',山东省经济和信息化委员会;山东省人民政府节约能源办公室,2016-12-21,现行有效,地方政府规章及文件
'重庆市南岸区人民政府办公室关于印发《南岸区移动终端产业发展规划(2016-2020年)》的通知',重庆市南岸区人民政府办公室,2016-12-09,现行有效,地方政府规章及文件
'日照市人民政府关于促进房地产业和建筑业平稳健康发展的意见',日照市人民政府,2016-04-25,已失效,地方政府规章及文件
'临沂市人民政府办公室关于印发临沂市产业引导基金管理办法的通知',临沂市人民政府办公室,2015-07-10,已失效,地方政府规章及文件
'临沂市人民政府办公室转发市化工产业推进办《关于推进我市化工产业健康发展的实施意见》的通知',临沂市人民政府办公室,2014-07-09,现行有效,地方政府规章及文件
'重庆市南岸区人民政府办公室关于印发《南岸区加快推动移动终端产业技术创新扶持办法》的通知',重庆市南岸区人民政府办公室,2016-12-09,已失效,地方政府规章及文件
'关于印发《山东省节能环保产业发展规划(2016-2020年)》的通知',山东省经济和信息化委员会;山东省人民政府节约能源办公室,2016-11-29,现行有效,地方政府规章及文件
'关于对第三批山东省高端装备制造产业基地(园区)进行复核的通知',山东省经济和信息化委员会装备产业处,2016-11-21,现行有效,地方政府规章及文件
'山东省文化厅关于开展全省文化产业园区、基地清理检查工作的通知',山东省文化厅,2016-11-09,现行有效,地方政府规章及文件
'省环保厅、省科技厅、省商务厅关于撤销青岛新天地静脉产业园省级生态工业园区称号的通知',山东省环境保护厅;山东省科学技术厅;山东省商务厅,2016-11-03,现行有效,地方政府规章及文件
'茶陵县人民政府办公室关于印发《茶陵县农村一二三产业融合发展试点工作实施方案》的通知',株洲市茶陵县人民政府办公室,2016-10-19,现行有效,地方政府规章及文件
'关于进一步加强产业园区规划环境影响评价管理工作的通知',山东省环境保护厅办公室,2016-10-14,现行有效,地方政府规章及文件
'关于拟定泰山产业领军人才工程(传统产业)创新类工作合同的通知',山东省经济和信息化委员会,2016-09-19,现行有效,地方政府规章及文件
'重庆市南川区人民政府关于加快发展体育产业促进体育消费的通知',重庆市南川区人民政府,2016-09-13,现行有效,地方政府规章及文件
'山东省人民政府关于山东省中药材产业提质增效转型升级实施方案(2016-2020年)的批复',山东省人民政府,2016-09-02,现行有效,地方政府规章及文件
'关于印发青岛市促进医药产业健康发展实施方案的通知',青岛市人民政府办公厅,2016-09-01,现行有效,地方政府规章及文件
'山东省人民政府办公厅关于印发山东省农业高新技术产业开发区建设管理办法的通知',山东省人民政府办公厅,2016-08-31,现行有效,地方政府规章及文件
'山东省人民政府关于山东省棉花产业提质增效转型升级实施方案(2016—2020年)的批复',山东省人民政府,2016-08-19,现行有效,地方政府规章及文件
'山东省人民政府关于山东省蔬菜产业提质增效转型升级实施方案(2016-2020年)和山东省食用菌产业提质增效转型升级实施方案(2016-2020年)的批复',山东省人民政府,2016-08-19,现行有效,地方政府规章及文件
'山东省人民政府关于山东省果品产业提质增效转型升级实施方案(2016—2020年)等3个实施方案的批复',山东省人民政府,2016-08-19,现行有效,地方政府规章及文件
'山东省人民政府关于山东省粮食产业提质增效转型升级实施方案(2016-2020年)的批复',山东省人民政府,2016-08-18,现行有效,地方政府规章及文件
'山东省人民政府关于山东省油料(花生)产业提质增效转型升级实施方案(2016—2020年)的批复',山东省人民政府,2016-08-18,现行有效,地方政府规章及文件
'山东省人民政府办公厅转发省旅游发展委《贯彻国办发(2015)62号文件促进旅游产业转型升级实施方案》的通知',山东省人民政府办公厅,2016-08-15,现行有效,地方政府规章及文件
'山东省人民政府办公厅关于贯彻国办发(2016)11号文件促进医药产业健康发展的实施意见',山东省人民政府办公厅,2016-08-04,现行有效,地方政府规章及文件
'山东省人民政府办公厅关于贯彻国办发(2016)11号文件促进医药产业健康发展的实施意见',山东省人民政府办公厅,2016-08-04,现行有效,地方政府规章及文件
'山东省林业厅办公室关于转发国家林业局《国家林业产业示范园区认定命名办法》的通知',山东省林业厅办公室,2016-07-28,现行有效,地方政府规章及文件
'山东省人民政府关于山东省木本油料产业提质增效转型升级实施方案(2016-2020年)的批复',山东省人民政府,2016-07-27,现行有效,地方政府规章及文件
'宁陵县人民政府办公室关于印发宁陵县优质梨果产业园五大基地建设管理办法的通知',商丘市宁陵县人民政府办公室,2016-07-22,已失效,地方政府规章及文件
'山东省人民政府关于印发推动资本市场发展和重点产业转型升级财政政策措施的通知',山东省人民政府,2016-07-19,现行有效,地方政府规章及文件
'重庆市南川区人民政府关于加快紧固件产业基地建设的通知',重庆市南川区人民政府,2016-07-18,现行有效,地方政府规章及文件
'关于印发《山东省特色产业发展扶贫基金使用管理办法》的通知',山东省财政厅;山东省扶贫开发领导小组办公室,2016-06-30,已失效,地方政府规章及文件
'重庆市中小企业局、重庆市财政局关于印发重庆市重点楼宇产业园租金补贴暂行办法的通知',重庆市中小企业局;重庆市财政局,2016-06-30,现行有效,地方政府规章及文件
'重庆市南川区人民政府办公室关于加快建筑产业现代化部品部件推广应用的通知',重庆市南川区人民政府办公室,2016-06-13,现行有效,地方政府规章及文件
'关于支持航空产业发展的实施意见',青岛市人民政府,2016-06-13,已失效,地方政府规章及文件
'关于印发《山东省产业关键共性技术发展指南(2016年)》的通知',山东省经济和信息化委员会;山东省财政厅,2016-05-18,现行有效,地方政府规章及文件
'关于加强高技能人才工作助推产业转型升级的意见',山东省人力资源和社会保障厅;山东省发展和改革委员会;山东省经济和信息化委员会;山东省公安厅;山东省民政厅;山东省财政厅;山东省人民政府国有资产监督管理委员会;山东省总工会;共青团山东省委;山东省妇女联合会;中国人民解放军山东省军区司令部,2016-05-18,现行有效,地方政府规章及文件
'关于印发支持济宁市建设山东省信息技术产业基地若干人才政策的通知',山东省人力资源和社会保障厅;山东省教育厅;山东省科学技术厅,2016-05-05,现行有效,地方政府规章及文件
'关于加快我市应急产业发展的实施意见',青岛市人民政府办公厅,2016-04-27,现行有效,地方政府规章及文件
'平邑县人民政府办公室关于印发平邑县产业引导基金管理办法的通知',临沂市平邑县人民政府办公室,2016-03-31,现行有效,地方政府规章及文件
'山东省国家税务局、山东省地方税务局关于“建筑业、房地产业、金融业、生活服务业营业税改征增值税”纳税人办理国税有关涉税业务事项的通告',山东省国家税务局;山东省地方税务局,2016-03-29,现行有效,地方政府规章及文件
'关于印发武城县二三产业项目论证办法(试行)武城县项目落地办法(试行)武城县加快项目建设实施办法(试行)的通知',德州市武城县人民政府办公室,2016-03-16,已失效,地方政府规章及文件
'宁阳县人民政府关于加快发展体育产业促进体育消费的实施意见',泰安市宁阳县人民政府,2016-03-16,现行有效,地方政府规章及文件
'定陶县人民政府关于加快特色经济林产业发展的意见',菏泽市定陶县人民政府,2016-03-15,现行有效,地方政府规章及文件
'关于印发《关于建立全省文化产业人才常态化培训机制的实施方案》等方案的通知',山东省文化厅,2016-02-29,现行有效,地方政府规章及文件
'齐河县人民政府关于印发齐河县高新技术产业专项扶持资金使用管理办法(试行)的通知',德州市齐河县人民政府,2016-02-28,已失效,地方政府规章及文件
'齐河县人民政府关于印发齐河县产业发展政府引导基金管理办法(试行)的通知',德州市齐河县人民政府,2016-02-28,已失效,地方政府规章及文件
'山东省人民政府办公厅关于印发山东省“互联网＋文化产业”行动方案的通知',山东省人民政府办公厅,2016-02-06,现行有效,地方政府规章及文件
'山东省人民政府关于山东省现代农业产业技术体系创新团队建设实施方案和山东省新型职业农民培育实施方案的批复',山东省人民政府,2016-02-03,现行有效,地方政府规章及文件
'关于加快发展体育产业促进体育消费的实施意见',青岛市人民政府,2016-02-02,现行有效,地方政府规章及文件
'山东省人民政府关于山东省肉牛肉羊产业转型升级实施方案的批复',山东省人民政府,2016-01-28,现行有效,地方政府规章及文件
'重庆市南川区人民政府关于加快茶叶产业发展的意见',重庆市南川区人民政府,2016-01-20,现行有效,地方政府规章及文件
'关于转发《工业和信息化部关于印发<产业技术基础公共服务平台建设管理暂行办法>的通知》的通知',山东省经济和信息化委员会,2016-01-07,现行有效,地方政府规章及文件
'淄博市人民政府办公厅关于建立淄博市化工产业转型升级工作联席会议制度的通知',淄博市人民政府办公厅,2016-01-05,现行有效,地方政府规章及文件
'中共张汪镇委员会、张汪镇人民政府关于加快林业产业发展的意见',中共滕州市张汪镇委员会;滕州市张汪镇人民政府,2016,现行有效,地方政府规章及文件
'山东省人民政府办公厅关于认真贯彻国办发(2014)63号文件加快我省应急产业发展的实施意见',山东省人民政府办公厅,2015-12-29,现行有效,地方政府规章及文件
'茶陵县人民政府办公室关于印发《“茶陵三宝”产业振兴规划(2016—2020年)》的通知',株洲市茶陵县人民政府办公室,2015-12-29,现行有效,地方政府规章及文件
'转发市畜牧局《关于调整优化畜牧产业布局意见》的通知',青岛市人民政府办公厅,2015-12-22,现行有效,地方政府规章及文件
'山东省人民政府办公厅关于加强安全环保节能管理加快全省化工产业转型升级的意见',山东省人民政府办公厅,2015-12-07,现行有效,地方政府规章及文件
'山东省农业厅、山东省财政厅关于印发《山东省2015年农村一二三产业融合试点工作实施方案》的通知',山东省农业厅;山东省财政厅,2015-11-30,现行有效,地方政府规章及文件
'关于加快推进财富管理配套产业发展的意见',青岛市人民政府办公厅,2015-11-19,现行有效,地方政府规章及文件
'威海市环翠区人民政府关于加快发展文化产业的实施意见',威海市环翠区人民政府,2015-11-13,现行有效,地方政府规章及文件
'重庆市南川区人民政府关于印发南川区产业引导股权投资基金管理暂行办法的通知',重庆市南川区人民政府,2015-11-12,现行有效,地方政府规章及文件
'关于组织实施青岛市轨道交通产业链发展规划的通知',青岛市人民政府,2015-11-11,现行有效,地方政府规章及文件
'山东省农业厅关于做好出口农产品质量安全产业集群示范项目考评验收和督查的通知',山东省农业厅,2015-11-02,现行有效,地方政府规章及文件
'重庆市中小企业局关于印发《重庆市楼宇产业园认定管理办法》的通知',重庆市中小企业局,2015-10-28,现行有效,地方政府规章及文件
'关于发布《山东省建筑(住宅)产业现代化推广应用技术体系》的公告',山东省住房和城乡建设厅,2015-10-20,现行有效,地方政府规章及文件
'山东省住房和城乡建设厅关于建立建筑产业现代化试点项目调度通报制度的通知',山东省住房和城乡建设厅,2015-10-20,现行有效,地方政府规章及文件
'山东省人民政府办公厅关于加快特色经济林产业发展的意见',山东省人民政府办公厅,2015-09-25,现行有效,地方政府规章及文件
'关于印发《省级新兴产业创业投资引导基金管理实施细则》的通知',山东省财政厅;山东省发展和改革委员会,2015-09-25,已失效,地方政府规章及文件
'青岛市崂山区人民政府关于株洲路片区产业升级和城市更新的意见(试行)',青岛市崂山区人民政府,2015-09-23,已失效,地方政府规章及文件
'转发市经济信息化委《关于加快机器人产业发展意见》的通知',青岛市人民政府办公厅,2015-09-02,现行有效,地方政府规章及文件
'山东省人民政府办公厅关于印发《山东省房地产业转型升级实施方案》的通知',山东省人民政府办公厅,2015-09-01,现行有效,地方政府规章及文件
'威海市环翠区人民政府办公室关于印发《环翠区电子商务产业种子基金管理办法》的通知',威海市环翠区人民政府办公室,2015-08-31,现行有效,地方政府规章及文件
'潍坊市人民政府关于印发潍坊市推进机械装备产业发展实施方案等七个方案的通知',潍坊市人民政府,2015-08-23,现行有效,地方政府规章及文件
'山东省人民政府关于贯彻国发(2014)46号文件加快发展体育产业促进体育消费的实施意见',山东省人民政府,2015-08-22,现行有效,地方政府规章及文件
'重庆市南川区人民政府关于大力发展中医药产业的意见',重庆市南川区人民政府,2015-08-04,现行有效,地方政府规章及文件
'转发市经济信息化委《关于加快轨道交通装备产业发展意见》的通知',青岛市人民政府办公厅,2015-07-03,现行有效,地方政府规章及文件
'重庆市南川区人民政府关于推进建筑产业现代化的实施意见',重庆市南川区人民政府,2015-06-19,现行有效,地方政府规章及文件
'重庆市南川区人民政府办公室关于印发南川区工业产业发展资金使用管理办法的通知',重庆市南川区人民政府办公室,2015-06-16,已失效,地方政府规章及文件
'青岛市人民政府关于进一步向青岛高新技术产业开发区(红岛经济区)和青岛蓝色硅谷核心区赋权的决定',青岛市人民政府,2015-06-16,现行有效,地方政府规章及文件
'关于盘活城区老工业区存量土地促进产业转型升级的意见',青岛市人民政府办公厅,2015-06-03,已失效,地方政府规章及文件
'关于下放工业产品生产许可证产业政策证明出具权限的通知',山东省经济和信息化委员会;山东省质量技术监督局,2015-06-02,现行有效,地方政府规章及文件
'潍坊市人民政府办公室关于印发推进节能环保产业发展实施方案的通知',潍坊市人民政府办公室,2015-05-16,现行有效,地方政府规章及文件
'潍坊市人民政府办公室关于印发推进智能装备产业发展实施方案的通知',潍坊市人民政府办公室,2015-05-16,现行有效,地方政府规章及文件
'关于贯彻落实省政府办公厅促进地理信息产业发展实施意见的通知',山东省国土资源厅,2015-04-27,现行有效,地方政府规章及文件
'招远市人民政府关于印发招远市新兴产业发展规划的通知',招远市人民政府,2015-04-25,现行有效,地方政府规章及文件
'炎陵县人民政府办公室关于印发《炎陵县发展文化旅游产业重点县专项资金管理暂行办法》的通知',株洲市炎陵县人民政府办公室,2015-04-24,现行有效,地方政府规章及文件
'转发商务部《关于进一步做好产业安全预警工作的通知》',山东省商务厅办公室,2015-04-23,现行有效,地方政府规章及文件
'关于印发《泰山产业领军人才工程高效生态农业创新类实施细则(试行)》等四个文件的通知',中共山东省委组织部;山东省发展和改革委员会;山东省经济和信息化委员会;山东省科学技术厅;山东省财政厅,2015-04-10,现行有效,地方政府规章及文件
'关于印发《泰山产业领军人才工程科技创业类实施细则(试行)》的通知',中共山东省委组织部;山东省科学技术厅;山东省财政厅;山东省人力资源和社会保障厅,2015-04-09,现行有效,地方政府规章及文件
'山东省人民政府办公厅关于贯彻落实国办发(2014)2号文件促进地理信息产业发展的实施意见',山东省人民政府办公厅,2015-03-31,现行有效,地方政府规章及文件
'关于印发《淄博市文化产业示范园区管理办法》的通知',淄博市文化广电新闻出版局,2015-02-12,现行有效,地方政府规章及文件
'山东省人民政府办公厅转发省科技厅《关于加快推动创新型产业集群发展的意见》的通知',山东省人民政府办公厅,2015-01-23,现行有效,地方政府规章及文件
'关于人力支持工业机器人及智能装备产业重点企业发展的政策规定及支持措施',济宁市人力资源和社会保障局,2015-01-12,现行有效,地方政府规章及文件
'山东省人民政府办公厅关于印发山东省牡丹产业发展规划(2015-2020年)的通知',山东省人民政府办公厅,2015-01-12,现行有效,地方政府规章及文件
'关于印发青岛市新能源汽车产业发展规划(2014-2020年)的通知',青岛市人民政府办公厅,2015-01-07,现行有效,地方政府规章及文件
'关于印发山东省肉牛肉羊产业发展规划(2014-2020年)的通知',山东省发展和改革委员会,2015-01-06,现行有效,地方政府规章及文件
'中共张汪镇委员会、张汪镇人民政府关于加快林业产业发展的意见',中共滕州市张汪镇委员会;滕州市张汪镇人民政府,2015,现行有效,地方政府规章及文件
'关于印发《淄博市文化产业示范基地管理办法》的通知',淄博市文化广电新闻出版局,2014-12-31,现行有效,地方政府规章及文件
'关于加快发展节能环保产业的实施意见',青岛市人民政府办公厅,2014-12-31,现行有效,地方政府规章及文件
'淄博市人民政府办公厅转发市发展改革委《淄博市推进战略性新兴产业加速发展2014—2020年行动计划》的通知',淄博市人民政府办公厅,2014-12-25,现行有效,地方政府规章及文件
'山东省海洋与渔业厅关于印发《山东省海洋与渔业厅现代农业产业技术体系渔业创新团队管理办法》的通知',山东省海洋与渔业厅,2014-12-11,现行有效,地方政府规章及文件
'淄博市人民政府办公厅转发市发展改革委、市财政局《关于推进淄博市新型功能陶瓷材料产业区域集聚发展试点工作的实施意见》的通知',淄博市人民政府办公厅,2014-12-08,现行有效,地方政府规章及文件
'菏泽市人民政府关于促进光伏产业健康发展的意见',菏泽市人民政府,2014-12-07,现行有效,地方政府规章及文件
'威海市人民政府办公室关于加快发展节能环保产业的实施意见',威海市人民政府办公室,2014-11-14,现行有效,地方政府规章及文件
'关于深化太阳能光热应用加快太阳能光热产业转型发展的指导意见',山东省经济和信息化委员会;山东省住房和城乡建设厅;山东省财政厅;山东省发展和改革委员会;山东省科学技术厅;山东省质量技术监督局;山东省省级机关事务管理局;山东省人民政府节约能源办公室,2014-11-12,现行有效,地方政府规章及文件
'转发商务部《2014-2016年度产业预警统计报表制度》的通知',山东省商务厅,2014-11-07,现行有效,地方政府规章及文件
'关于加快企业技术创新促进产业关键共性技术发展的意见',山东省经济和信息化委员会;山东省财政厅,2014-11-04,现行有效,地方政府规章及文件
'威海市人民政府关于鼓励支持机器人产业发展的意见',威海市人民政府,2014-10-20,现行有效,地方政府规章及文件
'山东省地方税务局关于印发《促进文化产业发展的8条税收服务措施》的通知',山东省地方税务局,2014-10-11,现行有效,地方政府规章及文件
'东营市人民政府办公室关于公布第三批林业产业市级龙头企业名单的通知',东营市人民政府办公室,2014-09-30,现行有效,地方政府规章及文件
'关于促进影视产业发展的若干意见',青岛市人民政府办公厅,2014-09-30,现行有效,地方政府规章及文件
'山东省发布关于贯彻落实国发(2013)24号文件促进光伏产业健康发展的意见',山东省人民政府,2014-09-29,现行有效,地方政府规章及文件
'山东省人民政府关于贯彻落实国发(2013)24号文件促进光伏产业健康发展的意见',山东省人民政府,2014-09-29,现行有效,地方政府规章及文件
'山东省人民政府关于加快发展文化产业的意见',山东省人民政府,2014-09-26,现行有效,地方政府规章及文件
'济宁市人民政府关于印发《济宁市信息产业发展规划(2014—2020年)》的通知',济宁市人民政府,2014-09-15,现行有效,地方政府规章及文件
'东营市人民政府办公室关于加快发展节能环保产业的实施意见',东营市人民政府办公室,2014-09-03,现行有效,地方政府规章及文件
'烟台市人民政府办公室印发烟台市种子种苗产业发展规划等文件的通知',烟台市人民政府办公室,2014-08-28,现行有效,地方政府规章及文件
'烟台市人民政府办公室印发烟台市城乡建设产业发展规划纲要等文件的通知',烟台市人民政府办公室,2014-08-28,现行有效,地方政府规章及文件
'烟台市人民政府办公室关于印发烟台市创建国家电子商务示范城市工作方案和烟台市国家海洋高技术产业基地实施方案的通知',烟台市人民政府办公室,2014-08-25,现行有效,地方政府规章及文件
'关于印发《济宁市产业技术创新战略联盟认定和管理办法(试行)》的通知',济宁市科学技术局,2014-08-15,现行有效,地方政府规章及文件
'关于全市高新技术产业技术创新战略联盟成员加入和退出的指导意见',淄博市创新发展联席会议办公室,2014-08-08,现行有效,地方政府规章及文件
'关于转发国家能源局《关于规范煤制油、煤制天然气产业科学有序发展的通知》的通知',山东省发展和改革委员会,2014-08-06,现行有效,地方政府规章及文件
'山东省人民政府关于贯彻国发(2014)4号文件加快集成电路产业发展的意见',山东省人民政府,2014-07-29,现行有效,地方政府规章及文件
'日照市人民政府办公室关于印发茶叶等5个特色产业发展规划的通知',日照市人民政府办公室,2014-07-21,现行有效,地方政府规章及文件
'关于加快体育产业发展的实施意见',青岛市人民政府,2014-07-21,现行有效,地方政府规章及文件
'南岸区人民政府办公室、经开区管委会办公室关于印发《关于加强区电子信息产业重点企业稳岗服务保障的实施意见》的通知',重庆市南岸区人民政府办公室;重庆经济技术开发区管理委员会办公室,2014-07-18,已失效,地方政府规章及文件
'潍坊市人民政府关于加快新能源汽车推广应用促进新能源汽车产业发展的意见',潍坊市人民政府,2014-07-10,已失效,地方政府规章及文件
'枣庄市人民政府办公室关于印发蜂业、茶叶、桑蚕、中药材4个特色产业发展规划的通知',枣庄市人民政府办公室,2014-06-26,现行有效,地方政府规章及文件
'烟台市人民政府办公室关于印发青烟威荣城际铁路交通走廊产业布局规划和烟台蓬莱国际机场周边产业发展规划的通知',烟台市人民政府办公室,2014-06-26,现行有效,地方政府规章及文件
'威海市人民政府办公室转发市经济和信息化委《关于加快发展三大战略性新兴产业集群和加快四大传统产业集群转型升级指导意见》的通知',威海市人民政府办公室,2014-06-25,现行有效,地方政府规章及文件
'日照市人民政府办公室关于加快节能环保产业发展的实施意见',日照市人民政府办公室,2014-06-24,现行有效,地方政府规章及文件
'潍坊市人民政府办公室关于印发《潍坊市现代产业发展基金管理办法(试行)》的通知',潍坊市人民政府办公室,2014-06-11,已失效,地方政府规章及文件
'潍坊市人民政府办公室关于促进全市化工产业健康发展的意见',潍坊市人民政府办公室,2014-06-10,已失效,地方政府规章及文件
'关于转发《外商投资产业指导目录(2015年修订)》的通知',山东省发展和改革委员会;山东省商务厅,2014-05-07,现行有效,地方政府规章及文件
'济宁市人民政府关于印发《济宁市生物产业发展规划(2013—2017年)》的通知',济宁市人民政府,2014-05-05,现行有效,地方政府规章及文件
'山东省发展改革委、山东省国防科工办关于印发《山东省游艇产业发展规划(2014-2020年)》的通知',山东省发展和改革委员会;山东省国防科学技术工业办公室,2014-04-25,现行有效,地方政府规章及文件
'淄博市人民政府关于印发淄博市化解过剩产能推进产业转型升级实施方案的通知',淄博市人民政府,2014-04-18,现行有效,地方政府规章及文件
'茶陵县人民政府办公室关于印发《茶陵县油茶产业开发管理办法》的通知',株洲市茶陵县人民政府办公室,2014-04-09,现行有效,地方政府规章及文件
'烟台市人民政府关于印发烟台市战略性新兴产业发展规划的通知',烟台市人民政府,2014-04-06,现行有效,地方政府规章及文件
'关于加强集体、证明商标工作促进区域品牌和产业集群发展的意见',东营市工商行政管理局,2014-04-01,现行有效,地方政府规章及文件
'关于印发青岛市2014产业规划推进年实施方案的通知',青岛市人民政府办公厅,2014-04-01,现行有效,地方政府规章及文件
'关于发布《淄博市高新技术产业技术创新战略联盟中长期发展规划(2013-2017)编制指南》的通知',淄博市创新发展联席会议办公室,2014-03-28,现行有效,地方政府规章及文件
'平邑县人民政府关于推进全县乡村旅游产业发展的意见',临沂市平邑县人民政府,2014-03-28,现行有效,地方政府规章及文件
'烟台市人民政府关于加快军民结合产业发展的意见',烟台市人民政府,2014-03-10,现行有效,地方政府规章及文件
'招远市人民政府关于加快推进苹果产业提质升级的意见',招远市人民政府,2014-03-04,现行有效,地方政府规章及文件
'东营市海洋与渔业局关于印发促进海参产业健康发展的意见的通知',东营市海洋与渔业局,2014-02-17,现行有效,地方政府规章及文件
'山东省人民政府办公厅关于印发蜂业、烟叶、茶叶、桑蚕、中药材5个特色产业发展规划的通知',山东省人民政府办公厅,2014-01-27,现行有效,地方政府规章及文件
'关于化解产能严重过剩矛盾促进产业转型升级的实施意见',青岛市人民政府,2014-01-23,现行有效,地方政府规章及文件
'关于命名第二批山东省文化产业示范园区、第四批文化产业示范基地的通知',山东省文化厅,2014-01-17,现行有效,地方政府规章及文件
'济宁市人民政府办公室关于印发《济宁市惠普信息产业发展基金管理办法》的通知',济宁市人民政府办公室,2014-01-07,现行有效,地方政府规章及文件
'烟台市人民政府关于加快发展养老产业的意见',烟台市人民政府,2014-01-06,现行有效,地方政府规章及文件
'关于推进全市高新技术产业创新链建设的指导意见',淄博市创新发展联席会议办公室,2014-01-03,现行有效,地方政府规章及文件
'山东省人民政府办公厅关于支持山东省中关村(烟台南山)高新技术产业示范基地建设的通知',山东省人民政府办公厅,2014-01-02,现行有效,地方政府规章及文件
'山东省海洋与渔业厅关于印发《关于培育和发展休闲海钓产业的意见》的通知',山东省海洋与渔业厅,2013-12-31,现行有效,地方政府规章及文件
'威海市人民政府关于促进广告产业发展的意见',威海市人民政府,2013-12-30,现行有效,地方政府规章及文件
'山东省人民政府办公厅关于加快发展节能环保产业的实施意见',山东省人民政府办公厅,2013-12-20,现行有效,地方政府规章及文件
'东营市人民政府办公室关于扶持大项目大企业推动产业转型升级的实施意见',东营市人民政府办公室,2013-12-19,现行有效,地方政府规章及文件
'莱芜市人民政府办公室关于印发《莱芜高效特色畜牧产业开发示范区建设实施方案》的通知',莱芜市人民政府办公室,2013-12-12,现行有效,地方政府规章及文件
'济宁市人民政府关于命名济宁市第三批市级特色产业镇的通知',济宁市人民政府,2013-12-11,现行有效,地方政府规章及文件
'山东省人民政府办公厅关于印发山东省六大传统产业转型升级指导计划的通知',山东省人民政府办公厅,2013-11-19,现行有效,地方政府规章及文件
'淄博市人民政府关于加快科技创新平台建设推动全市产业结构调整和优化升级的意见',淄博市人民政府,2013-11-18,已失效,地方政府规章及文件
'关于进一步优化服务环境规范房地产业发展的若干意见',青岛市人民政府,2013-11-16,现行有效,地方政府规章及文件
'关于评选认定第二批山东省文化产业示范园区、第四批文化产业示范基地的通知',山东省文化厅,2013-11-14,现行有效,地方政府规章及文件
'山东省农业厅关于进一步加强省现代农业产业技术体系创新团队管理平台管理应用工作的通知',山东省农业厅,2013-10-29,现行有效,地方政府规章及文件
'烟台市人民政府关于提升旅游产业综合竞争力加快建设旅游强市的意见',烟台市人民政府,2013-10-22,已失效,地方政府规章及文件
'关于印发焦作西部产业集聚区征迁安置工作整体方案的通知',焦作市中站区人民政府办公室,2013-10-21,现行有效,地方政府规章及文件
'菏泽市人民政府关于印发菏泽市主导产业发展规划的通知',菏泽市人民政府,2013-10-10,现行有效,地方政府规章及文件
'菏泽市人民政府关于实行生物医药产业发展项目包保和招商联络责任制的通知',菏泽市人民政府,2013-10-08,现行有效,地方政府规章及文件
'菏泽市人民政府关于加快生物医药产业发展的意见',菏泽市人民政府,2013-10-08,现行有效,地方政府规章及文件
'菏泽市人民政府办公室关于公布菏泽市生物医药产业发展领导小组及各成员单位工作职责的通知',菏泽市人民政府办公室,2013-10-08,现行有效,地方政府规章及文件
'山东省发展和改革委员会、山东省财政厅关于印发《泰山学者蓝色产业领军人才团队支撑计划专项资金管理暂行办法》的通知',山东省发展和改革委员会;山东省财政厅,2013-09-13,已失效,地方政府规章及文件
'威海市人民政府关于加快培育和发展战略性新兴产业的实施意见',威海市人民政府,2013-09-12,现行有效,地方政府规章及文件
'关于抓紧编报2013年现代农业生产发展资金果菜产业项目实施方案的通知',山东省财政厅;山东省农业厅,2013-08-29,现行有效,地方政府规章及文件
'泰安市人民政府关于进一步加快节能环保产业发展的意见',泰安市人民政府,2013-08-14,现行有效,地方政府规章及文件
'淄博市人民政府关于加快发展体育产业的实施意见',淄博市人民政府,2013-08-05,现行有效,地方政府规章及文件
'关于积极对接全市“10+6”产业计划的通知',临沂市苍山县人民政府办公室,2013-07-29,现行有效,地方政府规章及文件
'南召县人民政府关于印发产业集聚区建设项目行政审批实施办法的通知',南阳市南召县人民政府,2013-07-18,现行有效,地方政府规章及文件
'关于推荐申报山东省重点文化企业、重点文化产业项目和文化产业重点园区的通知',中共山东省委宣传部;山东省发展和改革委员会;山东省财政厅;山东省文化厅;山东省广播电影电视局;山东省新闻出版局,2013-07-02,现行有效,地方政府规章及文件
'嘉祥县人民政府办公室关于明确嘉祥县服务业重点产业和重点工作协调推进制度有关事项的通知',济宁市嘉祥县人民政府办公室,2013-07-01,现行有效,地方政府规章及文件
'关于将聊城经济技术开发区聊城高新技术产业开发区分设管理的意见',聊城市人民政府,2013-07-01,现行有效,地方政府规章及文件
'金乡县人民政府办公室关于完善产业项目准入预审制度的意见',济宁市金乡县人民政府办公室,2013-06-20,已失效,地方政府规章及文件
'中共金乡县委、金乡县人民政府关于加快推进大蒜“农工科贸一体化”战略促进大蒜产业健康发展的实施意见',中共济宁市金乡县委;济宁市金乡县人民政府,2013-06-18,现行有效,地方政府规章及文件
'东营经济技术开发区管委会关于加快发展体育产业的实施意见',东营经济技术开发区管理委员会,2013-06-13,现行有效,地方政府规章及文件
'烟台市芝罘区人民政府关于印发关于加快烟台广告创意产业园区发展的扶持政策的通知',烟台市芝罘区人民政府,2013-05-31,已失效,地方政府规章及文件
'关于印发《青岛市促进文化创意产业发展若干政策》《青岛市文艺精品项目扶持奖励管理办法》《青岛市文化人才培养和引进计划》的通知',青岛市人民政府办公厅,2013-05-10,现行有效,地方政府规章及文件
'关于进一步加强房地产业税收征管的意见',临沂市苍山县人民政府办公室,2013-05-08,现行有效,地方政府规章及文件
'曲阜市人民政府关于加快推进汽车及零部件产业发展的意见',曲阜市人民政府,2013-05-07,现行有效,地方政府规章及文件
'曲阜市人民政府关于加快生物医药产业发展的意见',曲阜市人民政府,2013-05-07,现行有效,地方政府规章及文件
'曲阜市人民政府关于加快生物医药产业发展的实施意见',曲阜市人民政府,2013-05-07,现行有效,地方政府规章及文件
'莘县人民政府办公室关于培育发展水晶产业的具体工作意见',聊城市莘县人民政府办公室,2013-05-04,现行有效,地方政府规章及文件
'淄博市人民政府办公厅关于印发淄博市十万农户脱贫奔康与太河水库水源地保护区生态产业项目扶持政策的通知',淄博市人民政府办公厅,2013-04-26,现行有效,地方政府规章及文件
'东营市人民政府办公室关于加快林木种苗产业发展的通知',东营市人民政府办公室,2013-04-19,现行有效,地方政府规章及文件
'重庆市南岸区人民政府、重庆经济技术开发区管理委员会关于印发《南岸区经开区加快工业和信息化产业发展扶持办法(修订稿)》的通知',重庆市南岸区人民政府;重庆经济技术开发区管理委员会,2013-04-10,已失效,地方政府规章及文件
'潍坊市人民政府关于印发《加快山东测绘地理信息产业基地建设的若干政策》的通知',潍坊市人民政府,2013-03-29,已失效,地方政府规章及文件
'枣庄市人民政府关于加快发展体育产业的实施意见',枣庄市人民政府,2013-03-22,现行有效,地方政府规章及文件
'转发国家食品药品监督管理局、国家发展改革委、工业和信息化部、卫生部《关于加快实施新修订药品生产质量管理规范促进医药产业升级有关问题的通知》',山东省食品药品监督管理局;山东省发展和改革委员会;山东省经济和信息化委员会;山东省卫生厅;山东省物价局,2013-03-20,现行有效,地方政府规章及文件
'转发国家食品药品监督管理局、国家发展改革委、工业和信息化部、卫生部《关于加快实施新修订药品生产质量管理规范促进医药产业升级有关问题的通知》',山东省食品药品监督管理局;山东省发展和改革委员会;山东省经济和信息化委员会;山东省卫生厅;山东省物价局,2013-03-20,现行有效,地方政府规章及文件
'枣庄市人民政府办公室关于印发枣庄市产业招商实施方案(试行)的通知',枣庄市人民政府办公室,2013-03-19,现行有效,地方政府规章及文件
'南乐县人民政府办公室关于加快建设创新型产业集聚区的实施意见',濮阳市南乐县人民政府办公室,2013-03-14,现行有效,地方政府规章及文件
'山东省人民政府关于贯彻国发(2012)19号文件进一步加快节能环保产业发展的实施意见',山东省人民政府,2013-02-17,现行有效,地方政府规章及文件
'烟台市人民政府办公室关于支持烟台广告创意产业园区开展国家广告产业园区试点工作的意见',烟台市人民政府办公室,2013-02-05,已失效,地方政府规章及文件
'菏泽市人民政府关于加强牡丹产业基地建设的意见',菏泽市人民政府,2013-02-04,现行有效,地方政府规章及文件
'中共聊城市委、聊城市人民政府关于进一步深化农村改革加快构建现代农业产业体系的意见',中共聊城市委;聊城市人民政府,2013-01-30,现行有效,地方政府规章及文件
'费县人民政府关于实施百亿级主导产业培育工程的意见',临沂市费县人民政府,2013-01-29,现行有效,地方政府规章及文件
'关于深化农业产业结构调整加快现代农业发展的意见',招远市人民政府,2013,现行有效,地方政府规章及文件
'东营市人民政府办公室关于加快发展野生动物驯养繁殖和经营利用产业的意见',东营市人民政府办公室,2012-12-24,现行有效,地方政府规章及文件
'泰安市人民政府办公室转发市财源建设领导小组办公室《关于加快医药物流产业发展的实施意见》的通知',泰安市人民政府办公室,2012-12-18,现行有效,地方政府规章及文件
'荣成市人民政府办公室关于印发荣成市主导产业优势产品行业领先规划的通知',荣成市人民政府办公室,2012-12-12,现行有效,地方政府规章及文件
'关于加快小企业产业园和创业基地建设的通知',青岛市人民政府办公厅,2012-12-10,现行有效,地方政府规章及文件
'茶陵县人民政府关于石材产业发展的若干意见',株洲市茶陵县人民政府,2012-12-07,现行有效,地方政府规章及文件
'关于印发《全市供销系统培育产业带头人实施方案》的通知',东营市供销合作社联合社,2012-12-07,已失效,地方政府规章及文件
'关于印发青岛市“千万平米”文化创意产业园区建设推进方案的通知',青岛市人民政府办公厅,2012-11-28,现行有效,地方政府规章及文件
'关于印发2012年黄河口名优水产品产业发展项目考核验收办法的通知',东营市海洋与渔业局;东营市财政局,2012-11-20,现行有效,地方政府规章及文件
'烟台市人民政府办公室关于印发烟台市苹果产业发展规划（2012-2020年）的通知',烟台市人民政府办公室,2012-11-05,现行有效,地方政府规章及文件
'山东省人民政府关于印发山东省战略性新兴产业发展“十二五”规划的通知',山东省人民政府,2012-11-02,现行有效,地方政府规章及文件
'关于加快全市葡萄及葡萄酒产业发展的意见',招远市人民政府,2012-10-19,现行有效,地方政府规章及文件
'泰安市人民政府关于推进泰山玉石产业发展的意见',泰安市人民政府,2012-10-15,现行有效,地方政府规章及文件
'山东省人民政府关于印发山东省钢铁产业淘汰压缩落后产能实施方案的通知',山东省人民政府,2012-10-12,现行有效,地方政府规章及文件
'关于加快培育和发展战略性新兴产业的意见',青岛市人民政府,2012-10-11,现行有效,地方政府规章及文件
'泰安市人民政府办公室关于印发汽车、煤炭机械和新材料三个产业招商引资和项目建设规划的通知',泰安市人民政府办公室,2012-09-24,现行有效,地方政府规章及文件
'烟台市人民政府办公室关于推进绿茶产业发展的意见',烟台市人民政府办公室,2012-09-17,现行有效,地方政府规章及文件
'山东省人民政府关于贯彻国发(2012)22号文件加快发展节能与新能源汽车产业的实施意见',山东省人民政府,2012-09-13,现行有效,地方政府规章及文件
'山东省人民政府关于加快发展体育产业的实施意见',山东省人民政府,2012-09-12,现行有效,地方政府规章及文件
'曲阜市人民政府关于加快农业产业结构调整工作的意见',曲阜市人民政府,2012-08-17,现行有效,地方政府规章及文件
'关于印发济宁市任城区现代农业生产发展资金苗木花卉产业项目建设资金整合实施方案的通知',济宁市任城区人民政府,2012-08-10,现行有效,地方政府规章及文件
'关于印发《金融支持文化产业发展和实施方案》的通知',山东省金融工作办公室;中国人民银行济南分行;中国银行业监督管理委员会山东监管局;中国证券监督管理委员会山东监管局;中国保险监督管理委员会山东监管局,2012-08-08,现行有效,地方政府规章及文件
'枣庄市人民政府关于用产品质量标准化和认证推动产业优化升级的意见',枣庄市人民政府,2012-07-09,现行有效,地方政府规章及文件
'青岛市人民政府办公厅关于印发青岛市工业产业集聚区(基地)布局规划的通知',青岛市人民政府办公厅,2012-07-06,现行有效,地方政府规章及文件
'莱芜市人民政府关于加快推进国家火炬莱芜粉末冶金特色产业基地建设的意见',莱芜市人民政府,2012-07-06,现行有效,地方政府规章及文件
'日照市人民政府办公室转发市环保局《关于加强产业园区规划环评促进科学发展的意见》的通知',日照市人民政府办公室,2012-07-02,现行有效,地方政府规章及文件
'东阿县人民政府关于加快民营镇域特色产业发展的实施意见',聊城市东阿县人民政府,2012-06-25,现行有效,地方政府规章及文件
'关于加强文化产业统计工作的通知',青岛市人民政府办公厅,2012-06-19,现行有效,地方政府规章及文件
'关于印发青岛市“千万平米”软件产业园区建设推进方案的通知',青岛市人民政府办公厅,2012-06-12,现行有效,地方政府规章及文件
'冠县人民政府办公室关于加快民营镇域特色产业发展的实施意见',聊城市冠县人民政府办公室,2012-06-12,现行有效,地方政府规章及文件
'市中区人民政府关于印发全区推进二三产业分离工作实施意见的通知',枣庄市市中区人民政府,2012-06-10,已失效,地方政府规章及文件
'日照市经济和信息化委员会关于加快重点产业和园区循环化改造的指导意见',日照市经济和信息化委员会,2012-06-07,现行有效,地方政府规章及文件
'山东省工商行政管理局关于印发《山东省广告产业园区认定管理办法》的通知',山东省工商行政管理局,2012-05-23,已失效,地方政府规章及文件
'菏泽市人民政府关于印发菏泽市“十二五”高技术产业发展规划的通知',菏泽市人民政府,2012-05-20,现行有效,地方政府规章及文件
'平邑县人民政府关于支持石膏产业科学发展的若干条政策',临沂市平邑县人民政府,2012-05-17,已失效,地方政府规章及文件
'关于加快民营镇域特色产业发展的实施意见',聊城市人民政府办公室,2012-05-15,现行有效,地方政府规章及文件
'济宁市人民政府办公室关于明确济宁市服务业重点产业和重点工作协调推进制度有关事项的通知',济宁市人民政府办公室,2012-05-11,现行有效,地方政府规章及文件
'日照市经济和信息化委员会关于印发《创建日照市新型工业化产业示范基地管理办法》的通知',日照市经济和信息化委员会,2012-05-09,已失效,地方政府规章及文件
'平邑县人民政府办公室关于印发加快石膏产业发展十项重点工作的通知',临沂市平邑县人民政府办公室,2012-05-02,现行有效,地方政府规章及文件
'乐山市市中区人民政府办公室关于加快林业产业强区建设的意见',乐山市市中区人民政府办公室,2012-04-28,现行有效,地方政府规章及文件
'关于加强工业产业集聚区建设工作的意见',青岛市人民政府,2012-04-27,现行有效,地方政府规章及文件
'关于加快推进信息产业发展的意见',青岛市人民政府,2012-04-24,现行有效,地方政府规章及文件
'关于进一步做好新型工业化产业示范基地创建工作的指导意见',山东省经济和信息化委员会;山东省财政厅;山东省国土资源厅,2012-04-11,现行有效,地方政府规章及文件
'关于印发《山东半岛蓝色经济区文化产业发展规划》、《黄河三角洲高效生态经济区文化产业发展规划》的通知',山东省文化厅,2012-03-30,现行有效,地方政府规章及文件
'中共山东省委宣传部、山东省工商行政管理局印发《关于充分发挥工商职能进一步促进全省文化产业发展的意见》的通知',中共山东省委宣传部;山东省工商行政管理局,2012-03-26,已失效,地方政府规章及文件
'关于印发高玉清副部长、刘银田副局长在全省文化创意产业统计监测工作暨业务培训会议上讲话的通知',中共山东省委宣传部;山东省统计局,2012-03-23,现行有效,地方政府规章及文件
'市中区人民政府关于推进产业转型工业振兴的实施意见',枣庄市市中区人民政府,2012-03-23,现行有效,地方政府规章及文件
'关于深入推进农业产业结构调整加快发展现代农业的意见',招远市人民政府,2012-03-09,现行有效,地方政府规章及文件
'潍坊市人民政府关于加快推进现代农业种苗产业发展的意见',潍坊市人民政府,2012-03,现行有效,地方政府规章及文件
'关于进一步明确全县现代产业体系建设责任部门工作职责的通知',德州市夏津县人民政府办公室,2012-02-29,现行有效,地方政府规章及文件
'费县人民政府关于实施费县现代农业生产发展资金核桃产业项目的意见',临沂市费县人民政府,2012-02-28,现行有效,地方政府规章及文件
'枣庄市人民政府关于开展产业招商和重点企业招商的意见',枣庄市人民政府,2012-02-24,现行有效,地方政府规章及文件
'关于印发《山东省文化创意产业统计工作综合考核办法》的通知',中共山东省委宣传部;山东省统计局,2012-02-16,现行有效,地方政府规章及文件
'山东省人民政府关于贯彻落实山东省钢铁产业结构调整试点方案的实施意见',山东省人民政府,2012-02-14,现行有效,地方政府规章及文件
'山东省人民政府关于用产品质量标准化和认证推动产业优化升级的意见',山东省人民政府,2012-02-08,现行有效,地方政府规章及文件
'临清市人民政府办公室关于进一步做大做强甲鱼产业的通知',临清市人民政府办公室,2012-02-02,现行有效,地方政府规章及文件
'日照市人民政府关于实施茶叶等农业十大产业振兴规划的指导意见',日照市人民政府,2012-01-29,现行有效,地方政府规章及文件
'威海市人民政府办公室关于贯彻鲁政办发(2010)46号文件促进电影产业繁荣发展的通知',威海市人民政府办公室,2012-01-20,现行有效,地方政府规章及文件
'枣庄市人民政府办公室关于落实枣庄市九大产业发展规划主要目标和任务工作分工的通知',枣庄市人民政府办公室,2012-01-17,现行有效,地方政府规章及文件
'山东省人民政府关于加快军民结合产业发展的指导意见',山东省人民政府,2012-01-13,现行有效,地方政府规章及文件
'市中区人民政府关于枣庄经济开发区(城市转型产业示范园)统筹管理的实施意见',枣庄市市中区人民政府,2012,现行有效,地方政府规章及文件
'关于促进全市广告产业发展的实施意见',青岛市人民政府,2011-12-31,已失效,地方政府规章及文件
'关于进一步加快林业产业发展的意见的通知',青岛市人民政府办公厅,2011-12-30,现行有效,地方政府规章及文件
'关于印发《山东省信息技术产业园认定管理办法》的通知',山东省经济和信息化委员会,2011-12-29,现行有效,地方政府规章及文件
'德州市人民政府办公室关于印发《德州市现代产业体系投资认定办法》的通知',德州市人民政府办公室,2011-12-05,现行有效,地方政府规章及文件
'山东省人民政府办公厅转发省经济和信息化委《关于推动山东优势产业与新疆喀什地区战略性合作的指导意见》的通知',山东省人民政府办公厅,2011-12-01,现行有效,地方政府规章及文件
'威海市人民政府办公室转发市林业局等部门《关于加快全市林业产业发展的意见》的通知',威海市人民政府办公室,2011-12-01,现行有效,地方政府规章及文件
'罗庄区人民政府关于进一步发展现代粮食流通产业充实完善地方粮油储备的意见',临沂市罗庄区人民政府,2011-11-18,现行有效,地方政府规章及文件
'黄陵县人民政府办公室关于印发《黄陵县2011年财政支持现代农业生产发展资金苹果产业项目实施方案》的通知',延安市黄陵县人民政府办公室,2011-11-11,现行有效,地方政府规章及文件
'菏泽市人民政府关于加快培育和发展战略性新兴产业的实施意见',菏泽市人民政府,2011-11-10,现行有效,地方政府规章及文件
'关于明确青岛高新技术产业开发区城市基础设施配套费收费标准的通知',青岛市人民政府办公厅,2011-10-14,现行有效,地方政府规章及文件
'莘县人民政府关于进一步加快全县林业产业发展的实施意见',聊城市莘县人民政府,2011-10-08,现行有效,地方政府规章及文件
'枣庄市人民政府关于印发枣庄市九大产业发展规划(2011—2015年)的通知',枣庄市人民政府,2011-10-08,现行有效,地方政府规章及文件
'金乡县人民政府2011-2012年度有机大蒜产业发展工作意见',济宁市金乡县人民政府,2011-10-06,现行有效,地方政府规章及文件
'烟台市人民政府办公室关于转发市中小企业局、市财政局《烟台市地方特色产业中小企业发展意见》的通知',烟台市人民政府办公室,2011-09-29,现行有效,地方政府规章及文件
'关于印发山亭区加快肉羊产业发展实施方案的通知',枣庄市山亭区人民政府办公室,2011-09-22,现行有效,地方政府规章及文件
'东营市人民政府关于加快培育和发展战略性新兴产业的实施意见',东营市人民政府,2011-09-06,现行有效,地方政府规章及文件
'关于印发《山东省文化产业示范园区认定管理暂行办法》、《山东省文化产业示范基地认定管理暂行办法》的通知',山东省文化厅,2011-08-29,现行有效,地方政府规章及文件
'关于评选认定山东省首批文化产业示范园区、第三批文化产业示范基地的通知',山东省文化厅,2011-08-24,现行有效,地方政府规章及文件
'关于做好2011年现代农业生产发展资金果菜产业项目续建工作的通知',山东省农业厅财务处;山东省财政厅农业处,2011-08-08,现行有效,地方政府规章及文件
'关于加快食用菌产业发展的意见',临沂市费县人民政府,2011-08-01,现行有效,地方政府规章及文件
'关于进一步加快金银花产业发展的意见',临沂市费县人民政府,2011-08-01,现行有效,地方政府规章及文件
'莱芜市人民政府关于加快中小企业产业集群发展的意见',莱芜市人民政府,2011-07-18,现行有效,地方政府规章及文件
'关于下达2011年现代农业生产发展资金果菜产业项目申报指南的通知',山东省财政厅;山东省农业厅,2011-07-14,现行有效,地方政府规章及文件
'关于印发《关于加快食用菌产业发展的意见》的通知',东营市农业局,2011-07-06,现行有效,地方政府规章及文件
'山东省人民政府办公厅关于转发省中小企业办、省财政厅《山东省地方特色产业中小企业发展的意见》的通知',山东省人民政府办公厅,2011-06-27,现行有效,地方政府规章及文件
'威海市人民政府办公室关于建立服务业重点工作和重点产业协调推进制度的通知',威海市人民政府办公室,2011-06-22,现行有效,地方政府规章及文件
'关于做好2011年省现代农业产业技术体系创新团队建设工作的通知',山东省农业厅,2011-06-20,现行有效,地方政府规章及文件
'济宁市人民政府关于印发济宁市十二五节能环保产业发展规划的通知',济宁市人民政府,2011-06-03,现行有效,地方政府规章及文件
'山东省环境保护厅关于贯彻落实环发(2011)14号文件加强产业园区规划环境影响评价有关工作的通知',山东省环境保护厅,2011-06-01,现行有效,地方政府规章及文件
'关于转发《国家科技兴海产业示范基地认定和管理办法(试行)》的通知',青岛市海洋与渔业局,2011-05-23,现行有效,地方政府规章及文件
'关于构建现代产业体系的意见',德州市人民政府,2011-05-21,现行有效,地方政府规章及文件
'山东省文化厅、人保财险山东省分公司关于保险业支持文化产业发展有关工作的实施意见',山东省文化厅;中国人寿保险股份有限公司山东省分公司,2011-05-17,现行有效,地方政府规章及文件
'关于印发青岛市服务业重点产业和重点工作协调推进制度的通知',青岛市人民政府办公厅,2011-05-11,现行有效,地方政府规章及文件
'关于印发《2011年全区工业定向招商产业振兴工作的实施意见》的通知',青岛市崂山区人民政府,2011-05-09,现行有效,地方政府规章及文件
'杨庄镇板材产业集中整治提升活动实施方案',临沂市沂水县杨庄镇人民政府,2011-05-07,已失效,地方政府规章及文件
'嘉祥县人民政府关于加快培育双百亿产业的意见',济宁市嘉祥县人民政府,2011-05-04,现行有效,地方政府规章及文件
'嘉祥县人民政府关于扶持战略性新兴产业发展和改造提升传统产业的意见',济宁市嘉祥县人民政府,2011-05-04,现行有效,地方政府规章及文件
'山东省人民政府关于加快培育和发展战略性新兴产业的实施意见',山东省人民政府,2011-04-25,现行有效,地方政府规章及文件
'关于进一步加快工业和信息化产业发展的意见',中共重庆市南岸区委;重庆市南岸区人民政府;中共重庆经济技术开发区工作委员会;重庆经济技术开发区管理委员会,2011-04-15,现行有效,地方政府规章及文件
'嘉祥县人民政府关于印发《嘉祥县南部山区产业转型扶持办法》的通知',济宁市嘉祥县人民政府,2011-04-07,已失效,地方政府规章及文件
'泰安市人民政府关于实施蔬菜等十四大产业振兴规划的指导意见',泰安市人民政府,2011-04-02,现行有效,地方政府规章及文件
'山东省人民政府办公厅转发省经济和信息化委等部门《关于促进老年人用品产业、安全生产装备和劳动防护用品产业、日用化学品行业发展的指导意见》的通知',山东省人民政府办公厅,2011-04-01,现行有效,地方政府规章及文件
'平邑县人民政府办公室关于印发加快五大产业发展重点工作的通知',临沂市平邑县人民政府办公室,2011-03-31,已失效,地方政府规章及文件
'道托镇人民政府关于全镇板材产业集中整治提升活动的实施方案',临沂市沂水县道托镇人民政府,2011-03-30,已失效,地方政府规章及文件
'莱芜市人民政府办公室转发市林业局等部门《关于加快全市林业产业发展的意见》的通知',莱芜市人民政府办公室,2011-03-29,现行有效,地方政府规章及文件
'关于印发《日照市文化产业发展专项资金管理办法(试行)》的通知',日照市财政局;日照市市委宣传部,2011-03-23,现行有效,地方政府规章及文件
'济宁市人民政府办公室关于增设服务业重点产业协调推进制度的通知',济宁市人民政府办公室,2011-03-15,现行有效,地方政府规章及文件
'威海市人民政府关于印发《威海市渔业振兴规划2011―2015年)》等三个农业产业振兴规划的通知',威海市人民政府,2011-03-14,现行有效,地方政府规章及文件
'山东省人民政府关于印发山东省油料等四个产业振兴规划的通知',山东省人民政府,2011-03-04,现行有效,地方政府规章及文件
'关于印发《南岳区油茶产业建设项目管理方案》的通知',衡阳市南岳区人民政府办公室,2011-03-01,现行有效,地方政府规章及文件
'关于印发《泗水县瓜菜等五大产业振兴规划(2011—2015年)》的通知',济宁市泗水县人民政府,2011-02-28,现行有效,地方政府规章及文件
'龙家圈镇人民政府2011年度苗木花卉产业发展实施意见',临沂市沂水县龙家圈镇人民政府,2011-02-27,现行有效,地方政府规章及文件
'泰安市人民政府办公室关于调整和完善服务业重点产业和重点工作协调推进制度的通知',泰安市人民政府办公室,2011-02-23,现行有效,地方政府规章及文件
'威海市人民政府关于公布威海市特色产业镇(街道办事处)和中小企业产业集群的通知',威海市人民政府,2011-02-23,现行有效,地方政府规章及文件
'潍坊市人民政府关于加快全市新能源产业发展的实施意见',潍坊市人民政府,2011-02-22,现行有效,地方政府规章及文件
'山东省人民政府关于促进全省广告产业发展的意见',山东省人民政府,2011-02-10,现行有效,地方政府规章及文件
'关于印发《新泰市农业产业化五大产业体系建设规划(2011-2013)》的通知',新泰市人民政府,2011-01-31,现行有效,地方政府规章及文件
'山东省人民政府办公厅关于增设服务业重点产业协调推进制度的通知',山东省人民政府办公厅,2011-01-04,现行有效,地方政府规章及文件
'中共马站镇委、马站镇人民政府关于加快全镇板材产业发展的意见',中共临沂市沂水县马站镇委员会;临沂市沂水县马站镇人民政府,2011,现行有效,地方政府规章及文件
'马站镇人民政府2011年度苗木花卉产业发展意见',临沂市沂水县马站镇人民政府,2011,现行有效,地方政府规章及文件
'郓城县人民政府关于贯彻菏政发(2011)1号文件精神做好渔业产业振兴工作的实施意见',菏泽市郓城县人民政府,2011,现行有效,地方政府规章及文件
'关于印发《山东省文化产业统计工作综合考核办法》的通知',中共山东省委宣传部;山东省统计局,2010-12-29,现行有效,地方政府规章及文件
'德州市人民政府关于实施畜牧蔬菜等五大产业振兴规划的指导意见',德州市人民政府,2010-12-16,现行有效,地方政府规章及文件
'关于印发《山东省节能环保产业基地考核办法（暂行）》的通知',山东省经济和信息化委员会;山东省人民政府节约能源办公室,2010-12-13,现行有效,地方政府规章及文件
'山东省人民政府关于印发山东省物联网产业发展规划纲要(2011-2015)的通知',山东省人民政府,2010-12-10,现行有效,地方政府规章及文件
'潍坊市人民政府办公室印发市经信委《关于加快物联网产业发展的意见》的通知',潍坊市人民政府办公室,2010-12-09,现行有效,地方政府规章及文件
'山东省人民政府办公厅转发省林业局等部门《关于加快全省林业产业发展的意见》的通知',山东省人民政府办公厅,2010-11-26,现行有效,地方政府规章及文件
'潍坊市人民政府关于实施蔬菜等五大产业振兴规划的指导意见',潍坊市人民政府,2010-11-16,现行有效,地方政府规章及文件
'关于印发《山东省高端装备制造产业基地（园区）管理暂行办法》及做好2010年度创建高端装备制造产业基地（园区）工作的通知',山东省经济和信息化委员会,2010-11-10,现行有效,地方政府规章及文件
'威海市人民政府办公室转发市海洋与渔业局《关于进一步促进海参产业健康发展的意见》的通知',威海市人民政府办公室,2010-11-08,现行有效,地方政府规章及文件
'关于印发《佛山市南海区扶持文化产业发展试行办法实施细则》的通知',佛山市南海区人民政府,2010-11-05,已失效,地方政府规章及文件
'宁阳县人民政府办公室关于贯彻国办发(2010)9号和鲁政办发(2010)46号文件精神促进电影产业繁荣发展的意见',泰安市宁阳县人民政府办公室,2010-10-25,现行有效,地方政府规章及文件
'关于印发《山东省林业产业特色区域荣誉称号命名管理办法》的通知',山东省林业局,2010-10-19,现行有效,地方政府规章及文件
'莱芜市人民政府关于实施蔬菜等五大产业振兴规划的指导意见',莱芜市人民政府,2010-10-15,现行有效,地方政府规章及文件
'菏泽市人民政府办公室关于加强小农水重点县和现代农业小麦产业项目县建设的实施意见',菏泽市人民政府办公室,2010-10-09,现行有效,地方政府规章及文件
'关于印发费县实施旋切机产业联盟标准工作方案的通知',临沂市费县人民政府办公室,2010-09-20,现行有效,地方政府规章及文件
'嘉祥县人民政府办公室关于印发《嘉祥县手套产业发展实施方案》的通知',济宁市嘉祥县人民政府办公室,2010-08-20,现行有效,地方政府规章及文件
'山东省人民政府关于实施蔬菜等五大产业振兴规划的指导意见',山东省人民政府,2010-08-18,现行有效,地方政府规章及文件
'关于转发《山东省发展和改革委员会关于贯彻发改产业1635号文件坚决制止高耗能高排放和产能过剩行业投资项目违规建设行为的通知》的通知',东营市发展和改革委员会,2010-08-18,现行有效,地方政府规章及文件
'泰安市人民政府关于加快新能源产业发展的实施意见',泰安市人民政府,2010-08-06,现行有效,地方政府规章及文件
'潍坊市人民政府关于加快新兴产业发展的实施意见',潍坊市人民政府,2010-08-04,现行有效,地方政府规章及文件
'潍坊市人民政府关于加快千亿级产业链发展的实施意见',潍坊市人民政府,2010-08-04,现行有效,地方政府规章及文件
'山东省人民政府办公厅关于贯彻国办发〔2010〕9号文件促进电影产业繁荣发展的意见',山东省人民政府办公厅,2010-08-03,现行有效,地方政府规章及文件
'肥城市人民政府办公室关于印发肥城市战略性新兴产业发展专项资金管理暂行办法的通知',肥城市人民政府办公室,2010-07-13,现行有效,地方政府规章及文件
'肥城市人民政府办公室关于印发肥城市战略性新兴产业重点领域导向目录的通知',肥城市人民政府办公室,2010-07-13,现行有效,地方政府规章及文件
'关于下达2010年现代农业生产发展资金奶牛产业项目申报指南的通知',山东省财政厅;山东省畜牧兽医局,2010-07-09,现行有效,地方政府规章及文件
'潍坊市人民政府办公室关于印发《潍坊市千亿级畜牧产业链发展规划(2010—2012)》的通知',潍坊市人民政府办公室,2010-07-09,现行有效,地方政府规章及文件
'关于印发青岛市《地方特色产业中小企业发展资金管理操作办法》的通知',青岛市财政局,2010-07-07,现行有效,地方政府规章及文件
'肥城市人民政府办公室印发关于鼓励战略性新兴产业发展的政策规定的通知',肥城市人民政府办公室,2010-07-02,现行有效,地方政府规章及文件
'枣庄市人民政府关于印发枣庄市高技术产业自主创新行动计划的通知',枣庄市人民政府,2010-07-02,现行有效,地方政府规章及文件
'山东省人民政府办公厅关于加快发展我省新型电力电子器件产业的指导意见',山东省人民政府办公厅,2010-06-18,现行有效,地方政府规章及文件
'关于印发《滨州市关于推动产业技术创新战略联盟构建与发展的实施意见》的通知',滨州市科学技术局;滨州市财政局;滨州市教育局;滨州市国有资产监督管理委员会;滨州市总工会,2010-06-11,现行有效,地方政府规章及文件
'即墨市实施定向招商工作领导小组办公室关于印发《即墨市定向招商重点推进产业指导目录》的通知',即墨市实施定向招商工作领导小组办公室,2010-06-03,现行有效,地方政府规章及文件
'关于进一步加快全市新兴产业发展的意见',滨州市人民政府,2010-05-28,现行有效,地方政府规章及文件
'菏泽市人民政府办公室关于印发菏泽市企业二三产业分离工作实施方案的通知',菏泽市人民政府办公室,2010-05-28,已失效,地方政府规章及文件
'关于扶持黄河口大闸蟹产业发展的意见',东营市海洋与渔业局;东营市供销合作社联合社;东营市财政局,2010-05-12,现行有效,地方政府规章及文件
'淄博市人民政府关于加快技术创新工程建设推进高新技术产业发展的实施意见',淄博市人民政府,2010-05-03,现行有效,地方政府规章及文件
'枣庄市人民政府关于加快新能源产业发展的意见',枣庄市人民政府,2010-04-28,现行有效,地方政府规章及文件
'滨州市高技术产业自主创新行动计划实施意见',滨州市人民政府,2010-04-26,现行有效,地方政府规章及文件
'德州市人民政府办公室关于印发全市花卉苗木产业发展考核奖励办法和干线道路景观绿化工程考核奖励办法的通知',德州市人民政府办公室,2010-04-16,现行有效,地方政府规章及文件
'济宁市人民政府办公室关于印发《济宁市市级特色产业镇(乡)认定办法》的通知',济宁市人民政府办公室,2010-04-15,现行有效,地方政府规章及文件
'济宁市人民政府办公室关于印发《济宁市市级中小企业产业集群认定办法》的通知',济宁市人民政府办公室,2010-04-15,现行有效,地方政府规章及文件
'印发《关于支持自主创新加快发展高新技术产业的若干政策》的通知',日照市人民政府,2010-04-02,现行有效,地方政府规章及文件
'关于印发《崂山区规范和扶持崂山茶产业发展的试行办法》的通知',青岛市崂山区人民政府,2010-04-01,已失效,地方政府规章及文件
'莱芜市人民政府关于印发莱芜市高新技术产业自主创新行动实施意见的通知',莱芜市人民政府,2010-03-29,现行有效,地方政府规章及文件
'关于印发《佛山市南海区都市型产业载体认定管理暂行办法》的通知',佛山市南海区人民政府,2010-03-23,现行有效,地方政府规章及文件
'关于转发市民营经济发展局《日照市中小企业产业集群发展规划》的通知',日照市人民政府办公室,2010-03-19,现行有效,地方政府规章及文件
'山东省人民政府印发关于促进新材料、新医药、新信息3个新兴产业加快发展的若干政策的通知',山东省人民政府,2010-03-18,现行有效,地方政府规章及文件
'山东省人民政府办公厅转发省经济和信息化委等部门《关于促进工业设计、海洋工程装备、游艇、文教体育用品、通信设备、机器人、高效照明等7个新兴产业加快发展的指导意见》的通知',山东省人民政府办公厅,2010-03-18,现行有效,地方政府规章及文件
'莘县人民政府关于印发莘县农业产业调整振兴计划的通知',聊城市莘县人民政府,2010-03-16,现行有效,地方政府规章及文件
'临清市人民政府关于实施“产业提升工程”的意见',临清市人民政府,2010-03-13,已失效,地方政府规章及文件
'金乡县人民政府关于建立金乡县产业项目落地建设例会制度的通知',济宁市金乡县人民政府,2010-03-07,现行有效,地方政府规章及文件
'山东省人民政府关于印发山东省高技术产业自主创新行动计划的通知',山东省人民政府,2010-02-12,现行有效,地方政府规章及文件
'批转《关于进一步规范城镇住宅用地与产业用地捆绑出让起始价及相关资金使用管理工作的请示》的通知',佛山市南海区人民政府,2010-02-09,现行有效,地方政府规章及文件
'微山县人民政府关于鼓励新能源产业发展的实施意见',济宁市微山县人民政府,2010-02-02,现行有效,地方政府规章及文件
'淄博市人民政府办公厅转发市经济信息化委《关于加快淄博市新能源装备产业发展的指导意见（2010-2012年）》的通知',淄博市人民政府办公厅,2010-01-22,现行有效,地方政府规章及文件
'淄博市人民政府办公厅转发市科技局、市经济信息化委《关于加快淄博市新材料产业集群发展的指导意见（2010－2012年）》的通知',淄博市人民政府办公厅,2010-01-21,现行有效,地方政府规章及文件
'山东省人民政府关于贯彻国发〔2009〕38号文件抑制部分行业产能过剩和重复建设引导产业健康发展的意见',山东省人民政府,2010-01-11,现行有效,地方政府规章及文件
'关于促进服务外包产业发展的若干意见',青岛市崂山区人民政府,2009-12-30,现行有效,地方政府规章及文件
'济宁市人民政府办公室关于加快中小企业产业集群发展的实施意见',济宁市人民政府办公室,2009-12-30,现行有效,地方政府规章及文件
'炎陵县人民政府关于印发《炎陵县新型墙体材料产业发展规划》的通知',株洲市炎陵县人民政府,2009-12-21,现行有效,地方政府规章及文件
'山东省人民政府印发关于促进新能源产业加快发展的若干政策的通知',山东省人民政府,2009-12-15,现行有效,地方政府规章及文件
'金乡县人民政府关于印发《金乡县产业项目落地工作运行机制及责任追究办法》的通知',济宁市金乡县人民政府,2009-12-15,现行有效,地方政府规章及文件
'泰安市人民政府办公室转发市经贸委等部门《关于新医药产业和电子信息产业调整振兴指导意见》的通知',泰安市人民政府办公室,2009-12-09,现行有效,地方政府规章及文件
'关于对全省中小企业产业集群和特色产业镇发展情况进行调研的通知',山东省中小企业办公室,2009-12-09,现行有效,地方政府规章及文件
'山东省人民政府办公厅关于转发省经济和信息化委、省中小企业办《山东省中小企业产业集群发展规划》的通知',山东省人民政府办公厅,2009-11-30,现行有效,地方政府规章及文件
'关于印发《创建山东省新型工业化产业示范基地管理暂行办法》及做好2010年度创建省级示范基地工作的通知',山东省经济和信息化委员会,2009-11-18,现行有效,地方政府规章及文件
'周村区人民政府关于加快发展节能环保产业的意见',淄博市周村区人民政府,2009-11-05,现行有效,地方政府规章及文件
'关于印发《关于强化科技创新推进中小企业产业集群发展的意见》的通知',山东省科学技术厅,2009-11-03,现行有效,地方政府规章及文件
'关于加快推进企业内部二三产业分离工作的通知',临沂市费县人民政府办公室,2009-10-30,现行有效,地方政府规章及文件
'威海市人民政府关于印发威海市机械装备制造业调整振兴规划等产业调整振兴和发展规划的通知',威海市人民政府,2009-10-29,现行有效,地方政府规章及文件
'梁山县人民政府办公室关于印发梁山县重大产业项目国内集中招商活动实施方案的通知',济宁市梁山县人民政府办公室,2009-09-22,已失效,地方政府规章及文件
'东营市人民政府办公室关于印发东营市重点产业“四个一”工程实施方案的通知',东营市人民政府办公室,2009-09-18,现行有效,地方政府规章及文件
'东营市人民政府办公室关于印发东营市石油装备产业整合试点工作方案的通知',东营市人民政府办公室,2009-09-07,现行有效,地方政府规章及文件
'山东省人民政府办公厅关于推进新能源汽车产业发展的若干意见',山东省人民政府办公厅,2009-08-27,现行有效,地方政府规章及文件
'转发发改办产业〔2009〕1686号文件《关于做好工业中小企业技术改造项目有关工作的通知》的通知',山东省中小企业办公室,2009-08-19,现行有效,地方政府规章及文件
'关于印发《山东省推进产业技术创新战略联盟工作管理办法》(试行)的通知',山东省科学技术厅,2009-08-19,现行有效,地方政府规章及文件
'潍坊市人民政府办公室关于印发服装、化纤、家用纺织品、棉纺织、印染、铝型材、新型建筑材料、盐化工、煤化工、农药、橡胶轮胎、电动车等12个特色产业调整振兴规划(第二批)的通知',潍坊市人民政府办公室,2009-08-18,现行有效,地方政府规章及文件
'德州市人民政府办公室关于加快花卉苗木产业发展的意见',德州市人民政府办公室,2009-08-18,现行有效,地方政府规章及文件
'莘县人民政府办公室关于印发莘县产业集群发展规划实施方案的通知',聊城市莘县人民政府办公室,2009-08-13,现行有效,地方政府规章及文件
'济宁市人民政府关于鼓励新能源产业发展的实施意见',济宁市人民政府,2009-08-13,现行有效,地方政府规章及文件
'关于印发《青岛市促进服务外包产业快速发展的补充政策》的通知',青岛市对外贸易经济合作局;青岛市财政局,2009-08-12,已失效,地方政府规章及文件
'青岛市信息产业局关于公布青岛市第四十六批登记备案软件产品的通知',青岛市信息产业局,2009-08-12,现行有效,地方政府规章及文件
'重庆市南川区人民政府办公室关于加快烟草产业发展的实施意见',重庆市南川区人民政府办公室,2009-08-10,现行有效,地方政府规章及文件
'潍坊市人民政府办公室关于印发农业装备、工程机械、专用机械、节能环保、造纸、包装、畜禽产品加工、水泥、中药、电声器件、软件与信息服务业等11个特色产业调整振兴规划(第一批)的通知',潍坊市人民政府办公室,2009-07-30,现行有效,地方政府规章及文件
'青岛市信息产业局关于公布青岛市第十三批延续登记软件产品的通知',青岛市信息产业局,2009-07-29,现行有效,地方政府规章及文件
'关于印发滨州高新技术产业开发区设立方案的通知',滨州市人民政府,2009-07-21,现行有效,地方政府规章及文件
'关于印发《山东省关于推动产业技术创新战略联盟构建的实施意见》的通知',山东省科学技术厅;山东省财政厅;山东省教育厅;山东省人民政府国有资产监督管理委员会;山东省总工会;国家开发银行山东省分行,2009-07-14,现行有效,地方政府规章及文件
'中牟县人民政府关于支持汽车产业健康发展的意见',郑州市中牟县人民政府,2009-07-14,已失效,地方政府规章及文件
'临朐县人民政府办公室关于印发2009年临朐县高新技术产业发展指导计划的通知',潍坊市临朐县人民政府办公室,2009-07-14,现行有效,地方政府规章及文件
'南召县人民政府关于印发南召县花生产业2009－2015年发展规划(试行)的通知',南阳市南召县人民政府,2009-06-30,现行有效,地方政府规章及文件
'南召县人民政府关于印发南召县柞蚕产业2009－2015年发展规划(试行)的通知',南阳市南召县人民政府,2009-06-30,现行有效,地方政府规章及文件
'南召县人民政府关于印发南召县辛夷产业2009－2015年发展规划(试行)的通知',南阳市南召县人民政府,2009-06-30,现行有效,地方政府规章及文件
'南召县人民政府关于印发南召县花卉苗木产业2009－2015年发展规划(试行)的通知',南阳市南召县人民政府,2009-06-30,现行有效,地方政府规章及文件
'山东省人民政府关于加快我省新能源和节能环保产业发展的意见',山东省人民政府,2009-06-26,现行有效,地方政府规章及文件
'关于大力发展信息产业推进信息化与工业化融合的意见',日照市人民政府,2009-06-06,现行有效,地方政府规章及文件
'南召县人民政府关于印发《南召县产业集聚区建设管理暂行办法》的通知',南阳市南召县人民政府,2009-05-26,现行有效,地方政府规章及文件
'关于对房地产业土地增值税税种登记和税款征收进行整改的通知',威海市地方税务局,2009-05-25,现行有效,地方政府规章及文件
'山东省畜牧兽医局关于加强现代畜牧产业技术体系建设工作协调的通知',山东省畜牧兽医局,2009-05-18,现行有效,地方政府规章及文件
'山东省人民政府办公厅转发省经贸委等部门《关于粮油加工、乳业及乳制品、烟草、中药、丝绸、皮革、塑料、包装等8个特色产业调整振兴指导意见(第三批)的通知》',山东省人民政府办公厅,2009-05-18,现行有效,地方政府规章及文件
'山东省人民政府办公厅转发省经贸委等部门《关于黄金、建材、石材、水泥及散装水泥、电工电气及仪表、石油装备、煤炭机械、煤化工、焦化等9个特色产业调整振兴指导意见(第四批)的通知》',山东省人民政府办公厅,2009-05-18,现行有效,地方政府规章及文件
'关于印发《山东省信息产业厅规范性文件备案规定》的通知',山东省信息产业厅,2009-05-14,现行有效,地方政府规章及文件
'山东省人民政府办公厅转发省经贸委等部门关于促进航空航天、核电装备、新能源、节能环保、新材料等5个新兴产业加快发展的指导意见(第三批)的通知',山东省人民政府办公厅,2009-05-08,现行有效,地方政府规章及文件
'山东省人民政府办公厅转发省经贸委等部门关于促进生物、海洋、集成电路、彩电平板显示、轨道交通等5个新兴产业加快发展的指导意见(第二批)的通知',山东省人民政府办公厅,2009-05-07,现行有效,地方政府规章及文件
'关于进一步做好优化产业结构推进企业二、三产业分离工作的通知',威海市地方税务局,2009-05-06,现行有效,地方政府规章及文件
'山东省人民政府办公厅转发省经贸委等部门关于氯碱、农药、化肥、炼化、轮胎、食品、葡萄酒、白酒、啤酒、造纸、自行车电动车、陶瓷、钟表等13个特色产业调整振兴指导意见(第一批)的通知',山东省人民政府办公厅,2009-05-05,现行有效,地方政府规章及文件
'山东省人民政府办公厅转发省经贸委等部门关于家具、工艺美术、家电、五金衡器、医药、服装、纺织机械、农业机械、铸造、模具等10个特色产业调整振兴指导意见(第二批)的通知',山东省人民政府办公厅,2009-05-05,现行有效,地方政府规章及文件
'泰安市人民政府关于支持和促进房地产业持续健康发展的意见',泰安市人民政府,2009-04-27,现行有效,地方政府规章及文件
'烟台市芝罘区人民政府办公室关于印发《烟台市芝罘区人民政府关于实施产业招商的意见》的通知',烟台市芝罘区人民政府办公室,2009-04-27,现行有效,地方政府规章及文件
'东平县人民政府关于加快麻鸭产业发展的意见',泰安市东平县人民政府,2009-04-27,现行有效,地方政府规章及文件
'济宁市人民政府办公室关于建立济宁市服务业重点产业和重点工业协调推进制度的意见的通知',济宁市人民政府办公室,2009-04-25,现行有效,地方政府规章及文件
'山东省人民政府办公厅转发省经贸委省信息产业厅关于促进射频识别(RFID)等3个新兴产业加快发展的指导意见(第一批)的通知',山东省人民政府办公厅,2009-04-22,现行有效,地方政府规章及文件
'临清市人民政府关于印发《临清市文化产业发展规划(2009－2015年)》的通知',临清市人民政府,2009-04-15,现行有效,地方政府规章及文件
'关于做好现代农业生产发展资金粮食产业项目核心示范区玉米良种统一供应工作的通知',山东省农业厅,2009-04-13,现行有效,地方政府规章及文件
'莘县人民政府关于实施重点产业招商的意见',聊城市莘县人民政府,2009-04-13,现行有效,地方政府规章及文件
'威海市人民政府办公室关于印发赴长三角与珠三角地区集中开展产业合作对接活动工作方案的通知',威海市人民政府办公室,2009-04-09,已失效,地方政府规章及文件
'关于印发《全国地理信息产业峰会全国地理信息应用成果及地图展览会参会参展筹备工作方案》的通知',山东省国土资源厅,2009-03-30,现行有效,地方政府规章及文件
'关于印发《山亭区开展二三产业分离优化产业结构试点工作实施方案》的通知',枣庄市山亭区人民政府办公室,2009-03-27,现行有效,地方政府规章及文件
'关于印发《深圳市产业结构调整优化和产业导向目录(2009年修订)》的通知',深圳市中小企业局,2009-03-25,现行有效,地方政府规章及文件
'淄博市人民政府办公厅关于加快发展节能环保产业的意见',淄博市人民政府办公厅,2009-03-18,现行有效,地方政府规章及文件
'梁山县人民政府关于实行企业二三产业分离的意见',济宁市梁山县人民政府,2009-03-18,已失效,地方政府规章及文件
'青岛市信息产业局、青岛市财政局关于印发2009年青岛市信息产业专项资金项目指南的通知',青岛市信息产业局;青岛市财政局,2009-03-16,现行有效,地方政府规章及文件
'德州市人民政府关于进一步加快生物产业发展的意见',德州市人民政府,2009-03-14,现行有效,地方政府规章及文件
'枣庄市人民政府办公室关于建立枣庄市服务业重点产业和重点工作协调推进制度的意见',枣庄市人民政府办公室,2009-03-13,现行有效,地方政府规章及文件
'威海市人民政府关于实施产业招商的意见',威海市人民政府,2009-03-13,现行有效,地方政府规章及文件
'莘县人民政府关于进一步加快产业集群发展的意见',聊城市莘县人民政府,2009-03-13,现行有效,地方政府规章及文件
'关于贯彻全省工业调整振兴大会精神大力推进产业招商的通知',山东省对外贸易经济合作厅,2009-03-06,现行有效,地方政府规章及文件
'聊城市人民政府关于实施重点产业招商的意见',聊城市人民政府,2009-02-18,现行有效,地方政府规章及文件
'关于加快银杏产业发展的意见',济宁市泗水县人民政府,2009-02-17,现行有效,地方政府规章及文件
'德州市人民政府办公室关于实施产业招商扩大利用外资的意见',德州市人民政府办公室,2009-02-07,现行有效,地方政府规章及文件
'济宁市人民政府办公室转发市经贸委、市节能办《关于加快发展节能服务产业的意见》的通知',济宁市人民政府办公室,2009-01-04,现行有效,地方政府规章及文件
'转发《财政部、国家税务总局关于扶持动漫产业发展有关税收政策问题的通知》的通知',青岛市财政局;青岛市国家税务局;青岛市地方税务局,2009,现行有效,地方政府规章及文件
'淄博市人民政府办公厅印发关于建立淄博市服务业重点产业和重点工作协调推进制度的意见的通知',淄博市人民政府办公厅,2008-12-31,现行有效,地方政府规章及文件
'德州市人民政府关于大力推进信息化建设和信息产业发展的意见',德州市人民政府,2008-12-31,现行有效,地方政府规章及文件
'淄博市人民政府办公厅关于实施产业招商的意见',淄博市人民政府办公厅,2008-12-30,现行有效,地方政府规章及文件
'泰安市人民政府办公室印发关于建立泰安市服务业重点产业和重点工作协调推进制度的意见的通知',泰安市人民政府办公室,2008-12-29,现行有效,地方政府规章及文件
'关于印发《山东省现代农业生产发展资金畜牧产业项目管理暂行办法》的通知',山东省畜牧兽医局;山东省财政厅,2008-12-28,现行有效,地方政府规章及文件
'临朐县人民政府关于支持和促进房地产业持续健康发展的意见',潍坊市临朐县人民政府,2008-12-15,已失效,地方政府规章及文件
'印发关于加快全省新能源配套产业发展的指导意见的通知',山东省经济贸易委员会,2008-12-08,现行有效,地方政府规章及文件
'潍坊市人民政府办公室印发市财政局、市金融证券办《关于进一步支持金融产业加快发展的意见》的通知',潍坊市人民政府办公室,2008-12-06,已失效,地方政府规章及文件
'关于印发《佛山市南海区产业转移规划（2008--2012）》的通知',佛山市南海区人民政府,2008-12-03,现行有效,地方政府规章及文件
'关于印发佛山市南海区产业转移实施方案的通知',佛山市南海区人民政府,2008-12-03,现行有效,地方政府规章及文件
'山东省文化厅关于转发《文化部关于扶持我国动漫产业发展的若干意见》的通知',山东省文化厅,2008-12-02,现行有效,地方政府规章及文件
'潍坊市人民政府关于支持和促进房地产业持续健康发展的意见',潍坊市人民政府,2008-11-22,已失效,地方政府规章及文件
'关于印发《山东省文化产业统计监测工作实施方案》的通知',山东省文化体制改革和文化产业发展工作领导小组,2008-11-21,现行有效,地方政府规章及文件
'关于加强和改进全省文化产业统计监测工作的意见',山东省文化体制改革和文化产业发展工作领导小组,2008-11-21,现行有效,地方政府规章及文件
'聊城市人民政府关于加快产业集群发展的意见',聊城市人民政府,2008-11-14,现行有效,地方政府规章及文件
'枣庄市人民政府关于印发枣庄市产业发展规划编制工作方案的通知',枣庄市人民政府,2008-11-12,已失效,地方政府规章及文件
'山东省人民政府办公厅转发省经贸委省政府节能办关于加快发展节能服务产业的意见的通知',山东省人民政府办公厅,2008-11-11,现行有效,地方政府规章及文件
'潍坊市人民政府办公室关于印发《鼓励支持高新技术产业加快发展的有关政策规定》的通知',潍坊市人民政府办公室,2008-10-28,现行有效,地方政府规章及文件
'肥城市人民政府关于进一步加快高新技术产业开发区发展的意见',肥城市人民政府,2008-10-15,现行有效,地方政府规章及文件
'关于进一步做好现代农业生产发展资金粮食产业项目实施工作的通知',山东省农业厅,2008-10-10,现行有效,地方政府规章及文件
'关于印发《国家高新技术产业标准化示范区建设实施方案(2008年-2009年)》的通知',青岛市质量技术监督局;青岛市高新技术产业区管理委员会;青岛市科学技术局,2008-09-22,现行有效,地方政府规章及文件
'山东省人民政府办公厅印发关于建立山东省服务业重点产业和重点工作协调推进制度的意见的通知',山东省人民政府办公厅,2008-09-11,现行有效,地方政府规章及文件
'关于印发《佛山市南海区产业发展指导意见》的通知',佛山市南海区人民政府,2008-09-11,已失效,地方政府规章及文件
'山东省人民政府办公厅关于实施产业招商的意见',山东省人民政府办公厅,2008-09-10,现行有效,地方政府规章及文件
'沅陵县人民政府关于茶叶产业开发的实施意见',怀化市沅陵县人民政府,2008-09-04,现行有效,地方政府规章及文件
'山东省人民政府关于大力发展信息产业推进信息化与工业化融合的意见',山东省人民政府,2008-09-01,现行有效,地方政府规章及文件
'重庆市信息产业局、重庆市经济委员会、重庆市环境保护局、重庆市中小企业局关于印发重庆市节能减排电子信息技术、产品与应用方案推荐目录的通知',重庆市信息产业局;重庆市经济委员会;重庆市环境保护局;重庆市中小企业局,2008-08-28,现行有效,地方政府规章及文件
'青岛市信息产业局关于进一步加强软件产业统计工作的通知',青岛市信息产业局,2008-08-22,现行有效,地方政府规章及文件
'转发《关于印发〈山东省文化产业发展专项资金管理办法(试行)〉的通知》的通知',威海市财政局,2008-08-22,现行有效,地方政府规章及文件
'关于贯彻落实《山东省人民政府关于加快产业集群发展的意见》通知',山东省中小企业办公室,2008-08-01,现行有效,地方政府规章及文件
'中共山东省委宣传部、山东省财政厅关于印发《山东省文化产业发展专项资金管理办法(试行)》的通知',中共山东省委宣传部;山东省财政厅,2008-07-28,现行有效,地方政府规章及文件
'山东省人民政府关于加快产业集群发展的意见',山东省人民政府,2008-07-24,现行有效,地方政府规章及文件
'中共聊城市委办公室、聊城市人民政府办公室关于印发聊城市文化产业发展专项规划（2008－2015）的通知',中共聊城市委办公室;聊城市人民政府办公室,2008-07-23,现行有效,地方政府规章及文件
'聊城市人民政府办公室印发关于促进文化建设加快文化产业发展若干政策的通知',聊城市人民政府办公室,2008-07-21,现行有效,地方政府规章及文件
'转发省经贸委《关于印发2008年山东省产业技术研究与开发项目指南的通知》',威海市经济贸易委员会,2008-07-11,现行有效,地方政府规章及文件
'关于做好我省国家级和省级电子信息产业园区统计工作的通知',山东省信息产业厅,2008-06-27,现行有效,地方政府规章及文件
'关于印发2008年山东省产业技术研究与开发项目指南的通知',山东省经济贸易委员会,2008-06-24,现行有效,地方政府规章及文件
'青岛市信息产业局贯彻落实《山东省信息化促进条例》实施意见',青岛市信息产业局,2008-06-17,现行有效,地方政府规章及文件
'关于印发2008年山东峄城(浙江)产业专题招商活动工作方案的通知',枣庄市峄城区人民政府办公室,2008-06-02,已失效,地方政府规章及文件
'蒙阴县人民政府关于推进果品产业现代化进程的意见',临沂市蒙阴县人民政府,2008-05-19,现行有效,地方政府规章及文件
'关于印发《淄博市文化产业示范基地评选命名管理办法》的通知',淄博市文化局,2008-05-12,现行有效,地方政府规章及文件
'山东省人民政府办公厅关于转发省发展改革委山东省生物产业发展规划（2008——2012年）的通知',山东省人民政府办公厅,2008-05-09,现行有效,地方政府规章及文件
'潍坊市人民政府关于印发《潍坊市重点产业投资优惠政策》的通知',潍坊市人民政府,2008-05-09,已失效,地方政府规章及文件
'中共北湖区委、北湖区人民政府关于加快承接沿海加工贸易产业转移的意见',中共郴州市北湖区委;郴州市北湖区人民政府,2008-05-09,现行有效,地方政府规章及文件
'青岛市人民政府办公厅印发关于加快文化产业发展若干政策的通知',青岛市人民政府办公厅,2008-04-28,现行有效,地方政府规章及文件
'烟台市人民政府关于加快发展核电产业的意见',烟台市人民政府,2008-04-26,现行有效,地方政府规章及文件
'南明区人民政府关于印发《南明区关于加快茶产业发展的实施意见》的通知',贵阳市南明区人民政府,2008-04-17,现行有效,地方政府规章及文件
'山东省信息产业厅、山东省发展和改革委员会关于印发《关于推进我省信息产业企业上市融资规范发展的意见》的通知',山东省信息产业厅;山东省发展和改革委员会,2008-03-31,现行有效,地方政府规章及文件
'烟台市人民政府办公室印发关于深化文化体制改革加快文化产业发展的若干政策的通知',烟台市人民政府办公室,2008-03-29,现行有效,地方政府规章及文件
'潍城区人民政府办公室转发市政府办公室《关于加快全市工艺美术产业发展的实施意见的通知》的通知',潍坊市潍城区人民政府办公室,2008-03-28,现行有效,地方政府规章及文件
'关于进一步加强软件产业统计工作的意见',山东省信息产业厅,2008-03-21,现行有效,地方政府规章及文件
'关于印发青岛市外商投资产业指导意见的通知',青岛市人民政府办公厅,2008-03-17,现行有效,地方政府规章及文件
'青岛市人民政府办公厅关于加快信息产业发展和信息化建设的意见',青岛市人民政府办公厅,2008-03-07,现行有效,地方政府规章及文件
'山东省发展改革委、信息产业厅关于印发《山东省半导体照明产业发展规划（2008-2010）》的通知',山东省发展和改革委员会;山东省信息产业厅,2008-03-03,现行有效,地方政府规章及文件
'威海市人民政府关于促进服务外包产业发展的意见',威海市人民政府,2008-02-26,现行有效,地方政府规章及文件
'山东省人民政府办公厅转发省发展改革委省信息产业厅关于加快半导体照明产业发展的意见的通知',山东省人民政府办公厅,2008-01-21,现行有效,地方政府规章及文件
'淄博市人民政府办公厅关于印发淄博市信息产业局职能配置内设机构和人员编制规定的通知',淄博市人民政府办公厅,2008-01-04,现行有效,地方政府规章及文件
'关于加强科技与金融合作大力推进高新技术产业发展的意见',淄博市淄川区人民政府,2008,现行有效,地方政府规章及文件
'山东省人民政府办公厅关于十一五期间加快转变出口增长方式促进机电产业发展的意见',山东省人民政府办公厅,2007-12-25,现行有效,地方政府规章及文件
'山东省人民政府办公厅关于印发山东省外商投资产业指导意见的通知',山东省人民政府办公厅,2007-12-20,现行有效,地方政府规章及文件
'关于印发《山东省文化产业发展专项规划（2007-2015）》的通知',山东省省委办公厅;山东省人民政府办公厅,2007-12-17,现行有效,地方政府规章及文件
'德州市人民政府关于支持德州国家生物产业基地加快建设若干政策的意见',德州市人民政府,2007-12-14,现行有效,地方政府规章及文件
'山东省人民政府办公厅印发关于深化文化体制改革加快文化产业发展的若干政策的通知',山东省人民政府办公厅,2007-12-12,现行有效,地方政府规章及文件
'聊城市人民政府关于产业发展的指导意见',聊城市人民政府,2007-11-28,现行有效,地方政府规章及文件
'聊城市人民政府办公室关于印发聊城市产业发展导向目录的通知',聊城市人民政府办公室,2007-11-27,现行有效,地方政府规章及文件
'山东省人民政府办公厅关于印发山东省高技术产业发展“十一五”规划的通知',山东省人民政府办公厅,2007-11-16,现行有效,地方政府规章及文件
'莘县人民政府办公室关于加强建筑业和房地产业税收管理工作的通知',聊城市莘县人民政府办公室,2007-11-08,现行有效,地方政府规章及文件
'山东省人民政府关于加快服务外包产业发展的意见',山东省人民政府,2007-10-26,现行有效,地方政府规章及文件
'关于印发佛山市南海区第三产业统计实施方案的通知',佛山市南海区人民政府办公室,2007-10-23,现行有效,地方政府规章及文件
'潍城区人民政府办公室转发区中小企业局《促进全区农机产业持续快速健康发展的意见》的通知',潍坊市潍城区人民政府办公室,2007-10-17,现行有效,地方政府规章及文件
'济宁市人民政府关于实行企业二三产业分离优化税收结构的意见',济宁市人民政府,2007-10-10,现行有效,地方政府规章及文件
'山东省人民政府办公厅转发省经贸委关于加快工艺美术产业发展的意见的通知',山东省人民政府办公厅,2007-09-26,现行有效,地方政府规章及文件
'德州市人民政府办公室关于优化产业结构壮大地方财力工作的意见',德州市人民政府办公室,2007-09-16,现行有效,地方政府规章及文件
'山东省文化厅关于印发《山东省文化产业示范基地评选命名管理办法》的通知',山东省文化厅,2007-09-03,现行有效,地方政府规章及文件
'莱芜市人民政府办公室关于规范企业二三产业分离促进第三产业发展壮大地方财力的意见',莱芜市人民政府办公室,2007-08-29,现行有效,地方政府规章及文件
'关于进一步加强文化产业工作的通知',山东省文化厅,2007-08-27,现行有效,地方政府规章及文件
'关于印发《山东省支持自主创新加快高新技术产业发展的若干资金（金融）扶持政策》的通知',山东省发展和改革委员会,2007-08-23,现行有效,地方政府规章及文件
'莱芜市人民政府办公室关于加强房地产业税收管理工作的通知',莱芜市人民政府办公室,2007-07-31,现行有效,地方政府规章及文件
'菏泽市人民政府办公室关于加强建筑业和房地产业税收管理的通知',菏泽市人民政府办公室,2007-07-19,现行有效,地方政府规章及文件
'转发市府办《关于加快推进我市陶瓷产业调整提升工作的通知》',佛山市南海区人民政府办公室,2007-07-13,现行有效,地方政府规章及文件
'关于转发《国家质量监督检验检疫总局、国家发展和改革委员会关于工业产品生产许可工作中严格执行国家产业政策有关问题的通知》的通知',青岛市经济贸易委员会;青岛市质量技术监督局,2007-07-04,现行有效,地方政府规章及文件
'滨州市人民政府关于鼓励支持纺织家纺服装产业链延伸的意见',滨州市人民政府,2007-06-29,现行有效,地方政府规章及文件
'菏泽市人民政府办公室关于加强建筑业和房地产业税收管理工作的通知',菏泽市人民政府办公室,2007-06-14,现行有效,地方政府规章及文件
'关于印发认真落实技术标准战略，积极推进专业镇（街道）和产业集群实施联盟标准的通知',佛山市南海区人民政府办公室,2007-05-25,现行有效,地方政府规章及文件
'关于鼓励和扶持动漫产业发展的意见',烟台市芝罘区人民政府,2007-05-12,现行有效,地方政府规章及文件
'聊城市人民政府办公室关于经济开发区财政体制及高新技术产业园有关问题的通知',聊城市人民政府办公室,2007-05-10,现行有效,地方政府规章及文件
'山东省信息产业厅、山东省地方税务局、山东省国家税务局关于印发《山东省信息服务业企业认定管理办法（暂行）》的通知',山东省信息产业厅;山东省地方税务局;山东省国家税务局,2007-04-18,现行有效,地方政府规章及文件
'滨州市人民政府办公室关于印发滨州市电子信息产业链延伸工作方案的通知',滨州市人民政府办公室,2007-04-13,现行有效,地方政府规章及文件
'山东省人民政府办公厅转发省工商局、省信息产业厅关于在全省推行企业数字证书的意见的通知',山东省人民政府办公厅,2007-04-11,现行有效,地方政府规章及文件
'关于加快软件产业发展的意见',烟台市芝罘区人民政府,2007-04-11,现行有效,地方政府规章及文件
'重庆市南岸区人民政府关于加快文化产业发展的实施意见',重庆市南岸区人民政府,2007-04-10,现行有效,地方政府规章及文件
'山东省人民政府办公厅转发省文化厅等部门关于推动我省动漫产业发展的若干意见的通知',山东省人民政府办公厅,2007-03-14,现行有效,地方政府规章及文件
'济宁市人民政府办公室关于印发济宁市信息产业局职能配置内设机构和人员编制规定的通知',济宁市人民政府办公室,2007-02-14,现行有效,地方政府规章及文件
'关于转发《国家发展改革委关于印发促进产业集群发展的若干意见的通知》的通知',山东省中小企业办公室,2007,现行有效,地方政府规章及文件
'关于大力发展非煤产业促进全省煤炭行业又好又快发展的指导意见',山东省煤炭工业局,2007,现行有效,地方政府规章及文件
'潍坊市人民政府办公室转发市经贸委《关于加快节能环保产业发展的实施意见》的通知',潍坊市人民政府办公室,2006-11-27,已失效,地方政府规章及文件
'中共滨州市委、滨州市人民政府关于加快发展第三产业尤其是现代服务业和旅游业的若干政策意见（试行）',中共滨州市委;滨州市人民政府,2006-09-12,现行有效,地方政府规章及文件
'泰安市人民政府办公室转发人行泰安市中心支行《关于进一步加大金融支持力度促进主导产业加快发展的意见》的通知',泰安市人民政府办公室,2006-09-11,现行有效,地方政府规章及文件
'滨州市人民政府办公室关于印发滨州市信息产业局职能配置内设机构和人员编制规定的通知',滨州市人民政府办公室,2006-08-19,现行有效,地方政府规章及文件
'威海市人民政府办公室转发市信息产业局《关于大力推进中小企业信息化建设的意见》的通知',威海市人民政府办公室,2006-07-19,现行有效,地方政府规章及文件
'德州市人民政府办公室转发市信息产业局等六单位《关于加快全市信息化建设的实施意见》的通知',德州市人民政府办公室,2006-07-14,现行有效,地方政府规章及文件
'聊城市人民政府关于加快建设和发展有色金属材料及制品产业基地的意见',聊城市人民政府,2006-06-18,现行有效,地方政府规章及文件
'山东省人民政府办公厅关于加快发展我省集成电路产业的意见',山东省人民政府办公厅,2006-06-08,现行有效,地方政府规章及文件
'菏泽市人民政府关于加快裘皮产业发展的意见',菏泽市人民政府,2006-05-20,现行有效,地方政府规章及文件
'德州市人民政府办公室关于进一步加强建筑业和房地产业税收管理工作的通知',德州市人民政府办公室,2006-05-12,现行有效,地方政府规章及文件
'关于转发鲁政办发〔2005〕62号文件进一步《加强建筑业和房地产业税收管理工作的通知》',日照市人民政府办公室,2006-04-30,现行有效,地方政府规章及文件
'青岛市发展和改革委员会、青岛市环境保护局、青岛市科学技术局、青岛市信息产业局、青岛市财政局、青岛市质量技术监督局、青岛市工商行政管理局、青岛市市政公用局关于印发《废旧家电及电子产品回收处理试点暂行办法》的通知',青岛市发展和改革委员会;青岛市环境保护局;青岛市科学技术局;青岛市信息产业局;青岛市财政局;青岛市质量技术监督局;青岛市工商行政管理局;青岛市市政公用局,2006-04-21,现行有效,地方政府规章及文件
'中共南岸区委、南岸区人民政府关于发展创意产业的意见',中共重庆市南岸区委;重庆市南岸区人民政府,2006-03-28,现行有效,地方政府规章及文件
'潍坊市人民政府关于进一步加快潍坊高新技术产业开发区发展的决定',潍坊市人民政府,2006-03-10,现行有效,地方政府规章及文件
'日照市人民政府办公室关于印发日照市参加2006年中日韩产业交流会（青岛）工作方案的通知',日照市人民政府办公室,2006-02-28,现行有效,地方政府规章及文件
'聊城市人民政府关于进一步加快旅游产业发展的意见',聊城市人民政府,2006-02-20,现行有效,地方政府规章及文件
'薛城区人民政府关于加强建筑业和房地产业税收管理工作的通知',枣庄市薛城区人民政府,2006-02-16,现行有效,地方政府规章及文件
'滨州市人民政府关于加快甜高粱产业发展的意见',滨州市人民政府,2006-02-13,现行有效,地方政府规章及文件
'山东省信息产业厅关于加快我省信息服务业发展的意见',山东省信息产业厅,2006,现行有效,地方政府规章及文件
