'昆山深化两岸产业合作试验区条例',江苏省人民代表大会常务委员会,2020-11-27,现行有效,地方性法规及文件
'苏州市人民代表大会常务委员会关于修改《苏州国家高新技术产业开发区条例》的决定',苏州市人民代表大会常务委员会,2011-01-28,现行有效,地方性法规及文件
'苏州国家高新技术产业开发区条例',苏州市人民代表大会常务委员会,2011-01-28,现行有效,地方性法规及文件
'江苏省软件产业促进条例',江苏省人民代表大会常务委员会,2007-05-30,现行有效,地方性法规及文件
'关于印发《六合现代农业产业园区(竹镇镇)领导干部谈心谈话办法》的通知',中共南京市六合区委六合现代农业产业园区工作委员会;中共南京市六合区竹镇镇委员会,2015-05-04,现行有效,团体规定
'关于印发《六合现代农业产业园区(竹镇镇)党政联席会议议事规则》的通知',中共南京市六合区委六合现代农业产业园区工作委员会;中共南京市六合区竹镇镇委员会,2015-03-09,现行有效,团体规定
'关于印发《六合现代农业产业园区(竹镇镇)“三重一大”事项议事规则》的通知',中共南京市六合区委六合现代农业产业园区工作委员会;中共南京市六合区竹镇镇委员会,2015-03-09,现行有效,团体规定
'关于印发《六合现代农业产业园区(竹镇镇)主任(镇长)办公(扩大)会议事规则(试行)》的通知',中共南京市六合区委六合现代农业产业园区工作委员会;中共南京市六合区竹镇镇委员会,2015-03-09,现行有效,团体规定
'关于印发《江北新区(自贸区)促进区块链产业发展若干政策措施》的通知',南京市江北新区管理委员会,2020-05-30,现行有效,地方政府规章及文件
'省人力资源社会保障厅关于开展化工产业保留生产企业依法用工专项行动的通知',江苏省人力资源和社会保障厅,2020-04-10,现行有效,地方政府规章及文件
'关于印发《中国(江苏)自由贸易试验区连云港片区产业发展资金管理办法》等政策的通知',中国（江苏）自由贸易试验区连云港片区工作领导小组办公室;中国（江苏）自由贸易试验区连云港片区管理委员会,2020-04-02,现行有效,地方政府规章及文件
'省政府关于促进乡村产业振兴推动农村一二三产业融合发展走在前列的意见',江苏省人民政府,2020-02-24,现行有效,地方政府规章及文件
'南京江北新区关于进一步深化绿色金融创新促进绿色产业高质量发展的实施意见(试行)',南京市江北新区管理委员会财政局,2020,现行有效,地方政府规章及文件
'市政府关于进一步完善徐州市产业发展基金运作管理机制的通知',徐州市人民政府,2019-10-17,现行有效,地方政府规章及文件
'省政府办公厅关于稳定生猪生产保障市场供应推动生猪产业高质量发展的实施意见',江苏省人民政府办公厅,2019-10-02,现行有效,地方政府规章及文件
'市政府办公室关于印发支持徐州市循环经济产业园建设发展优惠政策的通知',徐州市人民政府办公室,2019-08-28,现行有效,地方政府规章及文件
'市政府办公室关于印发徐州市促进安全产业发展实施方案的通知',徐州市人民政府办公室,2019-05-21,现行有效,地方政府规章及文件
'省政府办公厅关于推进农业高新技术产业示范区建设发展的实施意见',江苏省人民政府办公厅,2019-04-28,现行有效,地方政府规章及文件
'市政府办公室关于印发《2018年秋收秋种和2019年农业产业结构调整指导意见》的通知',徐州市人民政府办公室,2018-09-28,现行有效,地方政府规章及文件
'省政府办公厅印发关于促进科技与产业融合加快科技成果转化实施方案的通知',江苏省人民政府办公厅,2018-08-24,现行有效,地方政府规章及文件
'清丰县人民政府关于印发清丰县加快推进红薯产业发展实施意见的通知',濮阳市清丰县人民政府,2018-04-20,现行有效,地方政府规章及文件
'市政府关于印发《加快农业产业集群建设提升全市农业市场化水平实施方案》的通知',徐州市人民政府,2018-03-15,现行有效,地方政府规章及文件
'徐州市人民政府关于加快发展体育产业促进体育消费的实施意见',徐州市人民政府,2018-02-13,现行有效,地方政府规章及文件
'市政府办公室关于调整徐州市循环经济产业园区建设工作领导小组的通知',徐州市人民政府办公室,2017-08-31,现行有效,地方政府规章及文件
'镇江市人民政府关于印发镇江市重点产业链优化培育工作实施意见(2017—2019年)的通知',镇江市人民政府,2017-07-27,现行有效,地方政府规章及文件
'市政府办公室关于加快推进建筑产业现代化促进建筑产业转型升级的补充通知',徐州市人民政府办公室,2017-05-31,现行有效,地方政府规章及文件
'市政府办公室关于印发《徐州市建筑产业现代化“十三五”发展规划》的通知',徐州市人民政府办公室,2017-05-18,现行有效,地方政府规章及文件
'关于发布《江苏省高新技术产业统计分类目录》(2016年修订)的通知',江苏省科学技术厅;江苏省统计局,2017-01-24,现行有效,地方政府规章及文件
'关于公布江苏省第四批产业教授(兼职)名单的通知',江苏省人才工作领导小组办公室;江苏省教育厅;江苏省人力资源和社会保障厅;江苏省财政厅,2017-01-09,现行有效,地方政府规章及文件
'省人力资源社会保障厅关于同意筹建“江苏南通苏通人力资源服务产业园”的复函',江苏省人力资源和社会保障厅,2016-12-29,现行有效,地方政府规章及文件
'省人力资源社会保障厅关于同意在徐州高新技术产业开发区管理委员会等十三家区域类博士后创新实践基地增设25个分站的通知',江苏省人力资源和社会保障厅,2016-12-28,现行有效,地方政府规章及文件
'镇江市人民政府办公室关于印发镇江市贯彻落实《省政府关于加快推进产业科技创新中心和创新型省份建设若干政策措施》目标责任分解的通知',镇江市人民政府办公室,2016-12-27,现行有效,地方政府规章及文件
'镇江市人民政府办公室关于加快农业产业结构调整的指导意见',镇江市人民政府办公室,2016-10-20,现行有效,地方政府规章及文件
'市政府关于印发徐州市加快推进建筑产业现代化、促进建筑产业转型升级的实施意见的通知',徐州市人民政府,2016-06-23,现行有效,地方政府规章及文件
'市政府办公室关于推进供给侧结构性改革支持产业发展用地的意见',徐州市人民政府办公室,2016-06-23,现行有效,地方政府规章及文件
'镇江市人民政府办公室关于印发镇江市新材料产业发展三年行动计划(2016-2018)的通知',镇江市人民政府办公室,2015-12-16,现行有效,地方政府规章及文件
'市政府办公室关于印发市推进战略性新兴产业发展工作领导小组成员单位及办公室工作职责的通知',徐州市人民政府办公室,2015-09-28,现行有效,地方政府规章及文件
'市政府关于加快推进电子商务产业发展的意见',徐州市人民政府,2014-10-22,现行有效,地方政府规章及文件
'市政府办公室关于印发徐州工业职业技术学院大学科技园(淮海文化科技产业园)优惠政策(试行)的通知',徐州市人民政府办公室,2013-01-30,现行有效,地方政府规章及文件
'市政府关于进一步加强市区建筑、房地产业税收管理工作的通知',徐州市人民政府,2010-08-20,现行有效,地方政府规章及文件
'市政府办公室关于印发徐州市战略性新兴产业发展专项引导资金管理暂行办法的通知',徐州市人民政府办公室,2010-07-10,现行有效,地方政府规章及文件
'市政府关于印发徐州市物联网产业发展规划纲要的通知',徐州市人民政府,2010-03-29,现行有效,地方政府规章及文件
'省教育厅关于印发贯彻落实省政府加快推进产业科技创新中心和创新型省份建设若干政策措施实施细则的通知',江苏省教育厅,2016-09-30,现行有效,地方政府规章及文件
'省人力资源和社会保障厅关于印发贯彻落实省政府关于加快推进产业科技创新中心和创新型省份建设若干政策措施实施细则的通知',江苏省人力资源和社会保障厅,2016-09-30,现行有效,地方政府规章及文件
'关于印发《省科技厅贯彻落实省政府关于加快推进产业科技创新中心和创新型省份建设若干政策措施的实施细则》的通知',江苏省科学技术厅,2016-09-30,现行有效,地方政府规章及文件
'市政府关于印发关于加快推进建筑产业现代化发展的实施意见的通知',苏州市人民政府,2016-08-11,现行有效,地方政府规章及文件
'市政府办公室关于印发徐州市产业发展基金管理办法的通知',徐州市人民政府办公室,2016-08-05,现行有效,地方政府规章及文件
'市政府办公室关于印发徐州市产业发展基金管理办法的通知',徐州市人民政府办公室,2016-08-05,现行有效,地方政府规章及文件
'关于印发《江苏省高新技术产业开发区知识产权试点示范园区建设管理办法》的通知',江苏省科学技术厅;江苏省知识产权局,2016-07-26,现行有效,地方政府规章及文件
'市政府关于加快发展体育产业促进体育消费的实施意见',苏州市人民政府,2016-05-24,现行有效,地方政府规章及文件
'关于加强高新技术产业开发区安全生产工作的通知',江苏省科学技术厅,2016-04-29,现行有效,地方政府规章及文件
'市政府印发关于推进软件和集成电路产业发展的若干政策的通知',苏州市人民政府,2016-03-07,现行有效,地方政府规章及文件
'市政府办公室关于实施2016年文化产业项目的通知',徐州市人民政府办公室,2016-03-04,现行有效,地方政府规章及文件
'关于发布2015年江苏省高新技术产业主要数据统计公报的通知',江苏省科学技术厅;江苏省统计局,2016-01-27,现行有效,地方政府规章及文件
'市政府办公室印发关于建设全市战略性新兴产业成长型中小企业库的意见的通知',徐州市人民政府办公室,2016-01-21,现行有效,地方政府规章及文件
'关于印发《江苏省体育产业发展专项资金使用管理办法》的通知',江苏省财政厅,2016,现行有效,地方政府规章及文件
'江苏省发展改革委、江苏省经济和信息化委关于印发江苏省石化产业规划布局方案的通知',江苏省发展和改革委员会;江苏省经济和信息化委员会,2015-12-25,现行有效,地方政府规章及文件
'省政府办公厅转发省经济和信息化委、省发展改革委《江苏省工业和信息产业结构调整限制、淘汰目录和能耗限额》的通知',江苏省人民政府办公厅,2015-11-23,现行有效,地方政府规章及文件
'关于提升特色产业集群竞争力的指导意见',江苏省经济和信息化委员会,2015-09-30,现行有效,地方政府规章及文件
'市政府印发关于进一步加快文化创意产业发展的若干政策意见的通知',苏州市人民政府,2015-07-27,已失效,地方政府规章及文件
'市政府办公室关于印发徐州市产业发展基金管理暂行办法和徐州市产业发展基金设立产业子基金管理暂行办法的通知',徐州市人民政府办公室,2015-07-13,现行有效,地方政府规章及文件
'省政府关于加快全省集成电路产业发展的意见',江苏省人民政府,2015-06-12,现行有效,地方政府规章及文件
'省政府关于加快发展体育产业促进体育消费的实施意见',江苏省人民政府,2015-06-09,现行有效,地方政府规章及文件
'市政府关于加快生产性服务业互联网平台经济发展促进产业结构调整升级的实施意见',徐州市人民政府,2015-06-03,现行有效,地方政府规章及文件
'省政府办公厅关于加快木本油料产业发展的实施意见',江苏省人民政府办公厅,2015-05-25,现行有效,地方政府规章及文件
'省政府办公厅关于支持江苏省产业技术研究院改革发展若干政策措施的通知',江苏省人民政府办公厅,2015-05-17,现行有效,地方政府规章及文件
'市政府印发《关于加快发展生产性服务业促进产业结构调整升级的实施方案》的通知',南京市人民政府,2015-05-14,现行有效,地方政府规章及文件
'关于印发《六合现代农业产业园区(竹镇镇)领导干部谈心谈话办法》的通知',中共南京市六合区委六合现代农业产业园区工作委员会;中共南京市六合区竹镇镇委员会,2015-05-04,现行有效,地方政府规章及文件
'市政府办公室关于实施2015年文化产业项目的通知',徐州市人民政府办公室,2015-04-29,现行有效,地方政府规章及文件
'关于下达2015年省级现代农业产业(新型农业经营主体培育)专项实施指导意见和资金计划的通知',江苏省农业委员会;江苏省财政厅,2015-04-27,现行有效,地方政府规章及文件
'市政府办公室转发市财政局《关于做好2015年市科技创新与产业升级引导资金管理工作意见》的通知',无锡市人民政府办公室,2015-04-20,现行有效,地方政府规章及文件
'市政府关于促进苏州光伏产业持续健康发展的若干意见',苏州市人民政府,2015-04-17,现行有效,地方政府规章及文件
'省政府关于加快发展生产性服务业促进产业结构调整升级的实施意见',江苏省人民政府,2015-04-11,现行有效,地方政府规章及文件
'市政府办公室关于印发无锡市产业引导股权投资基金管理暂行办法的通知',无锡市人民政府办公室,2015-04-10,现行有效,地方政府规章及文件
'省政府关于加快提升文化创意和设计服务产业发展水平的意见',江苏省人民政府,2015-04-07,现行有效,地方政府规章及文件
'关于印发《六合现代农业产业园区(竹镇镇)党政联席会议议事规则》的通知',中共南京市六合区委六合现代农业产业园区工作委员会;中共南京市六合区竹镇镇委员会,2015-03-09,现行有效,地方政府规章及文件
'关于印发《六合现代农业产业园区(竹镇镇)“三重一大”事项议事规则》的通知',中共南京市六合区委六合现代农业产业园区工作委员会;中共南京市六合区竹镇镇委员会,2015-03-09,现行有效,地方政府规章及文件
'关于印发《六合现代农业产业园区(竹镇镇)主任(镇长)办公(扩大)会议事规则(试行)》的通知',中共南京市六合区委六合现代农业产业园区工作委员会;中共南京市六合区竹镇镇委员会,2015-03-09,现行有效,地方政府规章及文件
'市政府办公室关于转发市经信委等部门关于《加快推进半导体照明产业发展意见》的通知',无锡市人民政府办公室,2015-02-02,现行有效,地方政府规章及文件
'关于加快养老服务产业发展的若干意见',江苏省民政厅,2015-01-29,现行有效,地方政府规章及文件
'关于转发财政局《关于明确求雨山文化创意产业园财政管理体制的意见》的通知',南京市浦口区人民政府办公室,2015-01-23,现行有效,地方政府规章及文件
'市政府关于命名苏州市首批产业集群品牌培育基地的通知',苏州市人民政府,2014-12-17,现行有效,地方政府规章及文件
'江苏省财政厅、江苏省经济和信息化委员会关于印发《江苏省省级工业和信息产业转型升级专项资金管理办法》的通知',江苏省财政厅;江苏省经济和信息化委员会,2014-12-04,现行有效,地方政府规章及文件
'省政府关于加快推进建筑产业现代化促进建筑产业转型升级的意见',江苏省人民政府,2014-10-31,现行有效,地方政府规章及文件
'省政府办公厅关于促进地理信息产业发展的实施意见',江苏省人民政府办公厅,2014-10-22,现行有效,地方政府规章及文件
'镇江市人民政府办公室关于探索产业“三集”园区市场化运作的指导意见(试行)',镇江市人民政府办公室,2014-09-27,现行有效,地方政府规章及文件
'镇江市人民政府办公室关于全市产业“三集”发展督查工作的实施意见',镇江市人民政府办公室,2014-09-17,现行有效,地方政府规章及文件
'市政府办公室关于印发2014－2015年全市推进龙头企业特色企业产业链关键企业培育工作计划的通知',宿迁市人民政府办公室,2014-09-10,现行有效,地方政府规章及文件
'市政府印发关于进一步扶持绿色建材产业加快发展若干政策的通知',宿迁市人民政府,2014-09-02,现行有效,地方政府规章及文件
'市政府办公室关于以“四个一”建设为重点加快特色产业基地提档升级的意见',南通市人民政府办公室,2014-08-19,现行有效,地方政府规章及文件
'镇江市人民政府办公室关于加强技能人才队伍建设促进产业转型升级的实施意见',镇江市人民政府办公室,2014-08-01,现行有效,地方政府规章及文件
'市政府办公室关于印发无锡市加快推进电子商务产业发展的政策意见的通知',无锡市人民政府办公室,2014-07-29,已失效,地方政府规章及文件
'南京市人民政府关于促进社会培训产业健康发展的若干意见',南京市人民政府,2014-06-16,现行有效,地方政府规章及文件
'市政府办公室关于印发宿迁市绿色建材产业工作行动计划(2014—2016年)的通知',宿迁市人民政府办公室,2014-05-28,现行有效,地方政府规章及文件
'镇江市人民政府办公室关于印发2014年度全市产业招商活动方案的通知',镇江市人民政府办公室,2014-05-26,现行有效,地方政府规章及文件
'市政府关于印发连云港市加快发展节能环保产业实施方案的通知',连云港市人民政府,2014-05-22,现行有效,地方政府规章及文件
'市政府办公室关于2014年新兴产业发展工作的意见',扬州市人民政府办公室,2014-04-24,现行有效,地方政府规章及文件
'镇江市人民政府办公室关于印发镇江市工业产业链发展行动计划(2014-2016)的通知',镇江市人民政府办公室,2014-04-23,现行有效,地方政府规章及文件
'省政府办公厅关于加强技能人才队伍建设促进产业转型升级的意见',江苏省人民政府办公厅,2014-04-22,现行有效,地方政府规章及文件
'市政府关于印发宿迁市市级产业发展引导资金管理暂行办法的通知',宿迁市人民政府,2014-04-21,现行有效,地方政府规章及文件
'镇江市人民政府办公室转发市政协“关于《整治化工产业促其转型升级》等提案的摘报”的通知',镇江市人民政府办公室,2014-04-03,现行有效,地方政府规章及文件
'市政府办公室关于加快推进省级现代农(渔)业产业园区建设的意见',宿迁市人民政府办公室,2014-03-31,现行有效,地方政府规章及文件
'市住房城乡建设局关于转发《省住房城乡建设厅关于对江苏中南建筑产业集团有限责任公司生产安全事故情况的通报》的通知',苏州市住房和城乡建设局,2014-03-25,现行有效,地方政府规章及文件
'市政府办公室关于转发市粮食局《2014年全市芋头产业发展工作意见》的通知',泰州市人民政府办公室,2014-03-24,现行有效,地方政府规章及文件
'市政府关于印发南京市2014年工业产业升级重点投资项目的通知',南京市人民政府,2014-03-20,现行有效,地方政府规章及文件
'市政府关于印发南通市化工产业环保准入指导意见的通知',南通市人民政府,2014-03-14,现行有效,地方政府规章及文件
'省政府办公厅关于公布江苏省现代农业(渔业)产业园区名单的通知',江苏省人民政府办公厅,2014-03-14,现行有效,地方政府规章及文件
'区政府关于印发幕府山新产业区发展实施意见的通知',南京市鼓楼区人民政府,2014-03-08,现行有效,地方政府规章及文件
'镇江市人民政府关于加快文化产业园区建设的意见',镇江市人民政府,2014-03-02,现行有效,地方政府规章及文件
'市政府关于印发南京市生物农业产业推进方案的通知',南京市人民政府,2014-02-28,现行有效,地方政府规章及文件
'市政府印发关于进一步推进战略性新兴产业发展的实施意见的通知',无锡市人民政府,2014-02-20,现行有效,地方政府规章及文件
'市政府办公室关于印发大力实施商标战略促进产业转型升级意见的通知',常州市人民政府办公室,2014-02-17,现行有效,地方政府规章及文件
'市政府办公室关于公布第二批宿迁市中小企业产业集聚示范区名单的通知',宿迁市人民政府办公室,2014-01-29,现行有效,地方政府规章及文件
'市政府办公室关于转发市经信委《南通市新能源汽车产业发展规划纲要(2014~2017)》的通知',南通市人民政府办公室,2014-01-27,现行有效,地方政府规章及文件
'江苏省国家战略性新兴产业区域集聚发展试点风险补偿金管理暂行办法',江苏省财政厅,2014,现行有效,地方政府规章及文件
'市政府关于扶持发展扬州非物质文化遗产产业的意见',扬州市人民政府,2013-12-31,现行有效,地方政府规章及文件
'市政府关于命名第三批南通市新型工业化特色产业基地的决定',南通市人民政府,2013-12-25,现行有效,地方政府规章及文件
'市政府办公室关于转发市文广新局等部门《无锡市文化产业绩效考核奖励办法》的通知',无锡市人民政府办公室,2013-12-24,现行有效,地方政府规章及文件
'市政府办公室关于印发泰州市产业结构调整指导目录(2013年本)的通知',泰州市人民政府办公室,2013-12-16,现行有效,地方政府规章及文件
'市政府关于加快发展体育产业的实施意见',南京市人民政府,2013-12-16,现行有效,地方政府规章及文件
'市政府办公室关于印发《关于推进十大产业链建设加快发展战略性新兴产业的工作方案》的通知',常州市人民政府办公室,2013-12-04,现行有效,地方政府规章及文件
'市政府办公室关于印发常州市传统优势产业转型升级“双百”行动计划工作方案的通知',常州市人民政府办公室,2013-12-04,现行有效,地方政府规章及文件
'市政府关于促进宿迁市光电产业集聚区发展的意见',宿迁市人民政府,2013-11-29,现行有效,地方政府规章及文件
'省政府关于加快发展节能环保产业的实施意见',江苏省人民政府,2013-11-26,现行有效,地方政府规章及文件
'市政府办公室关于公布第三批常州市现代农业产业园区名单的通知',常州市人民政府办公室,2013-11-22,现行有效,地方政府规章及文件
'省政府关于印发江苏省加快船舶产业转型升级与海洋工程装备发展三年(2013－2015年)工作方案的通知',江苏省人民政府,2013-11-21,现行有效,地方政府规章及文件
'市政府关于促进信息消费加快信息产业发展的实施意见',南京市人民政府,2013-11-08,现行有效,地方政府规章及文件
'市政府办公室关于加快石港科技产业园发展的意见',南通市人民政府办公室,2013-11-05,现行有效,地方政府规章及文件
'市政府关于积极培育市场需求促进市区房地产业持续健康发展的意见',扬州市人民政府,2013-10-31,现行有效,地方政府规章及文件
'关于印发《落实“振兴丝绸产业专项导向资金”的政策意见》的通知',苏州市经济和信息化委员会;苏州市财政局,2013-10-28,现行有效,地方政府规章及文件
'市政府关于印发宿迁市加快发展绿色建材产业实施意见的通知',宿迁市人民政府,2013-10-15,现行有效,地方政府规章及文件
'市政府办公室关于促进全市肉鸡产业健康发展的通知',宿迁市人民政府办公室,2013-10-11,现行有效,地方政府规章及文件
'清丰县人民政府关于批转《清丰县优化产业集聚区发展环境专项监督检查工作方案》的通知',濮阳市清丰县人民政府,2013-09-24,已失效,地方政府规章及文件
'市政府关于印发无锡市加快科技金融合作创新促进产业转型发展意见的通知',无锡市人民政府,2013-08-20,现行有效,地方政府规章及文件
'泰州市政府办公室关于公布首批泰州市市级现代农业产业园区的通知',泰州市人民政府办公室,2013-08-02,现行有效,地方政府规章及文件
'关于促进我省铅蓄电池和再生铅产业规范发展的意见',江苏省经济和信息化委员会;江苏省环境保护厅;江苏省商务厅;江苏省发展和改革委员会;江苏省财政厅,2013-07-23,现行有效,地方政府规章及文件
'市政府办公室关于推进中小企业产业集聚区建设提档升级的意见',宿迁市人民政府办公室,2013-07-17,现行有效,地方政府规章及文件
'市政府办公室关于建立“7+3”现代服务业重点产业统计制度的通知',南通市人民政府办公室,2013-07-09,现行有效,地方政府规章及文件
'市政府办公室关于印发《南通市南美白对虾产业发展规划(2013~2020)》的通知',南通市人民政府办公室,2013-07-05,现行有效,地方政府规章及文件
'市政府关于印发无锡市微电子产业规划(2013—2020)的通知',无锡市人民政府,2013-07-04,现行有效,地方政府规章及文件
'市政府关于推进机械装备产业加快发展的实施意见',扬州市人民政府,2013-07-03,现行有效,地方政府规章及文件
'镇江市人民政府办公室转发市发改委《关于推进镇江无线产业园项目建设的意见》的通知',镇江市人民政府办公室,2013-06-08,现行有效,地方政府规章及文件
'镇江市人民政府办公室关于印发镇江市战略性新兴产业发展指南(2013年本)的通知',镇江市人民政府办公室,2013-06-04,现行有效,地方政府规章及文件
'市政府办公室关于印发《常州市培育和发展战略性新兴产业三年行动计划(2013-2015年)》的通知',常州市人民政府办公室,2013-05-09,现行有效,地方政府规章及文件
'省政府办公厅关于进一步加强文化产业园区(基地)建设的意见',江苏省人民政府办公厅,2013-05-07,现行有效,地方政府规章及文件
'市政府关于加快蔬菜产业发展保障市场供应的意见',南京市人民政府,2013-05-06,现行有效,地方政府规章及文件
'关于印发《苏州市体育产业发展引导资金使用管理办法》的通知',苏州市财政局,2013-04-28,已失效,地方政府规章及文件
'市政府办公室关于印发宿迁市新兴产业集聚区产业发展扶持基金使用管理办法和宿迁市新兴产业集聚区地票交易资金补贴实施方案的通知',宿迁市人民政府办公室,2013-04-25,现行有效,地方政府规章及文件
'镇江市人民政府办公室关于印发江苏国家数字出版产业基地镇江园区2013—2020年发展规划的通知',镇江市人民政府办公室,2013-04-11,现行有效,地方政府规章及文件
'镇江市人民政府办公室关于加快镇江数字出版产业发展的意见',镇江市人民政府办公室,2013-04-11,现行有效,地方政府规章及文件
'省政府办公厅转发省农委《关于加快现代生猪产业发展意见》的通知',江苏省人民政府办公厅,2013-03-28,现行有效,地方政府规章及文件
'关于印发《江宁区关于加快培育和发展战略性新兴产业实施意见》的通知',南京市江宁区人民政府,2013-03-25,现行有效,地方政府规章及文件
'市政府关于印发2013年南京市工业产业升级重点投资项目的通知',南京市人民政府,2013-03-22,现行有效,地方政府规章及文件
'镇江市人民政府办公室关于印发2013中国镇江第六届发展新兴产业项目与人才对接洽谈活动方案的通知',镇江市人民政府办公室,2013-03-14,已失效,地方政府规章及文件
'泰州市政府办公室关于转发市粮食局《泰州市芋头产业发展实施方案》的通知',泰州市人民政府办公室,2013-03-04,现行有效,地方政府规章及文件
'市政府关于印发南京市加快培育和发展战略性新兴产业打造中国软件与新兴产业名城工作目标任务分解方案的通知',南京市人民政府,2013-02-28,现行有效,地方政府规章及文件
'市政府关于印发南通市重点产业布局指导意见的通知',南通市人民政府,2013-02-25,现行有效,地方政府规章及文件
'市政府办公室转发市财政局《关于加强科技创新与产业升级引导资金扶持项目绩效管理意见》的通知',无锡市人民政府办公室,2013-01-30,现行有效,地方政府规章及文件
'省政府办公厅关于印发江苏省工业和信息产业结构调整指导目录(2012年本)的通知',江苏省人民政府办公厅,2013-01-29,现行有效,地方政府规章及文件
'盐城市商务局服务大企业(集团)、战略性新兴产业重点领军型企业工作意见',盐城市商务局,2013-01-25,现行有效,地方政府规章及文件
'市政府关于认定溧阳市输变电等5个产业集群为常州市优质产品生产基地(示范区)的通知',常州市人民政府,2013-01-25,现行有效,地方政府规章及文件
'泰州市政府办公室关于印发泰州市市级现代农业产业园区认定管理办法(试行)的通知',泰州市人民政府办公室,2013-01-21,现行有效,地方政府规章及文件
'关于实施粮食流通产业“双百工程”的意见',江苏省粮食局,2013-01-07,现行有效,地方政府规章及文件
'市政府办公室关于公布第一批宿迁市中小企业产业集聚示范区名单的通知',宿迁市人民政府办公室,2013-01-07,现行有效,地方政府规章及文件
'关于印发《苏州市新兴产业创业投资引导基金公开征集合作创业投资企业评审办法》的通知',苏州市发展和改革委员会;苏州市财政局,2012-12-17,现行有效,地方政府规章及文件
'关于印发《苏州市新兴产业创业投资引导基金管理办法》的通知',苏州市发展和改革委员会;苏州市财政局,2012-12-17,现行有效,地方政府规章及文件
'市政府办公室关于印发《扬州市市级现代农业产业园区认定管理办法》的通知',扬州市人民政府办公室,2012-12-06,现行有效,地方政府规章及文件
'市政府关于加快构建现代产业体系的意见',扬州市人民政府,2012-11-24,现行有效,地方政府规章及文件
'市政府办公室关于市推进节约集约用地促进产业转型升级暨国土资源节约集约模范市创建活动领导小组成员职责分工的通知',无锡市人民政府办公室,2012-11-16,现行有效,地方政府规章及文件
'市政府印发《关于加快建设科技产业综合体推进企业人才加速集聚的意见》的通知',扬州市人民政府,2012-11-15,现行有效,地方政府规章及文件
'市政府关于印发苏州市产业集群品牌培育基地确认和管理办法(试行)的通知',苏州市人民政府,2012-11-14,现行有效,地方政府规章及文件
'镇江市人民政府关于促进镇江高新技术产业开发区建设发展的意见',镇江市人民政府,2012-11-12,现行有效,地方政府规章及文件
'市政府办公室关于印发《南通市新兴产业创业投资引导基金实施细则》的通知',南通市人民政府办公室,2012-11-11,现行有效,地方政府规章及文件
'镇江市人民政府关于加快推进化工产业转型升级的意见',镇江市人民政府,2012-11-08,现行有效,地方政府规章及文件
'市政府办公室关于公布第二批常州市现代农业产业园区名单的通知',常州市人民政府办公室,2012-11-07,现行有效,地方政府规章及文件
'关于全市2012年秋播及2013年农业产业结构调整的指导意见',镇江市人民政府办公室,2012-10-30,现行有效,地方政府规章及文件
'关于加快现代农业产业园区建设的实施意见',镇江市人民政府,2012-10-16,现行有效,地方政府规章及文件
'省政府办公厅关于印发江苏省省级战略性新兴产业发展专项资金管理暂行办法的通知',江苏省人民政府办公厅,2012-09-25,现行有效,地方政府规章及文件
'关于印发《盐城市文化产业示范基地评选命名管理办法(试行)》的通知',盐城市文化广电新闻出版局,2012-09-06,现行有效,地方政府规章及文件
'关于印发《南京市新兴产业引导专项资金管理办法》的通知',南京市财政局;南京市经济和信息化委员会,2012-08-31,已失效,地方政府规章及文件
'关于鼓励高标准厂房建设促进产业集聚规模发展推进土地节约集约利用的意见',江苏省中小企业局;江苏省国土资源厅,2012-08-17,现行有效,地方政府规章及文件
'省政府办公厅关于促进江苏中关村科技产业园加快发展若干政策措施的通知',江苏省人民政府办公厅,2012-08-13,现行有效,地方政府规章及文件
'市政府关于进一步推进节约集约用地加快产业转型升级的实施意见',常州市人民政府,2012-07-02,现行有效,地方政府规章及文件
'宝丰县人民政府关于推进2012年蔬菜产业发展的意见',平顶山市宝丰县人民政府,2012-06-19,现行有效,地方政府规章及文件
'盐城市人民政府关于印发盐城市文化广电新闻出版事业和产业“十二五”发展规划的通知',盐城市人民政府,2012-06-18,现行有效,地方政府规章及文件
'市政府关于印发苏州市丝绸产业振兴发展规划的通知',苏州市人民政府,2012-06-04,现行有效,地方政府规章及文件
'宝丰县人民政府关于印发宝丰县2012年加快产业集聚区建设工作计划的通知',平顶山市宝丰县人民政府,2012-06-04,现行有效,地方政府规章及文件
'省政府关于转发省推进战略性新兴产业发展工作领导小组《江苏省“十二五”战略性新兴产业推进方案》的通知',江苏省人民政府,2012-05-31,现行有效,地方政府规章及文件
'市政府关于印发苏州市传统工艺美术产业优化发展规划的通知',苏州市人民政府,2012-05-30,现行有效,地方政府规章及文件
'关于大力支持全市新特产业及其园区、重点服务业集聚区发展的意见',盐城市工商行政管理局,2012-05-17,现行有效,地方政府规章及文件
'市政府办公室关于印发南通市“十二五”培育和发展新兴产业规划的通知',南通市人民政府办公室,2012-05-14,现行有效,地方政府规章及文件
'市政府办公室关于加快全市特色产业发展的实施意见',连云港市人民政府办公室,2012-05-14,现行有效,地方政府规章及文件
'市政府办公厅转发市文广新局《关于加快南京数字出版产业发展的若干意见》的通知',南京市人民政府办公厅,2012-05-09,现行有效,地方政府规章及文件
'市政府办公室关于印发《南通市2012年度推进新兴产业发展目标管理考核办法》的通知',南通市人民政府办公室,2012-05-03,现行有效,地方政府规章及文件
'市政府印发关于促进我市新兴产业发展的政策措施的通知',南京市人民政府,2012-04-20,现行有效,地方政府规章及文件
'盐城市国土资源局关于进一步落实市局支持服务“新特产业及其园区、重点服务业集聚区”发展具体措施的通知',盐城市国土资源局,2012-04-13,现行有效,地方政府规章及文件
'关于印发2012年度新能源汽车产业发展行动计划的通知',江苏省经济和信息化委员会,2012-03-28,现行有效,地方政府规章及文件
'市政府关于加快发展和提升花卉苗木产业的意见',常州市人民政府,2012-03-22,现行有效,地方政府规章及文件
'市政府办公室关于转发首届中国·苏州文化创意设计产业交易博览会实施方案的通知',苏州市人民政府办公室,2012-03-20,现行有效,地方政府规章及文件
'市政府办公室关于转发市财政局《关于促进科技创新和新兴产业发展的若干财政政策意见》的通知',南通市人民政府办公室,2012-03-20,现行有效,地方政府规章及文件
'市政府办公室关于加快推进现代渔业产业园区建设的意见',南通市人民政府办公室,2012-03-19,现行有效,地方政府规章及文件
'市政府办公室关于转发市经济和信息化委《开展宿迁市中小企业产业集聚示范区创建工作意见》的通知',宿迁市人民政府办公室,2012-03-19,现行有效,地方政府规章及文件
'关于印发2012中国镇江第五届新兴产业项目与人才对接洽谈活动工作方案的通知',镇江市人民政府办公室,2012-03-16,现行有效,地方政府规章及文件
'市政府办公室关于印发《扬州市2012年“三新”产业发展工作意见》的通知',扬州市人民政府办公室,2012-03-15,现行有效,地方政府规章及文件
'省政府办公厅转发省新闻出版局《关于加快江苏数字出版产业发展意见》的通知',江苏省人民政府办公厅,2012-03-15,现行有效,地方政府规章及文件
'关于印发《无锡市物联网与云计算产业资金管理办法》的通知',无锡市经济和信息化委员会;无锡市财政局,2012-03-10,现行有效,地方政府规章及文件
'市政府办公室关于印发《2012年中国扬州科技创新·产业合作推介活动总体方案》的通知',扬州市人民政府办公室,2012-03-08,现行有效,地方政府规章及文件
'省政府办公厅转发省经济和信息化委《关于加快推进全省信息化和工业化融合服务产业园建设工作指导意见》的通知',江苏省人民政府办公厅,2012-03-08,现行有效,地方政府规章及文件
'市政府关于加快产业转型升级促进经济又好又快发展的政策意见',无锡市人民政府,2012-03-08,现行有效,地方政府规章及文件
'市政府办公室关于转发市财政局《关于进一步加大财政扶持力度促进产业转型升级的实施意见》的通知',无锡市人民政府办公室,2012-03-08,现行有效,地方政府规章及文件
'市政府关于实现高新技术产业倍增的实施意见',无锡市人民政府,2012-03-07,现行有效,地方政府规章及文件
'关于印发2012—2015年泰州市文化产业发展规划的通知',泰州市人民政府,2012-02-21,现行有效,地方政府规章及文件
'印发关于促进文化事业和产业发展政策意见的通知',泰州市人民政府,2012-02-21,现行有效,地方政府规章及文件
'中共南京市委、南京市人民政府印发《关于深化全市文化体制改革的意见》、《关于促进全市文化产业跨越式发展的意见》、《关于加强全市文化人才队伍建设的意见》、《南京市重点文化工程项目计划(2011—2015年)》的通知',中共南京市委;南京市人民政府,2012-02-16,现行有效,地方政府规章及文件
'市政府关于印发《2012年扬州市产业招商实施意见》的通知',扬州市人民政府,2012-02-07,现行有效,地方政府规章及文件
'市政府办公室关于印发《南通市新兴产业创业投资引导基金管理办法(试行)》的通知',南通市人民政府办公室,2012-02-03,现行有效,地方政府规章及文件
'市政府办公室关于印发无锡市特色产业集聚区认定管理办法的通知',无锡市人民政府办公室,2011-12-30,现行有效,地方政府规章及文件
'省政府关于印发江苏省“十二五”培育和发展战略性新兴产业规划的通知',江苏省人民政府,2011-12-28,现行有效,地方政府规章及文件
'市政府办公室关于常州市市区物流产业规划管理的意见',常州市人民政府办公室,2011-12-26,现行有效,地方政府规章及文件
'市政府办公室转发市财政局《关于加强市级财政产业发展专项资金管理实施意见》的通知',南通市人民政府办公室,2011-12-23,现行有效,地方政府规章及文件
'关于加快发展体育产业的实施意见',镇江市人民政府,2011-12-16,现行有效,地方政府规章及文件
'市政府办公室关于进一步加快光纤宽带第三代移动通信网络建设和产业发展的通知',宿迁市人民政府办公室,2011-12-14,现行有效,地方政府规章及文件
'市政府办公室关于加快发展体育产业的实施意见',苏州市人民政府办公室,2011-12-09,现行有效,地方政府规章及文件
'关于印发泰州市新兴产业创业投资引导基金管理办法的通知',泰州市人民政府办公室,2011-11-15,现行有效,地方政府规章及文件
'市政府关于印发无锡市进一步推进节约集约用地促进产业转型升级实施意见的通知',无锡市人民政府,2011-10-27,现行有效,地方政府规章及文件
'市政府办公室关于印发推进农业产业结构调整实施意见的通知',连云港市人民政府办公室,2011-10-25,现行有效,地方政府规章及文件
'市政府办公室关于加快推进企业二三产业分离工作的补充意见',南通市人民政府办公室,2011-10-13,现行有效,地方政府规章及文件
'关于印发《南京市江宁区促进智能电网产业发展若干政策意见》的通知',南京市江宁区人民政府,2011-10-09,现行有效,地方政府规章及文件
'关于转发《江宁区智能电网产业发展专项资金使用管理办法》的通知',南京市江宁区人民政府,2011-09-30,现行有效,地方政府规章及文件
'关于进一步加强产业园区规划环境影响评价工作的通知',江苏省环境保护厅,2011-09-29,现行有效,地方政府规章及文件
'市政府办公室关于印发《南通市化工产业导向目录(2011年本)》的通知',南通市人民政府办公室,2011-09-28,现行有效,地方政府规章及文件
'市政府办公室转发市经信委《关于创建南通市新型工业化特色产业基地实施意见》的通知',南通市人民政府办公室,2011-09-26,现行有效,地方政府规章及文件
'省经济和信息化委、省财政厅关于优化工业和信息产业专项引导资金加快推进产业转型升级的指导意见',江苏省经济和信息化委员会;江苏省财政厅,2011-09-14,现行有效,地方政府规章及文件
'市政府关于印发《扬州市实施“八大产业”振兴行动计划补充政策》的通知',扬州市人民政府,2011-09-09,现行有效,地方政府规章及文件
'关于加快推进全省信息化和工业化融合服务产业园建设工作的指导意见',江苏省经济和信息化委员会,2011-09-01,现行有效,地方政府规章及文件
'市政府关于加快全市软件园区建设和软件产业发展的实施意见',淮安市人民政府,2011-09-01,现行有效,地方政府规章及文件
'市政府办公室转发市发改委《无锡市重大产业项目评估实施办法（试行）》的通知',无锡市人民政府办公室,2011-08-30,现行有效,地方政府规章及文件
'市政府关于印发进一步加强重大产业项目建设工作的意见的通知',无锡市人民政府,2011-08-24,现行有效,地方政府规章及文件
'市政府办公室关于印发《海门市文化产业统计实施方案》的通知',海门市人民政府办公室,2011-08-24,现行有效,地方政府规章及文件
'省政府办公厅关于促进电影产业繁荣发展的实施意见',江苏省人民政府办公厅,2011-08-22,现行有效,地方政府规章及文件
'市政府办公室转发市发改委《关于建立无锡市重大产业项目评估机制的意见（试行）》的通知',无锡市人民政府办公室,2011-08-18,现行有效,地方政府规章及文件
'市政府办公室关于印发赴日本开展新兴产业合作促进活动方案的通知',无锡市人民政府办公室,2011-08-15,现行有效,地方政府规章及文件
'关于印发《江苏省汽车产业基地认定办法》的通知',江苏省经济和信息化委员会,2011-08-10,现行有效,地方政府规章及文件
'省政府办公厅转发省文化厅等部门《关于金融支持文化产业发展若干意见》的通知',江苏省人民政府办公厅,2011-08-10,现行有效,地方政府规章及文件
'关于印发泰州市传统产业升级计划的通知',泰州市人民政府办公室,2011-08-08,现行有效,地方政府规章及文件
'区政府办公室关于印发2011年宿豫区新兴产业目标考核管理办法的通知',宿迁市宿豫区人民政府办公室,2011-08-05,现行有效,地方政府规章及文件
'盐城市人民政府办公室关于转发市财政局、市发展改革委《盐城市新兴产业创业投资引导基金管理办法(试行)》的通知',盐城市人民政府办公室,2011-08-05,现行有效,地方政府规章及文件
'市政府关于印发2011年度宿迁市高新技术产业发展和全社会研发投入考核办法的通知',宿迁市人民政府,2011-08-04,现行有效,地方政府规章及文件
'盐城市人民政府关于印发盐城市新特产业倍增计划的通知',盐城市人民政府,2011-08-03,现行有效,地方政府规章及文件
'中共南京市委、南京市人民政府关于以打造“一谷两园”软件产业集聚区为重点高标准建设中国软件名城的意见',中共南京市委;南京市人民政府,2011-08-01,现行有效,地方政府规章及文件
'市政府办公室关于加快高端装备制造业产业链发展的意见',常州市人民政府办公室,2011-08-01,现行有效,地方政府规章及文件
'省发展改革委关于印发《江苏省新兴产业创业投资引导基金管理办法》的通知',江苏省发展和改革委员会,2011-07-29,现行有效,地方政府规章及文件
'关于印发《江苏省新兴产业创业投资引导基金评审暂行办法》的通知',江苏省发展和改革委员会,2011-07-29,现行有效,地方政府规章及文件
'市政府办公室转发省经信委等五部门《关于印发加快我省墙体材料产业转型升级工作的意见》的通知',溧阳市人民政府办公室,2011-07-19,现行有效,地方政府规章及文件
'市政府办公室关于印发淮安市设立市级特色产业园试行办法的通知',淮安市人民政府办公室,2011-07-15,现行有效,地方政府规章及文件
'市政府印发关于支持新兴产业重点企业加快发展的实施意见的通知',苏州市人民政府,2011-07-12,现行有效,地方政府规章及文件
'关于印发泰州市新兴产业双倍增计划(2011—2015年)的通知',泰州市人民政府办公室,2011-07-11,现行有效,地方政府规章及文件
'市政府办公室关于印发《高邮市文化事业和文化产业“十二五”发展规划》的通知',高邮市人民政府办公室,2011-06-27,现行有效,地方政府规章及文件
'市政府办公室关于印发徐州市战略性新兴产业发展专项引导资金管理办法的通知',徐州市人民政府办公室,2011-06-20,现行有效,地方政府规章及文件
'市政府关于加快全市特色产业发展的实施意见',淮安市人民政府,2011-06-13,现行有效,地方政府规章及文件
'省政府办公厅关于公布江苏省现代农业(渔业)产业园区名单的通知',江苏省人民政府办公厅,2011-06-10,现行有效,地方政府规章及文件
'市政府关于鼓励和促进旅游产业发展的意见',扬州市人民政府,2011-05-29,现行有效,地方政府规章及文件
'市政府关于加快旅游产业发展的意见',南京市人民政府,2011-05-19,已失效,地方政府规章及文件
'关于印发加快我省墙体材料产业转型升级工作的意见',江苏省经济和信息化委员会,2011-05-18,现行有效,地方政府规章及文件
'市政府关于加快发展体育产业的实施意见',宿迁市人民政府,2011-05-04,现行有效,地方政府规章及文件
'市政府办公室关于加强现代农业产业园区建设的意见',淮安市人民政府办公室,2011-05-03,现行有效,地方政府规章及文件
'关于加快推进现代农业产业园区建设全面提升现代农业发展水平的意见',句容市人民政府,2011-04-21,现行有效,地方政府规章及文件
'市政府办公室关于印发苏州市文化产业示范基地认定命名管理办法（试行）的通知',苏州市人民政府办公室,2011-04-21,现行有效,地方政府规章及文件
'市政府办公室关于转发市商务局《2011年全市战略性新兴产业Park园区考核管理办法》的通知',无锡市人民政府办公室,2011-04-20,现行有效,地方政府规章及文件
'市政府关于加速推进南京国际服务外包产业发展的实施意见',南京市人民政府,2011-04-19,已失效,地方政府规章及文件
'市政府办公室关于印发2011年全市发展高新技术产业工作要点的通知',徐州市人民政府办公室,2011-04-02,现行有效,地方政府规章及文件
'市政府印发关于推进软件产业和集成电路产业跨越发展的实施意见的通知',苏州市人民政府,2011-04-01,现行有效,地方政府规章及文件
'市政府印发关于推进软件产业和集成电路产业跨越发展的若干政策的通知',苏州市人民政府,2011-04-01,现行有效,地方政府规章及文件
'灌云县人民政府关于灌云县现代农业产业园区建设的意见',连云港市灌云县人民政府,2011-04-01,现行有效,地方政府规章及文件
'市政府办公室转发市经信委《关于加快推行合同能源管理促进节能服务产业发展实施意见》的通知',无锡市人民政府办公室,2011-03-31,现行有效,地方政府规章及文件
'市政府办公室关于推进我市光纤宽带第三代移动通信网络建设和产业发展的实施意见',连云港市人民政府办公室,2011-03-24,现行有效,地方政府规章及文件
'市政府办公室关于印发《扬州市2011年“三新”产业发展工作意见》的通知',扬州市人民政府办公室,2011-03-24,现行有效,地方政府规章及文件
'关于印发《江苏省省级现代服务业（文化产业）发展专项引导资金使用管理办法》的通知',江苏省财政厅;江苏省文化厅;江苏省广播电影电视局;江苏省新闻出版局,2011-03-23,现行有效,地方政府规章及文件
'市政府办公室关于加快推进质量管理创新促进产业转型升级的实施意见',南通市人民政府办公室,2011-03-21,现行有效,地方政府规章及文件
'关于印发2011年泰州市十大招商活动安排表和中国泰州特色产业投资说明会实施方案的通知',泰州市人民政府办公室,2011-03-07,已失效,地方政府规章及文件
'关于2011年企业二三产业分离工作的意见',镇江市人民政府办公室,2011-02-23,现行有效,地方政府规章及文件
'市政府关于加快文化产业振兴若干政策的通知',连云港市人民政府,2011-01-12,现行有效,地方政府规章及文件
'泗阳县新兴产业创业投资引导基金管理办法',宿迁市泗阳县人民政府,2011,现行有效,地方政府规章及文件
'市政府办公室关于印发2011年度南通市高新技术产业发展和全社会研发投入考核办法的通知',南通市人民政府办公室,2011,现行有效,地方政府规章及文件
'省政府办公厅关于进一步加快全省光纤宽带第三代移动通信网络建设和产业发展的通知',江苏省人民政府办公厅,2010-12-30,现行有效,地方政府规章及文件
'省政府办公厅关于转发省财政厅、省发展改革委《江苏省新兴产业创业投资引导基金管理办法》的通知',江苏省人民政府办公厅,2010-12-27,现行有效,地方政府规章及文件
'印发关于加快市区现代服务业重点产业发展的奖励办法的通知',泰州市人民政府,2010-12-20,现行有效,地方政府规章及文件
'市政府批转市投促委《关于加快推进“低碳产业示范园区”和“绿色中心商务区”建设的若干意见》的通知',南京市人民政府,2010-12-16,已失效,地方政府规章及文件
'市政府关于印发《常州市“十二五”新兴产业发展规划》和《关于加快我市新兴产业发展的实施意见》的通知',常州市人民政府,2010-12-15,现行有效,地方政府规章及文件
'关于印发《关于加快推进江苏省生物技术和新医药产业发展的意见》的通知',江苏省科学技术厅,2010-12-14,现行有效,地方政府规章及文件
'市政府关于印发苏州市新兴产业倍增发展计划的通知',苏州市人民政府,2010-11-25,现行有效,地方政府规章及文件
'市政府关于印发苏州市支柱产业提升发展计划的通知',苏州市人民政府,2010-11-25,现行有效,地方政府规章及文件
'关于印发镇江市智能电网产业发展规划纲要的通知',镇江市人民政府办公室,2010-10-19,现行有效,地方政府规章及文件
'印发关于加快全市新兴产业发展的扶持激励政策的通知',镇江市人民政府办公室,2010-10-13,现行有效,地方政府规章及文件
'关于印发《江苏省信息化和工业化融合产业服务示范园认定办法（试行）》的通知',江苏省经济和信息化委员会,2010-10-08,现行有效,地方政府规章及文件
'市政府办公室关于促进蚕桑产业稳定健康发展的意见',宿迁市人民政府办公室,2010-09-30,现行有效,地方政府规章及文件
'市政府批转市经信委等部门《关于加快推进合同能源管理促进节能服务产业发展的政策措施》的通知',苏州市人民政府,2010-09-29,现行有效,地方政府规章及文件
'区政府办公室关于转发区财政局、区文广新局《宿豫区文化产业发展引导资金考核使用暂行办法》的通知',宿迁市宿豫区人民政府办公室,2010-09-29,现行有效,地方政府规章及文件
'市政府关于推进新兴产业千亿计划的实施意见',宿迁市人民政府,2010-09-27,现行有效,地方政府规章及文件
'市政府办公室转发市经信委（中小企业局）《关于规范工业园区建设推进产业集聚发展指导意见》的通知',南通市人民政府办公室,2010-09-19,现行有效,地方政府规章及文件
'关于加快推进现代农业产业园区建设的意见',金坛市人民政府,2010-09-15,现行有效,地方政府规章及文件
'省政府关于加快发展体育产业的实施意见',江苏省人民政府,2010-09-10,现行有效,地方政府规章及文件
'市政府办公室转发市经信委《关于开展创建苏州市新型工业化产业示范基地工作意见》的通知',苏州市人民政府办公室,2010-09-07,现行有效,地方政府规章及文件
'关于印发东海县创建国家半导体（硅材料）产业集聚标准化示范区工作方案的通知',连云港市东海县人民政府办公室,2010-09-03,现行有效,地方政府规章及文件
'关于转发地税局《关于规范企业二三产业分离促进第三产业发展壮大地方财力的意见》的通知',邳州市人民政府办公室,2010-08-24,现行有效,地方政府规章及文件
'市政府办公室关于印发淮安市市级现代农业产业园区标准的通知',淮安市人民政府办公室,2010-08-24,现行有效,地方政府规章及文件
'市政府关于进一步加强市区建筑、房地产业税收管理工作的通知',徐州市人民政府,2010-08-20,现行有效,地方政府规章及文件
'关于印发镇江市新兴产业综合统计报表制度（试行）的通知',镇江市人民政府办公室,2010-08-19,现行有效,地方政府规章及文件
'市政府办公室印发关于更大力度吸引物联网技术和产业高层次人才三年行动计划的通知',无锡市人民政府办公室,2010-08-04,现行有效,地方政府规章及文件
'市政府办公室印发关于更大力度培育发展战略性新兴产业六年行动计划（双倍增计划）的通知',无锡市人民政府办公室,2010-07-27,现行有效,地方政府规章及文件
'关于下发江苏省省级物联网产业基地认定办法的通知',江苏省经济和信息化委员会,2010-07-26,现行有效,地方政府规章及文件
'关于印发《南京市食品药品监督管理局服务企业，促进全市医药产业又好又快发展的实施意见》的通知',南京市食品药品监督管理局,2010-07-21,现行有效,地方政府规章及文件
'市政府办公室关于印发《2010年下半年全市产业招商意见》的通知',扬州市人民政府办公室,2010-07-20,现行有效,地方政府规章及文件
'关于印发镇江市五大新兴产业发展规划纲要的通知',镇江市人民政府办公室,2010-07-16,现行有效,地方政府规章及文件
'关于印发长丰县承接产业转移加快新型工业化发展若干政策的通知',合肥市长丰县人民政府,2010-07-15,现行有效,地方政府规章及文件
'关于印发长丰县承接产业转移促进服务业发展若干政策的通知',合肥市长丰县人民政府,2010-07-15,现行有效,地方政府规章及文件
'关于印发长丰县承接产业转移促进现代农业发展若干政策的通知',合肥市长丰县人民政府,2010-07-15,现行有效,地方政府规章及文件
'省政府关于加快文化产业振兴若干政策的通知',江苏省人民政府,2010-07-12,现行有效,地方政府规章及文件
'市政府办公室关于印发徐州市战略性新兴产业发展专项引导资金管理暂行办法的通知',徐州市人民政府办公室,2010-07-10,现行有效,地方政府规章及文件
'关于专项奖励重大产业项目的意见',镇江市人民政府,2010-07-06,现行有效,地方政府规章及文件
'关于加快全市新兴产业发展的指导意见',镇江市人民政府,2010-07-05,现行有效,地方政府规章及文件
'市政府批转市经信委等部门《关于加快推进合同能源管理促进节能服务产业发展的政策措施》的通知',南京市人民政府,2010-07-02,现行有效,地方政府规章及文件
'关于印发《广陵区现代物流产业(2010-2012)三年振兴(快速发展)行动计划》的通知',扬州市广陵区人民政府,2010-06-28,现行有效,地方政府规章及文件
'省政府关于印发江苏省传统产业升级计划的通知',江苏省人民政府,2010-06-22,现行有效,地方政府规章及文件
'市政府关于印发《扬州市旅游产业(2010-2012)三年发展行动计划》的通知',扬州市人民政府,2010-06-11,现行有效,地方政府规章及文件
'无锡市惠山区人民政府关于培育新兴产业发展2年（2010—2011年）倍增计划的实施意见',无锡市惠山区人民政府,2010-06-08,现行有效,地方政府规章及文件
'转发市旅委会《关于加快旅游产业发展的意见》的通知',镇江市人民政府办公室,2010-06-07,现行有效,地方政府规章及文件
'铜山县产业转型升级扶持资金管理意见',徐州市铜山县人民政府,2010-05-28,现行有效,地方政府规章及文件
'盐城市人民政府办公室关于印发盐城市省级开发区新兴产业特色产业创新创业载体建设基本要求的通知',盐城市人民政府办公室,2010-05-21,现行有效,地方政府规章及文件
'关于印发泰州市产业结构调整指导目录（试行）的通知',泰州市人民政府,2010-05-19,现行有效,地方政府规章及文件
'市政府关于规范房地产业政策的意见',姜堰市人民政府,2010-05-12,现行有效,地方政府规章及文件
'市政府关于印发《海门市促进服务外包产业发展的意见》的通知',海门市人民政府,2010-05-09,现行有效,地方政府规章及文件
'市政府关于印发《海门市关于促进服务外包产业发展的意见》的通知',海门市人民政府,2010-05-09,已失效,地方政府规章及文件
'区政府办公室关于加强农业产业结构调整用地管理的通知',宿迁市宿城区人民政府办公室,2010-05-06,现行有效,地方政府规章及文件
'市政府关于加快现代农业产业发展的意见',南通市人民政府,2010-05-05,现行有效,地方政府规章及文件
'市政府办公室关于转发市发改委《无锡市2010年重大产业项目储备培育目标任务》的通知',无锡市人民政府办公室,2010-05-05,现行有效,地方政府规章及文件
'关于下发“现代特色产业示范基地”和“现代农业示范村”建设要求的通知',江苏省农业委员会,2010-04-30,现行有效,地方政府规章及文件
'市政府办公室关于加快地方特色畜禽产业发展的意见',南通市人民政府办公室,2010-04-20,现行有效,地方政府规章及文件
'市政府办公室关于2010年推进实施六大产业转型升级规划纲要主要目标任务分解的通知',南通市人民政府办公室,2010-04-20,现行有效,地方政府规章及文件
'区政府办公室关于推进现代农业产业园区建设的实施意见',宿迁市宿城区人民政府办公室,2010-04-16,现行有效,地方政府规章及文件
'区政府办公室关于印发宿豫区软件和服务外包产业优惠政策的通知',宿迁市宿豫区人民政府办公室,2010-04-14,现行有效,地方政府规章及文件
'转发市政府《关于印发承接产业转移加快新型工业化发展若干政策的通知》',合肥市长丰县人民政府,2010-04-12,现行有效,地方政府规章及文件
'省政府办公厅关于转发省发展改革委等部门《江苏省软件和服务外包产业发展规划纲要(2009－2012年)》的通知',江苏省人民政府办公厅,2010-04-10,现行有效,地方政府规章及文件
'省政府办公厅关于转发省科技厅《江苏省生物技术和新医药产业发展规划纲要(2009－2012年)》的通知',江苏省人民政府办公厅,2010-04-10,现行有效,地方政府规章及文件
'省政府办公厅关于转发省经济和信息化委、省环保厅《江苏省节能环保产业发展规划纲要(2009－2012年)》的通知',江苏省人民政府办公厅,2010-04-10,现行有效,地方政府规章及文件
'省政府办公厅关于转发省发展改革委《江苏省智能电网产业发展专项规划纲要(2009－2012年)》的通知',江苏省人民政府办公厅,2010-04-07,现行有效,地方政府规章及文件
'省政府办公厅关于转发省发展改革委《江苏省新能源汽车产业发展专项规划纲要(2009－2012年)》的通知',江苏省人民政府办公厅,2010-04-07,现行有效,地方政府规章及文件
'省政府办公厅关于转发省发展改革委《江苏省新材料产业发展规划纲要(2009－2012年)》的通知',江苏省人民政府办公厅,2010-04-06,现行有效,地方政府规章及文件
'省经济和信息化委员会关于建立发展新兴产业工作责任体系的意见',江苏省经济和信息化委员会,2010-04-02,现行有效,地方政府规章及文件
'省政府办公厅关于转发省经济和信息化委《江苏省物联网产业发展规划纲要(2009－2012年)》的通知',江苏省人民政府办公厅,2010-04-01,现行有效,地方政府规章及文件
'市政府办公室关于转发《省政府办公厅关于推进现代农业产业园区建设的通知》的通知',泰兴市人民政府办公室,2010-03-30,现行有效,地方政府规章及文件
'市政府关于印发徐州市物联网产业发展规划纲要的通知',徐州市人民政府,2010-03-29,现行有效,地方政府规章及文件
'徐州市人民政府关于发展战略性新兴产业的指导意见',徐州市人民政府,2010-03-25,现行有效,地方政府规章及文件
'市政府办公室关于印发2010年度南通市高新技术产业发展和全社会研发投入考核办法的通知',南通市人民政府办公室,2010-03-24,现行有效,地方政府规章及文件
'建湖县人民政府关于产业升级科技支持政策的意见',盐城市建湖县人民政府,2010-03-18,现行有效,地方政府规章及文件
'关于印发《粮食流通产业转型升级“五个一工程”实施意见》的通知',江苏省粮食局,2010-03-17,现行有效,地方政府规章及文件
'关于印发2010中国镇江第三届发展新兴产业项目与人才对接洽谈活动工作方案的通知',镇江市人民政府办公室,2010-03-15,现行有效,地方政府规章及文件
'中共南京市委、南京市人民政府关于印发《南京市推进科技创新，推动产业转型，发展创新型经济的行动计划》的通知',中共南京市委;南京市人民政府,2010-03-12,现行有效,地方政府规章及文件
'市政府关于印发《扬州市2010年“三新”产业发展工作意见》的通知',扬州市人民政府,2010-03-08,现行有效,地方政府规章及文件
'无锡市惠山区人民政府关于调整和完善2010年发展四大新兴产业扶持意见实施细则的通知',无锡市惠山区人民政府,2010-03-03,现行有效,地方政府规章及文件
'市政府办公室关于印发连云港市市级现代农业产业园区认定管理办法（试行）的通知',连云港市人民政府办公室,2010-02-25,现行有效,地方政府规章及文件
'市政府办公室转发市科技局关于《苏州市战略性新兴产业重点领域技术指引》的通知',苏州市人民政府办公室,2010-02-20,现行有效,地方政府规章及文件
'关于印发《南长传感网、服务外包、文化创意、旅游休闲高端服务业五大产业发展行动计划（2010-2012年）》的通知',无锡市南长区人民政府,2010-02-02,现行有效,地方政府规章及文件
'市政府关于扶持动漫产业发展的若干政策意见',无锡市人民政府,2010-02-02,现行有效,地方政府规章及文件
'市政府办公室关于印发2010年无锡市重点产业发展引导资金管理办法的通知',无锡市人民政府办公室,2010-02-02,已失效,地方政府规章及文件
'盐城市人民政府关于印发盐城市汽车产业发展振兴规划纲要的通知',盐城市人民政府,2010-01-31,现行有效,地方政府规章及文件
'盐城市人民政府关于印发盐城市风电产业发展振兴规划纲要的通知',盐城市人民政府,2010-01-31,现行有效,地方政府规章及文件
'盐城市人民政府关于印发盐城市纺织产业发展振兴规划纲要的通知',盐城市人民政府,2010-01-31,现行有效,地方政府规章及文件
'盐城市人民政府关于印发盐城市化工产业发展振兴规划纲要的通知',盐城市人民政府,2010-01-31,现行有效,地方政府规章及文件
'盐城市人民政府关于印发盐城市环保产业发展振兴规划纲要的通知',盐城市人民政府,2010-01-31,现行有效,地方政府规章及文件
'市政府关于扶持市区电子信息产业加快发展的若干意见',南通市人民政府,2010-01-23,已失效,地方政府规章及文件
'市政府关于扶持市区新能源产业加快发展的若干意见',南通市人民政府,2010-01-23,已失效,地方政府规章及文件
'市政府关于促进软件产业发展的若干意见',淮安市人民政府,2010-01-20,现行有效,地方政府规章及文件
'市政府办公室关于印发《扬州市实施八大产业三年振兴(快速发展)行动计划目标任务分解表》的通知',扬州市人民政府办公室,2010-01-20,现行有效,地方政府规章及文件
'市政府关于整合设立市重点产业发展引导资金的意见',无锡市人民政府,2010-01-19,现行有效,地方政府规章及文件
'市政府办公室关于进一步加快龙虾产业发展的实施意见',宿迁市人民政府办公室,2010-01-13,现行有效,地方政府规章及文件
'关于印发全省新闻出版产业调查工作实施方案的通知',江苏省新闻出版局,2010-01-11,现行有效,地方政府规章及文件
'市政府印发关于加快金融产业发展若干政策意见的通知',连云港市人民政府,2010-01-11,现行有效,地方政府规章及文件
'中共无锡市委、无锡市人民政府关于开展“新兴产业培育年”活动的实施意见',中共无锡市委;无锡市人民政府,2010-01-07,现行有效,地方政府规章及文件
'宿城区人民政府关于开展现代农业产业园区建设推进年活动的实施意见',宿迁市宿城区人民政府,2010,现行有效,地方政府规章及文件
'省政府办公厅关于推进现代农业产业园区建设的通知',江苏省人民政府办公厅,2010-01-01,现行有效,地方政府规章及文件
'市政府办公室关于转发市经贸委、市财政局《常州市振兴五大产业信用担保扶持政策操作办法》的通知',常州市人民政府办公室,2009-12-31,现行有效,地方政府规章及文件
'关于印发泰州市新能源产业振兴规划纲要（2009—2012年）的通知',泰州市人民政府,2009-12-22,现行有效,地方政府规章及文件
'关于印发泰州市电子信息产业振兴规划纲要（2009—2012年）的通知',泰州市人民政府,2009-12-22,现行有效,地方政府规章及文件
'关于印发泰州市医药产业振兴规划纲要（2009—2012年）的通知',泰州市人民政府办公室,2009-12-22,现行有效,地方政府规章及文件
'市政府关于加快文化事业和文化产业发展若干政策的意见',南通市人民政府,2009-12-16,现行有效,地方政府规章及文件
'市政府关于进一步加快西城区特色产业园发展的意见',海门市人民政府,2009-12-12,现行有效,地方政府规章及文件
'市政府关于印发连云港市信息产业发展规划纲要的通知',连云港市人民政府,2009-11-22,现行有效,地方政府规章及文件
'市政府关于印发淮安市推进光伏产业发展政策实施办法的通知',淮安市人民政府,2009-11-18,现行有效,地方政府规章及文件
'市政府关于振兴九大产业的意见',淮安市人民政府,2009-11-06,现行有效,地方政府规章及文件
'省政府办公厅关于促进苏通科技产业园加快发展若干政策措施的通知',江苏省人民政府办公厅,2009-11-04,现行有效,地方政府规章及文件
'市政府办公室关于印发《海门市优势畜禽产业(肉鸡)发展规划》的通知',海门市人民政府办公室,2009-10-28,现行有效,地方政府规章及文件
'关于印发《江苏泰州高港高新技术产业园区医药产业发展规划纲要》的通知',泰州市高港区人民政府,2009-10-28,现行有效,地方政府规章及文件
'关于印发《泰州市高新技术特色产业基地认定管理办法》的通知',泰州市科学技术局,2009-10-23,现行有效,地方政府规章及文件
'市政府关于印发常州市现代农业产业发展总体规划【修编】(2009-2015)的通知',常州市人民政府,2009-10-08,现行有效,地方政府规章及文件
'市政府关于印发吴江市食品加工产业提升发展计划的通知',吴江市人民政府,2009-09-27,现行有效,地方政府规章及文件
'市政府关于印发吴江市新材料产业提升发展计划的通知',吴江市人民政府,2009-09-27,现行有效,地方政府规章及文件
'市政府关于印发吴江市光电缆产业调整振兴计划的通知',吴江市人民政府,2009-09-27,现行有效,地方政府规章及文件
'市政府关于印发吴江市新能源产业提升发展计划的通知',吴江市人民政府,2009-09-27,现行有效,地方政府规章及文件
'市政府关于印发吴江市生物及医药产业提升发展计划的通知',吴江市人民政府,2009-09-27,现行有效,地方政府规章及文件
'市政府关于印发吴江市电子信息产业调整振兴计划的通知',吴江市人民政府,2009-09-27,现行有效,地方政府规章及文件
'关于转发市人事局、市发改委《镇江市新能源产业人才引进与培训计划》的通知',镇江市人民政府办公室,2009-09-26,现行有效,地方政府规章及文件
'关于加快我区轨道交通产业发展的实施意见',常州市戚墅堰区人民政府,2009-09-25,现行有效,地方政府规章及文件
'市政府关于印发《南通市服务外包发展战略与产业规划》的通知',南通市人民政府,2009-09-24,现行有效,地方政府规章及文件
'市政府办公室关于金融支持“三新”产业发展的工作意见',扬州市人民政府办公室,2009-09-17,现行有效,地方政府规章及文件
'市政府关于印发连云港市新医药产业振兴规划纲要的通知',连云港市人民政府,2009-09-13,现行有效,地方政府规章及文件
'市政府关于印发连云港市化工产业振兴规划纲要的通知',连云港市人民政府,2009-09-13,现行有效,地方政府规章及文件
'市政府关于印发新能源(风能、太阳能)产业跨越发展工程等四大跨越发展工程的通知',苏州市人民政府,2009-09-09,现行有效,地方政府规章及文件
'关于印发“江苏省产业调整和振兴规划纲要——十二个产业关键技术与重点项目”的通知',江苏省教育厅,2009-09-07,现行有效,地方政府规章及文件
'关于印发《泰州市地方税务局建筑业、房地产业项目管理暂行办法》的通知',泰州市地方税务局,2009-09-07,现行有效,地方政府规章及文件
'盐城市人民政府关于推进江苏华锐风电产业园建设和发展的政策意见',盐城市人民政府,2009-09-01,现行有效,地方政府规章及文件
'盐城市人民政府关于推进江苏盐城环保产业园建设与发展的政策意见',盐城市人民政府,2009-09-01,现行有效,地方政府规章及文件
'市政府办公室关于印发无锡市加快重大产业项目建设的若干意见的通知',无锡市人民政府办公室,2009-08-28,现行有效,地方政府规章及文件
'关于印发镇江市新能源产业发展规划的通知',镇江市人民政府,2009-08-24,现行有效,地方政府规章及文件
'市政府关于印发连云港市新材料产业振兴规划纲要的通知',连云港市人民政府,2009-08-19,现行有效,地方政府规章及文件
'盐城市人民政府关于加快推进全市风电和光伏产业发展的意见',盐城市人民政府,2009-08-17,现行有效,地方政府规章及文件
'关于公布2009年1-6月苏州市高新技术产业主要统计数据的通知',苏州市科学技术局;苏州市统计局,2009-07-24,现行有效,地方政府规章及文件
'关于加快推进市级重点产业项目的若干意见',镇江市人民政府办公室,2009-07-17,现行有效,地方政府规章及文件
'市政府关于印发无锡市新材料产业调整与提升行动计划(2009－2011年)的通知',无锡市人民政府,2009-07-13,现行有效,地方政府规章及文件
'市政府关于印发无锡市新材料产业调整与提升行动计划(2009－2011年)的通知',无锡市人民政府,2009-07-13,现行有效,地方政府规章及文件
'市政府关于印发无锡市电子信息产业调整与提升行动计划(2009－2011年)的通知',无锡市人民政府,2009-07-13,现行有效,地方政府规章及文件
'市政府关于印发无锡市新能源产业调整与提升行动计划(2009－2011年)的通知',无锡市人民政府,2009-07-13,现行有效,地方政府规章及文件
'市政府关于印发无锡市生物医药产业调整与提升行动计划(2009－2011年)的通知',无锡市人民政府,2009-07-13,现行有效,地方政府规章及文件
'市政府关于印发南通市海洋工程、船舶及重装备产业转型升级规划纲要(2009-2011年)的通知',南通市人民政府,2009-07-10,现行有效,地方政府规章及文件
'市政府关于印发南通市石化及化工新材料产业转型升级规划纲要(2009-2011年)的通知',南通市人民政府,2009-07-09,现行有效,地方政府规章及文件
'市政府关于印发南通市纺织产业转型升级规划纲要(2009-2011年)的通知',南通市人民政府,2009-07-08,现行有效,地方政府规章及文件
'市政府关于印发南通市电子信息产业转型升级规划纲要(2009～2011年)的通知',南通市人民政府,2009-07-08,现行有效,地方政府规章及文件
'市政府办公室转发市金融办等部门《关于金融支持服务外包产业发展若干意见》的通知',无锡市人民政府办公室,2009-06-29,现行有效,地方政府规章及文件
'省政府办公厅关于转发省财政厅《江苏省省级重点产业调整和振兴专项引导资金使用管理暂行办法》的通知',江苏省人民政府办公厅,2009-06-19,现行有效,地方政府规章及文件
'关于支持创建国家火炬计划镇江特种船舶及海洋工程配套产业基地的政策意见',镇江市人民政府办公室,2009-06-10,现行有效,地方政府规章及文件
'市政府关于印发《溧阳市旅游产业三年提升计划（2009-2011年）》的通知',溧阳市人民政府,2009-06-10,现行有效,地方政府规章及文件
'关于转发泰州市物价局《运用价格杠杆促进泰州国家医药高新技术产业开发区发展意见》的通知',泰州市人民政府办公室,2009-06-01,现行有效,地方政府规章及文件
'省政府关于印发江苏省有色金属产业调整和振兴规划纲要的通知',江苏省人民政府,2009-05-31,现行有效,地方政府规章及文件
'省政府关于印发江苏省汽车产业调整和振兴规划纲要的通知',江苏省人民政府,2009-05-16,现行有效,地方政府规章及文件
'省政府关于印发江苏省新能源产业调整和振兴规划纲要的通知',江苏省人民政府,2009-05-15,现行有效,地方政府规章及文件
'省政府关于印发江苏省电子信息产业调整和振兴规划纲要的通知',江苏省人民政府,2009-05-14,现行有效,地方政府规章及文件
'省政府关于印发江苏省石化产业调整和振兴规划纲要的通知',江苏省人民政府,2009-05-14,现行有效,地方政府规章及文件
'市政府办公室关于印发昆山市文化产业统计实施方案的通知',昆山市人民政府办公室,2009-05-07,现行有效,地方政府规章及文件
'如皋市人民政府关于引进高新技术产业的若干意见',如皋市人民政府,2009-04-30,现行有效,地方政府规章及文件
'省政府办公厅关于转发省经贸委等部门进一步支持重点工业企业重点工业项目特色产业集群和产业基地意见的通知',江苏省人民政府办公厅,2009-04-28,现行有效,地方政府规章及文件
'关于印发《充分发挥工商职能作用促进泰州医药高新技术产业开发区加快发展的措施》的通知',江苏省泰州工商行政管理局,2009-04-28,现行有效,地方政府规章及文件
'中共兴化市委、兴化市人民政府关于促进和扶持全市不锈钢产业发展的意见',中共兴化市委;兴化市人民政府,2009-04-07,现行有效,地方政府规章及文件
'关于印发《江苏省墙体材料发展产业导向》和《江苏省新型墙体材料产品目录》的通知',江苏省经济和信息化委员会,2009-04-01,现行有效,地方政府规章及文件
'关于转发《关于当前形势下进一步做好产业政策工作的通知》的通知',无锡市经济贸易委员会,2009-03-27,现行有效,地方政府规章及文件
'关于印发《2009-2011年金坛市水芹产业发展规划》和《2009-2011年金坛市红香芋产业发展规划》的通知',金坛市人民政府办公室,2009-03-18,现行有效,地方政府规章及文件
'市政府关于全市钢铁冶炼产业结构调整的实施意见',溧阳市人民政府,2009-03-13,现行有效,地方政府规章及文件
'市政府办公室关于印发连云港市加快服务外包产业发展意见的通知',连云港市人民政府办公室,2009-03-03,现行有效,地方政府规章及文件
'关于印发2009中国镇江第二届发展新兴产业项目与人才对接洽谈会工作方案的通知',镇江市人民政府办公室,2009-02-27,已失效,地方政府规章及文件
'市政府办公室关于印发2009年度南通市高新技术产业发展考核办法的通知',南通市人民政府办公室,2009-02-23,现行有效,地方政府规章及文件
'转发《关于下达滨湖区2009年软件信息产业发展目标的通知》的通知',无锡市滨湖区人民政府办公室,2009-02-23,现行有效,地方政府规章及文件
'新沂市人民政府关于进一步扶持文化事业和文化产业发展若干经济政策的意见',新沂市人民政府,2009-02-22,现行有效,地方政府规章及文件
'关于印发《常州市振兴五大产业行动计划(2009-2011年)》的通知',中共常州市委;常州市人民政府,2009-02-19,现行有效,地方政府规章及文件
'无锡市惠山区人民政府关于扶持动漫产业发展的若干政策意见',无锡市惠山区人民政府,2009-02-19,现行有效,地方政府规章及文件
'关于印发镇江市2009年信息产业工作要点的通知',镇江市人民政府办公室,2009-02-12,现行有效,地方政府规章及文件
'关于发布《2009年度江苏省文化产业引导资金项目申报指南》及组织项目申报工作的通知',江苏省文化厅,2009-02-10,现行有效,地方政府规章及文件
'关于加快文化事业和文化产业发展若干经济政策的意见',扬州市人民政府,2009-01-20,现行有效,地方政府规章及文件
'市政府办公厅转发市广电局《关于鼓励和扶持动漫产业发展的政策意见(修订稿)》的通知',南京市人民政府办公厅,2009-01-06,已失效,地方政府规章及文件
'市政府关于加快培育大产业推进新型工业化的政策意见',淮安市人民政府,2009-01-06,现行有效,地方政府规章及文件
'市政府关于印发《高邮市市域环路产业带和板块经济发展规划实施配套政策(试行)》的通知',高邮市人民政府,2009-01-04,现行有效,地方政府规章及文件
'县政府关于印发《泗阳县农业六大产业合作社县级联合社组建工作实施意见》的通知',宿迁市泗阳县人民政府,2009,现行有效,地方政府规章及文件
'泗阳县促进软件和服务外包产业发展十条意见',宿迁市泗阳县人民政府,2009,现行有效,地方政府规章及文件
'关于印发加快银杏产业发展的实施意见的通知',泰兴市人民政府办公室,2008-12-24,现行有效,地方政府规章及文件
'关于印发《江苏省前沿领域新材料产业规划纲要（2008－2010年）》的通知',江苏省经济贸易委员会,2008-12-15,现行有效,地方政府规章及文件
'市政府关于促进市区房地产业持续健康发展激励政策的意见',姜堰市人民政府,2008-12-10,现行有效,地方政府规章及文件
'市政府办公室关于转发市经贸局《溧阳市新兴产业三年跃升计划（2008-2010年）》的通知',溧阳市人民政府办公室,2008-11-27,现行有效,地方政府规章及文件
'关于印发《江都市建筑业五年打造千亿产业群及远景发展规划》的通知',江都市人民政府,2008-11-27,现行有效,地方政府规章及文件
'关于鼓励和扶持创意产业发展的若干意见',常州市人民政府,2008-11-19,现行有效,地方政府规章及文件
'徐州市人民政府办公室关于加快发展现代粮食流通产业的意见',徐州市人民政府办公室,2008-11-15,现行有效,地方政府规章及文件
'市政府办公室转发无锡工商局关于依托优势特色产业加快推进品牌战略的实施意见的通知',无锡市人民政府办公室,2008-11-11,现行有效,地方政府规章及文件
'关于切实做好蚕桑产业稳定发展工作的通知',江苏省农林厅,2008-10-31,现行有效,地方政府规章及文件
'关于进一步促进我市房地产业健康稳定发展的若干意见',镇江市人民政府,2008-10-24,现行有效,地方政府规章及文件
'关于印发《江苏省省级现代服务业(文化产业)发展专项引导资金管理办法（试行）》的通知',江苏省广播电视局,2008-10-23,已失效,地方政府规章及文件
'市政府关于支持鼓励石油装备、新能源两大产业集群企业加快发展的若干政策意见',姜堰市人民政府,2008-10-20,已失效,地方政府规章及文件
'关于进一步加强全区建筑业、房地产业项目管理的意见',常州市武进区人民政府,2008-10-10,现行有效,地方政府规章及文件
'关于印发《江苏省促进国际服务外包产业加快发展若干政策措施实施办法》的通知',江苏省财政厅;江苏省发展和改革委员会;江苏省对外经济贸易厅;江苏省科学技术厅;江苏省劳动和社会保障厅;江苏省信息产业厅,2008-10-09,现行有效,地方政府规章及文件
'市政府印发关于促进中心城市房地产业和商业发展政策规定的通知',宿迁市人民政府,2008-10-08,现行有效,地方政府规章及文件
'市委办公室、市政府办公室关于进一步做强做优兴化河蟹产业的工作意见',中共兴化市委办公室;兴化市人民政府办公室,2008-10-06,现行有效,地方政府规章及文件
'清丰县人民政府关于推进辣椒产业发展的意见',濮阳市清丰县人民政府,2008-09-27,现行有效,地方政府规章及文件
'关于进一步加强建筑房地产业项目管理的实施意见',常州市新北区人民政府,2008-09-26,现行有效,地方政府规章及文件
'市政府关于印发《推进南京市国际服务外包产业发展的若干政策》的通知',南京市人民政府,2008-09-23,已失效,地方政府规章及文件
'关于促进我市房地产业健康稳定发展的实施意见',扬州市人民政府,2008-09-15,现行有效,地方政府规章及文件
'市政府关于扶持新能源及清洁技术产业发展的若干意见',徐州市人民政府,2008-09-03,现行有效,地方政府规章及文件
'省科技厅关于印发《江苏省高科技产业发展(841攀登计划)技术纲要(试行)》及做好组织实施工作的通知',江苏省科学技术厅,2008-09-02,现行有效,地方政府规章及文件
'市政府关于印发《南通市工业产业优化提升三年行动计划》等六项行动计划的通知',南通市人民政府,2008-09-01,现行有效,地方政府规章及文件
'关于加快熟食产业发展的实施意见',岳阳市平江县人民政府,2008-08-27,现行有效,地方政府规章及文件
'无锡市锡山区人民政府关于优化政府服务促进产业发展的意见',无锡市锡山区人民政府,2008-08-25,现行有效,地方政府规章及文件
'响水县人民政府办公室关于印发《第五届文化艺术周文化产业招商项目推介暨集中签约活动实施方案》的通知',盐城市响水县人民政府办公室,2008-08-08,已失效,地方政府规章及文件
'关于印发《南京市软件产业宣传推介专项资金管理暂行办法》的通知',南京市科学技术局;南京市财政局,2008-07-07,现行有效,地方政府规章及文件
'关于印发《南京市软件产业创业种子专项资金管理暂行办法》的通知',南京市科学技术局;南京市财政局,2008-07-07,现行有效,地方政府规章及文件
'盐城市人民政府关于加快发展LED和太阳能光伏产业的实施意见',盐城市人民政府,2008-06-19,现行有效,地方政府规章及文件
'关于印发省信息产业厅2008年度支持苏北地区发展任务的通知',江苏省信息产业厅,2008-06-16,现行有效,地方政府规章及文件
'市政府办公室转发市发改委等部门关于无锡市产业结构调整指导目录（试行）中化工项目管理的补充意见的通知',无锡市人民政府办公室,2008-06-10,现行有效,地方政府规章及文件
'市政府关于印发宿迁市奶牛产业发展扶持政策的通知',宿迁市人民政府,2008-06-04,现行有效,地方政府规章及文件
'市政府关于调整溧阳市实施工业产业布局规划的扶持政策的意见',溧阳市人民政府,2008-06-04,现行有效,地方政府规章及文件
'市政府办公室印发关于进一步推进软件和服务外包产业发展实施细则的通知',宿迁市人民政府办公室,2008-05-23,现行有效,地方政府规章及文件
'关于印发《关于促进服务外包产业发展的若干意见》的通知',无锡市南长区人民政府,2008-05-22,现行有效,地方政府规章及文件
'关于加快文化事业和文化产业发展若干政策的意见',昆山市人民政府,2008-05-16,现行有效,地方政府规章及文件
'市政府办公厅关于转发市广电局《南京市动漫产业发展规划（2008—2012年）》的通知',南京市人民政府办公厅,2008-05-15,现行有效,地方政府规章及文件
'市政府办公室关于加快发展现代粮食流通产业的意见',连云港市人民政府办公室,2008-05-05,现行有效,地方政府规章及文件
'南京市人民政府关于印发《南京市进一步推进软件产业发展的若干政策意见》的通知',南京市人民政府,2008-05-03,已失效,地方政府规章及文件
'关于发布《江苏省软件和集成电路产业专项经费项目验收管理办法(试行)》的通知',江苏省信息产业厅,2008-04-21,现行有效,地方政府规章及文件
'关于印发《江苏省信息产业厅机关财务管理办法(试行)》的通知',江苏省信息产业厅,2008-04-08,现行有效,地方政府规章及文件
'江苏省人民政府关于印发江苏省促进国际服务外包产业加快发展的若干政策措施的通知',江苏省人民政府,2008-04-02,现行有效,地方政府规章及文件
'市政府关于印发淮安市服务外包产业发展行动计划（2008-2010年）的通知',淮安市人民政府,2008-03-26,现行有效,地方政府规章及文件
'扬州市人民政府办公室关于印发《2008年扬州市新兴产业发展工作意见》的通知',扬州市人民政府办公室,2008-03-19,现行有效,地方政府规章及文件
'无锡市惠山区人民政府关于印发惠山区服务外包产业发展规划纲要（2008—2010）的通知',无锡市惠山区人民政府,2008-03-19,现行有效,地方政府规章及文件
'无锡市政府办公室印发关于组建产业发展集团的实施意见的通知',无锡市政府办公室,2008-03-05,现行有效,地方政府规章及文件
'市政府办公室关于印发无锡市实施省高新技术产业新一轮双倍增计划行动纲要的通知',无锡市人民政府办公室,2008-03-01,现行有效,地方政府规章及文件
'市政府办公室转发市科技局关于《淮安市高新技术产业“双倍增”计划实施纲要（2008-2010年）》的通知',淮安市人民政府办公室,2008-02-29,现行有效,地方政府规章及文件
'关于印发2008中国镇江发展新兴产业项目与人才对接洽谈会工作方案的通知',镇江市人民政府办公室,2008-02-28,已失效,地方政府规章及文件
'关于印发《南京市专利技术产业基地认定管理办法》的通知',南京市知识产权局,2008-02-27,现行有效,地方政府规章及文件
'关于下发《省信息产业厅2008年工作要点及分解落实方案》和上报厅市合作共建项目的通知',江苏省信息产业厅,2008-02-25,现行有效,地方政府规章及文件
'市政府办公室关于印发南通市新一轮高新技术产业“双倍增”计划实施纲要(2008～2010年)的通知',南通市人民政府办公室,2008-02-22,现行有效,地方政府规章及文件
'市政府关于加强服装企业管理推进诚信建设促进服装产业健康发展的实施办法',高邮市人民政府,2008-02-03,现行有效,地方政府规章及文件
'关于印发2008年产业政策工作要点的通知',江苏省经济贸易委员会,2008-02-01,现行有效,地方政府规章及文件
'市政府关于转发《扬州市促进LED和太阳能光伏产业发展政策实施办法》的通知',高邮市人民政府,2008-01-21,现行有效,地方政府规章及文件
'市政府办公室关于印发促进中心城市房地产业和商业发展政策规定实施细则的通知',宿迁市人民政府办公室,2008,现行有效,地方政府规章及文件
'关于印发《扬州市市域环路沿线产业带发展规划》的通知',扬州市人民政府,2007-12-27,现行有效,地方政府规章及文件
'南通市人民政府关于扶持船舶产业加快发展的意见',南通市人民政府,2007-12-21,现行有效,地方政府规章及文件
'市政府关于扶持船舶产业加快发展的意见',南通市人民政府,2007-12-21,现行有效,地方政府规章及文件
'盐城市盐都区人民政府关于加快信息产业发展的意见',盐城市盐都区人民政府,2007-12-12,现行有效,地方政府规章及文件
'关于转发信息产业部节能降耗电子信息技术、产品与应用方案推荐目录的通知',江苏省信息产业厅,2007-11-30,现行有效,地方政府规章及文件
'印发《关于促进服务外包产业发展的若干政策》的通知',镇江市人民政府,2007-11-22,已失效,地方政府规章及文件
'关于贯彻落实省政府办公厅加快发展现代粮食流通产业意见的通知',江苏省粮食局,2007-11-21,现行有效,地方政府规章及文件
'市政府办公室关于印发《南通市化工产业导向目录(2007年本)》的通知',南通市人民政府办公室,2007-11-20,已失效,地方政府规章及文件
'无锡市锡山区人民政府关于促进服务外包产业发展的若干意见',无锡市锡山区人民政府,2007-11-20,现行有效,地方政府规章及文件
'市委办、市府办关于印发销售收入超10亿元农业主导产业考评办法(试行)的通知',中共淮安市委办公室;淮安市人民政府办公室,2007-11-09,现行有效,地方政府规章及文件
'关于印发《扬州市促进LED和太阳能光伏产业发展政策实施办法》的通知',扬州市人民政府,2007-11-05,现行有效,地方政府规章及文件
'扬州市关于促进LED和太阳能光伏产业发展的实施意见(2007-2010年)',扬州市人民政府,2007-10-22,现行有效,地方政府规章及文件
'关于印发《扬州市船舶产业“十一五”发展规划纲要》的通知',扬州市人民政府办公室,2007-10-22,现行有效,地方政府规章及文件
'市政府办公厅转发市经委市科技局《关于加快全市LED产业链发展的意见》的通知',南京市人民政府办公厅,2007-10-16,现行有效,地方政府规章及文件
'省政府办公厅关于加快发展现代粮食流通产业的意见',江苏省人民政府办公厅,2007-10-16,现行有效,地方政府规章及文件
'关于印发《扬州工商局支持LED和太阳能光伏产业发展的扶持措施》的通知',扬州市工商行政管理局,2007-10-08,现行有效,地方政府规章及文件
'关于印发《南京市软件产业领军人物评选管理暂行办法》的通知',南京市科学技术局,2007-09-30,现行有效,地方政府规章及文件
'江苏省信息产业厅关于就液晶平板产业整合及产业发展政策思路提供意见的复函',江苏省信息产业厅,2007-09-25,现行有效,地方政府规章及文件
'转发《苏州市政府关于印发苏州市产业发展导向目录的通知》的通知',吴江市人民政府,2007-09-25,现行有效,地方政府规章及文件
'关于加快肉兔产业发展的实施意见',邳州市人民政府,2007-09-24,现行有效,地方政府规章及文件
'关于加快家禽产业发展的实施意见',邳州市人民政府,2007-09-24,现行有效,地方政府规章及文件
'苏州市人民政府关于印发苏州市产业发展导向目录的通知',苏州市人民政府,2007-09-11,现行有效,地方政府规章及文件
'关于印发《2007年扬州市LED、太阳能光伏产业(上海)招商推介会总体方案》的通知',扬州市人民政府办公室,2007-09-11,已失效,地方政府规章及文件
'无锡市惠山区人民政府关于促进服务外包产业发展的若干意见',无锡市惠山区人民政府,2007-09-03,现行有效,地方政府规章及文件
'无锡市锡山区人民政府关于加快推进全区产业梯度转移的政策意见',无锡市锡山区人民政府,2007-08-29,现行有效,地方政府规章及文件
'关于印发镇江市船舶产业发展及布局规划的通知',镇江市人民政府办公室,2007-08-21,现行有效,地方政府规章及文件
'关于转发《扬州市产业招商实施意见》的通知',扬州市人民政府办公室,2007-08-15,现行有效,地方政府规章及文件
'市政府办公室转发市信息产业局《关于做好我市固定电话号码升位工作的意见》的通知',淮安市人民政府办公室,2007-08-14,现行有效,地方政府规章及文件
'市政府办公室关于印发2007年度南通市高新技术产业发展考核办法的通知',南通市人民政府办公室,2007-07-25,已失效,地方政府规章及文件
'关于对灌云县临港产业园存在环保问题进行整改的通知',江苏省环境保护厅,2007-07-18,现行有效,地方政府规章及文件
'关于加强环境管理促进苏北地区产业优化的意见',江苏省环境保护厅,2007-07-04,现行有效,地方政府规章及文件
'市政府关于鼓励和扶持动漫产业发展的若干规定',常州市人民政府,2007-06-28,已失效,地方政府规章及文件
'关于印发《常州高新区（新北区）“三药”科技产业基地三年发展规划（2008～2010年）》的通知',常州国家高新技术产业开发区管理委员会,2007-06-21,已失效,地方政府规章及文件
'转发信息产业部《关于发布〈业余无线电台呼号管理办法〉的通知》的通知',江苏省无线电管理局,2007-06-19,现行有效,地方政府规章及文件
'关于印发镇江市工商业产业结构调整指导目录的通知',镇江市人民政府办公室,2007-05-18,现行有效,地方政府规章及文件
'常州市人民政府关于加快文化事业和文化产业发展若干经济政策的意见',常州市人民政府,2007-05-14,现行有效,地方政府规章及文件
'县政府关于印发《涟水县建筑业和房地产业税收征收管理办法》的通知',淮安市涟水县人民政府,2007-05-10,现行有效,地方政府规章及文件
'无锡市锡山区人民政府关于促进轻型多功能电动车产业发展的若干意见',无锡市锡山区人民政府,2007-04-30,现行有效,地方政府规章及文件
'市政府关于印发溧阳市实施工业产业布局规划的扶持政策的通知',溧阳市人民政府,2007-04-15,现行有效,地方政府规章及文件
'市政府关于扶持医药产业发展的意见',高邮市人民政府,2007-03-28,现行有效,地方政府规章及文件
'市政府关于进一步加快光伏产业园建设的意见',高邮市人民政府,2007-03-19,现行有效,地方政府规章及文件
'泰州市地方税务局转发《江苏省地方税务局关于印发〈江苏省地方税务局建筑业、房地产业营业税管理暂行办法〉的通知》的通知',泰州市地方税务局,2007-03-13,现行有效,地方政府规章及文件
'转发信息产业部、无线电管理局发布《2GHz频段TD-SCDMA数字蜂窝移动通信网设备射频技术要求(试行)》的通知',江苏省无线电管理局,2007-03-09,现行有效,地方政府规章及文件
'关于印发江苏省特色产业园的设立原则和申报程序的通知',江苏省对外贸易经济合作厅,2007,现行有效,地方政府规章及文件
'大丰市人民政府办公室关于转发大丰港经济区管委会、市农业局《“两场一站”整体搬迁重组与产业转移工作实施细则》的通知',大丰市人民政府办公室,2006-12-16,现行有效,地方政府规章及文件
'关于印发《扬州市工业重要产业招商项目包装工作的指导意见》的通知',扬州市经济贸易委员会,2006-11-30,现行有效,地方政府规章及文件
'关于加快文化事业和产业发展若干经济政策的通知',镇江市人民政府,2006-11-27,现行有效,地方政府规章及文件
'关于印发扶持和促进市经济开发区LED产业园发展政策实施办法的通知',扬州市人民政府,2006-11-22,现行有效,地方政府规章及文件
'关于促进全市银行卡产业发展的意见',镇江市人民政府,2006-10-31,现行有效,地方政府规章及文件
'泰州市地方税务局转发《江苏省地方税务局贯彻〈省政府关于加快文化事业和产业发展若干经济政策的通知〉的实施意见》的通知',泰州市地方税务局,2006-10-27,现行有效,地方政府规章及文件
'扬州市“十一五”工业结构调整与产业升级规划',扬州市人民政府办公室,2006-10-23,现行有效,地方政府规章及文件
'盐城市人民政府办公室关于加快全市银行卡产业发展的通知',盐城市人民政府办公室,2006-09-04,现行有效,地方政府规章及文件
'转发信息产业部、无线电管理局《关于无线汽车防盗报警设备使用频率的通知》的通知',江苏省无线电管理局,2006-08-31,现行有效,地方政府规章及文件
'常州市武进质量技术监督局关于服务区域产业集群发展的实施意见',常州市武进区质量技术监督局,2006-08-22,现行有效,地方政府规章及文件
'市政府办公室关于促进我市银行卡产业发展的实施意见',高邮市人民政府办公室,2006-08-22,现行有效,地方政府规章及文件
'关于加快蔬菜产业发展的实施意见',江都市人民政府,2006-08-21,现行有效,地方政府规章及文件
'批转市经贸委《关于吴江市工业经济产业发展指导意见》的通知',吴江市人民政府,2006-06-26,现行有效,地方政府规章及文件
'转发市信息产业局《以信息化带动社会主义新农村致福工程实施方案》的通知',镇江市人民政府办公室,2006-06-16,现行有效,地方政府规章及文件
'常州国家高新区管委会、常州市新北区人民政府关于批转区经济发展局《关于加快高新区（新北区）化工产业调整和发展意见》的通知',常州国家高新技术产业开发区管理委员会;常州市新北区人民政府,2006-06-12,现行有效,地方政府规章及文件
'关于促进溧阳市银行卡产业发展的意见',溧阳市人民政府办公室,2006-06-05,现行有效,地方政府规章及文件
'关于转发信息产业部《关于推进社会主义新农村建设工作的意见》的通知',扬州市社会主义新农村建设工作领导小组办公室;扬州市信息化领导小组办公室,2006-06-02,现行有效,地方政府规章及文件
'关于加快推进软件产业发展的意见',南京市江宁区人民政府,2006-05-22,现行有效,地方政府规章及文件
'市政府办公室转发市地税局等部门《关于进一步加强市区建筑业房地产业税收征管工作意见》的通知',南通市人民政府办公室,2006-05-18,现行有效,地方政府规章及文件
'关于印发《关于加快常州化工产业调整和发展的意见》的通知',常州市人民政府,2006-05-08,现行有效,地方政府规章及文件
'关于印发《扬州市直广播电视系统2006—2010年产业发展规划》的通知',扬州市广播电视局,2006-05-08,现行有效,地方政府规章及文件
'市政府关于溧阳市工业产业布局规划的实施意见',溧阳市人民政府,2006-04-02,现行有效,地方政府规章及文件
'关于印发南京市江宁区高新技术产业“十一五”发展规划的通知',南京市江宁区人民政府,2006-03-22,现行有效,地方政府规章及文件
'区政府关于印发国家优质粮食产业工程现代农机装备推进项目实施意见的通知',淮安市淮阴区人民政府,2006-02-20,现行有效,地方政府规章及文件
'关于印发《国家火炬计划常州软件产业基地发展规划（2006～2010年）》的通知',常州国家高新技术产业开发区管理委员会,2006-01-16,已失效,地方政府规章及文件
