'江西省人民政府办公厅关于推动油茶产业高质量发展的意见',江西省人民政府办公厅,2020-12-09,现行有效,地方政府规章及文件
'江西省人民政府办公厅关于推进牛羊产业高质量发展的实施意见',江西省人民政府办公厅,2020-11-06,现行有效,地方政府规章及文件
'江西省人民政府办公厅关于加快推进绿色食品产业链高质量发展的指导意见',江西省人民政府办公厅,2020-10-30,现行有效,地方政府规章及文件
'江西省人民政府关于印发海峡两岸产业合作区(江西)建设总体方案的通知',江西省人民政府,2020-09-17,现行有效,地方政府规章及文件
'江西省人民政府办公厅关于促进全民健身和体育消费推动体育产业高质量发展的实施意见',江西省人民政府办公厅,2020-08-28,现行有效,地方政府规章及文件
'江西省人民政府关于促进乡村产业振兴的实施意见',江西省人民政府,2020-05-26,现行有效,地方政府规章及文件
'江西省人民政府办公厅关于支持铜产业稳定发展若干政策措施的通知',江西省人民政府办公厅,2020-05-06,现行有效,地方政府规章及文件
'江西省人民政府办公厅印发关于实施产业链链长制工作方案的通知',江西省人民政府办公厅,2020-04-28,现行有效,地方政府规章及文件
'江西省人民政府办公厅关于推动我省蔬菜产业高质量发展的实施意见',江西省人民政府办公厅,2020-03-16,现行有效,地方政府规章及文件
'江西省人民政府办公厅关于对全省部分重大产业项目加大督查调度和协调帮扶力度促进经济平稳增长的通知',江西省人民政府办公厅,2020-02-10,现行有效,地方政府规章及文件
'江西省人民政府办公厅关于加快发展体育竞赛表演产业的实施意见',江西省人民政府办公厅,2020-01-15,现行有效,地方政府规章及文件
'江西省人民政府办公厅关于促进稀土产业高质量发展的实施意见',江西省人民政府办公厅,2020-01-14,现行有效,地方政府规章及文件
'江西省人民政府办公厅关于印发进一步加快虚拟现实产业发展若干政策措施的通知',江西省人民政府办公厅,2019-10-17,现行有效,地方政府规章及文件
'江西省人民政府办公厅关于进一步加快江西茶产业发展的实施意见',江西省人民政府办公厅,2019-10-08,现行有效,地方政府规章及文件
'江西省人民政府关于加快推进农业机械化升级和农机装备产业振兴的实施意见',江西省人民政府,2019-07-08,现行有效,地方政府规章及文件
'新余市人民政府办公室关于印发加快推进虚拟现实产业发展实施方案的通知',新余市人民政府办公室,2019-03-10,现行有效,地方政府规章及文件
'新余市人民政府办公室关于印发设立新余市锂电产业发展专项资金实施方案的通知',新余市人民政府办公室,2019-01-31,现行有效,地方政府规章及文件
'南昌市人民政府办公厅印发《关于促进LED产业发展的若干政策措施》(修订版)的通知',南昌市人民政府办公厅,2018-12-27,已失效,地方政府规章及文件
'宜春市人民政府印发关于进一步加快全市富硒产业发展实施意见的通知',宜春市人民政府,2018-12-20,现行有效,地方政府规章及文件
'宜春市人民政府关于印发宜春市“生态+大健康”产业发展实施方案的通知',宜春市人民政府,2018-10-31,现行有效,地方政府规章及文件
'宜春市人民政府关于印发加快“三群两谷一带”产业工程实施意见的通知',宜春市人民政府,2018-10-11,现行有效,地方政府规章及文件
'九江市人民政府办公厅关于加快推进农业供给侧结构性改革大力发展粮食产业经济的实施意见',九江市人民政府办公厅,2018-09-28,现行有效,地方政府规章及文件
'吉安市人民政府办公室关于进一步整合提质推动全市茶叶产业发展的实施意见',吉安市人民政府办公室,2018-09-26,现行有效,地方政府规章及文件
'德兴市人民政府办公室关于印发2018年德兴市农业结构调整中药材产业发展工程实施方案的通知',德兴市人民政府办公室,2018-09-06,现行有效,地方政府规章及文件
'南昌市人民政府办公厅印发关于加快VR/AR产业发展的若干政策(修订版)的通知',南昌市人民政府办公厅,2018-08-24,现行有效,地方政府规章及文件
'上饶市人民政府办公厅关于加快发展稻虾共作产业实施意见',上饶市人民政府办公厅,2018-08-20,现行有效,地方政府规章及文件
'新余市人民政府办公室关于加快推进中医药产业事业融合发展的实施意见',新余市人民政府办公室,2018-08-08,现行有效,地方政府规章及文件
'宜春市人民政府办公室关于加快推进农业供给侧结构性改革大力发展粮食产业经济的实施意见',宜春市人民政府办公室,2018-08-06,现行有效,地方政府规章及文件
'南昌市人民政府办公厅关于印发南昌市筹备2018世界VR产业大会市容环境整治工作方案的通知',南昌市人民政府办公厅,2018-07-31,已失效,地方政府规章及文件
'宜春市人民政府关于印发江西省宜春市锂电新能源产业发展规划实施方案的通知',宜春市人民政府,2018-07-27,现行有效,地方政府规章及文件
'宜春市人民政府办公室关于印发宜春市锂电新能源产业发展扶持政策兑现操作细则的通知',宜春市人民政府办公室,2018-07-20,现行有效,地方政府规章及文件
'鹰潭市人民政府关于公布鹰潭高新技术产业开发区全链审批赋权清单的通知',鹰潭市人民政府,2018-06-19,现行有效,地方政府规章及文件
'江西省林业厅关于进一步促进全省森林药材产业发展的通知',江西省林业厅,2018-06-14,现行有效,地方政府规章及文件
'江西省食品药品监督管理局关于印发鼓励医疗器械创新促进产业发展的若干规定(试行)的通知',江西省食品药品监督管理局,2018-06-05,已失效,地方政府规章及文件
'宜春市人民政府关于印发江西省宜春市锂电新能源产业发展规划(2018—2020年)的通知',宜春市人民政府,2018-06-01,现行有效,地方政府规章及文件
'南昌市人民政府办公厅关于印发南昌市产业紧缺急需人才支持计划实施细则(试行)的通知',南昌市人民政府办公厅,2018-05-31,现行有效,地方政府规章及文件
'江西省财政厅转发《财政部、税务总局关于延续动漫产业增值税政策的通知》',江西省财政厅,2018-05-18,现行有效,地方政府规章及文件
'萍乡市人民政府办公室关于加快推进农业供给侧结构性改革大力发展粮食产业经济的实施意见',萍乡市人民政府办公室,2018-05-13,现行有效,地方政府规章及文件
'关于2018年全省粮油产业发展的指导意见',江西省农业厅,2018-04-28,现行有效,地方政府规章及文件
'江西省工信委关于印发《江西省加快工业设计产业发展重点工作及责任分工》的通知',江西省工业和信息化委员会,2018-03-22,现行有效,地方政府规章及文件
'鹰潭市人民政府关于进一步推动移动物联网产业发展的实施意见',鹰潭市人民政府,2018-03-15,现行有效,地方政府规章及文件
'宜春市人民政府办公室关于印发《2018年宜春市大数据产业发展工作要点》的通知',宜春市人民政府办公室,2018-01-29,现行有效,地方政府规章及文件
'宜春市人民政府关于印发宜春市大数据产业发展行动计划的通知',宜春市人民政府,2018-01-02,现行有效,地方政府规章及文件
'九江市人民政府办公厅关于印发推进企业做强产业做大实施方案的通知',九江市人民政府办公厅,2017-12-26,现行有效,地方政府规章及文件
'宜春市人民政府办公室关于印发宜春市现代农业示范园(产业园)建设管理办法(试行)的通知',宜春市人民政府办公室,2017-11-15,现行有效,地方政府规章及文件
'吉安市人民政府办公室关于印发吉安市促进中医药产业发展实施意见的通知',吉安市人民政府办公室,2017-11-08,现行有效,地方政府规章及文件
'萍乡市人民政府办公室关于萍乡市培育海绵产业发展海绵经济的实施意见(试行)',萍乡市人民政府办公室,2017-10-30,现行有效,地方政府规章及文件
'鹰潭市人民政府办公室关于印发鹰潭市物联网产业引导资金使用管理办法(试行)的通知',鹰潭市人民政府办公室,2017-09-03,现行有效,地方政府规章及文件
'上饶市人民政府办公厅关于促进粮食产业经济发展的意见',上饶市人民政府办公厅,2017-08-25,现行有效,地方政府规章及文件
'江西省商务厅办公室关于贯彻落实《外商投资产业指导目录(2017年修订)》拓宽利用外资渠道的通知',江西省商务厅办公室,2017-08-01,现行有效,地方政府规章及文件
'吉安市人民政府办公室关于进一步做好“产业扶贫信贷通”工作的通知',吉安市人民政府办公室,2017-07-12,现行有效,地方政府规章及文件
'赣州市人民政府办公厅印发《关于争取中国科学院支持赣州特色产业发展重点工作分工方案》的通知',赣州市人民政府办公厅,2017-07-10,现行有效,地方政府规章及文件
'赣州市人民政府关于印发《赣州加工贸易承接转移示范地产业发展规划(2017-2025年)》的通知',赣州市人民政府,2017-06-23,现行有效,地方政府规章及文件
'抚州市人民政府办公室关于推进农村一二三产业融合发展的实施意见',抚州市人民政府办公室,2017-05-31,现行有效,地方政府规章及文件
'南昌市人民政府办公厅关于印发南昌市旅游产业发展专项资金使用管理办法的通知',南昌市人民政府办公厅,2017-04-25,现行有效,地方政府规章及文件
'鹰潭市人民政府关于加快推进物联网产业发展的意见',鹰潭市人民政府,2017-04-24,现行有效,地方政府规章及文件
'关于转发《中西部地区外商投资优势产业目录(2017年修订)》的通知',江西省商务厅办公室,2017-03-28,现行有效,地方政府规章及文件
'上饶市人民政府办公厅关于加快推进“上饶马家柚”产业发展指导意见',上饶市人民政府办公厅,2017-03-15,现行有效,地方政府规章及文件
'九江市人民政府办公厅关于做大做强鄱阳湖水产产业的实施意见',九江市人民政府办公厅,2017-03-09,现行有效,地方政府规章及文件
'宜春市人民政府关于进一步加快昌铜四县绿色有机产业发展的实施意见',宜春市人民政府,2017-03-01,现行有效,地方政府规章及文件
'关于转发《省发改委转发<国家发展改革委关于政府出资产业投资基金管理暂行办法>通知》的通知',鹰潭市发展和改革委员会办公室,2017-02-28,现行有效,地方政府规章及文件
'新余市人民政府办公室关于加强全市建筑业房地产业税收征收管理的意见',新余市人民政府办公室,2017-02-23,现行有效,地方政府规章及文件
'赣州市人民政府办公厅关于印发《赣州市2017年蔬菜产业发展实施方案》的通知',赣州市人民政府办公厅,2017-02-07,现行有效,地方政府规章及文件
'宜春市人民政府关于加快推进锂电新能源产业发展的实施意见',宜春市人民政府,2017-01-26,现行有效,地方政府规章及文件
'宜春市人民政府关于加快中医药产业发展的实施意见',宜春市人民政府,2017-01-26,现行有效,地方政府规章及文件
'吉安市人民政府办公室关于印发《吉安市“十三五”节能环保产业发展规划》的通知',吉安市人民政府办公室,2017-01-16,现行有效,地方政府规章及文件
'赣州市人民政府关于印发《赣州市电子信息产业“十三五”发展规划》的通知',赣州市人民政府,2017-01-13,现行有效,地方政府规章及文件
'关于对南昌市固废处理循环经济产业园垃圾焚烧发电项目节能评估和审查的批复',南昌市发展和改革委员会,2016-12-30,现行有效,地方政府规章及文件
'关于印发《江西省服务外包产业重点发展领域指导目录》的通知',江西省商务厅,2016-12-23,现行有效,地方政府规章及文件
'赣州市人民政府办公厅印发关于促进氟盐化工产业发展实施意见的通知',赣州市人民政府办公厅,2016-12-05,现行有效,地方政府规章及文件
'赣州市人民政府关于印发《关于支持赣州电子信息产业发展的若干政策措施》的通知',赣州市人民政府,2016-11-09,现行有效,地方政府规章及文件
'吉安市人民政府办公室关于印发吉安市“产业扶贫信贷通”工作方案的通知',吉安市人民政府办公室,2016-11-07,现行有效,地方政府规章及文件
'赣州市人民政府办公厅关于印发赣州市扶持生物制药产业发展若干政策的通知',赣州市人民政府办公厅,2016-10-27,现行有效,地方政府规章及文件
'赣州市人民政府办公厅关于印发赣州市扶持食品产业发展若干政策的通知',赣州市人民政府办公厅,2016-10-27,现行有效,地方政府规章及文件
'赣州市人民政府办公厅关于印发赣州市扶持新型建材产业发展若干政策的通知',赣州市人民政府办公厅,2016-10-27,现行有效,地方政府规章及文件
'赣州市人民政府办公厅关于印发赣州市扶持铜铝有色金属产业发展若干政策的通知',赣州市人民政府办公厅,2016-10-27,现行有效,地方政府规章及文件
'赣州市人民政府办公厅关于促进稀土新材料及应用产业发展若干政策措施的意见',赣州市人民政府办公厅,2016-10-07,现行有效,地方政府规章及文件
'上饶市人民政府办公厅关于印发上饶市文化创意和设计服务与相关产业融合发展行动计划的通知',上饶市人民政府办公厅,2016-08-18,现行有效,地方政府规章及文件
'赣州市人民政府办公厅印发赣州市扶持新能源汽车及配套产业发展若干政策的通知',赣州市人民政府办公厅,2016-06-28,现行有效,地方政府规章及文件
'赣州市人民政府关于促进钨新材料及应用产业发展的若干意见',赣州市人民政府,2016-06-01,现行有效,地方政府规章及文件
'赣州市人民政府办公厅印发关于支持南康家具产业创新发展若干措施的通知',赣州市人民政府办公厅,2016-04-28,现行有效,地方政府规章及文件
'九江市人民政府办公厅关于加快油茶产业发展助推精准扶贫工作的实施意见',九江市人民政府办公厅,2016-04-05,现行有效,地方政府规章及文件
'赣州市人民政府关于加快赣州高新技术产业开发区发展的意见',赣州市人民政府,2016-03-05,现行有效,地方政府规章及文件
'赣州市人民政府关于印发《赣州市“产业扶贫信贷通”工作方案》的通知',赣州市人民政府,2016-02-26,现行有效,地方政府规章及文件
'赣州市人民政府关于印发《赣州市发展产业脱贫工作实施方案》的通知',赣州市人民政府,2016-02-06,现行有效,地方政府规章及文件
'赣州市人民政府关于印发赣州市培育产业集群推进招商引资项目异地落户暂行办法的通知',赣州市人民政府,2016-02-04,现行有效,地方政府规章及文件
'赣州市人民政府关于印发《赣州市扶持服务外包产业发展若干政策》的通知',赣州市人民政府,2016-01-19,现行有效,地方政府规章及文件
'赣州市人民政府印发《关于加快发展文化产业若干政策措施》的通知',赣州市人民政府,2015-12-31,现行有效,地方政府规章及文件
'九江市人民政府办公厅关于印发九江市加快培育和发展生产性服务业促进产业结构调整升级实施意见的通知',九江市人民政府办公厅,2015-12-04,现行有效,地方政府规章及文件
'赣州市人民政府关于进一步推进蔬菜产业发展的意见',赣州市人民政府,2015-11-30,现行有效,地方政府规章及文件
'赣州市人民政府关于进一步加快油茶产业发展的实施意见',赣州市人民政府,2015-11-25,现行有效,地方政府规章及文件
'吉安市人民政府办公室关于切实抓好当前井冈蜜柚产业发展的通知',吉安市人民政府办公室,2015-11-20,现行有效,地方政府规章及文件
'德兴市人民政府办公室关于印发《德兴市关于支持遮阳产业发展的若干优惠政策(试行)》的通知',德兴市人民政府办公室,2015-09-17,现行有效,地方政府规章及文件
'德兴市人民政府关于加快电子商务产业发展的实施意见',德兴市人民政府,2015-07-07,现行有效,地方政府规章及文件
'九江市人民政府办公厅关于进一步做大现代商贸物流产业的实施意见',九江市人民政府办公厅,2015-03-25,现行有效,地方政府规章及文件
'九江市人民政府办公厅关于印发九江市2015年翘嘴鲌养殖产业发展实施方案的通知',九江市人民政府办公厅,2015-02-28,已失效,地方政府规章及文件
'抚州市人民政府关于加快云计算建设培育信息产业新业态的实施意见',抚州市人民政府,2016-11-21,现行有效,地方政府规章及文件
'萍乡市人民政府办公室关于促进互联网金融产业发展的实施意见(试行)',萍乡市人民政府办公室,2016-07-20,已失效,地方政府规章及文件
'抚州市人民政府办公室关于印发旅游产业发展奖励办法的通知',抚州市人民政府办公室,2016-04-20,现行有效,地方政府规章及文件
'江西省人民政府印发关于打造南昌光谷建设江西LED产业基地实施方案的通知',江西省人民政府,2015-12-17,现行有效,地方政府规章及文件
'江西省商务厅、江西省财政厅关于推动全省养老服务产业发展的指导意见',江西省商务厅;江西省财政厅,2015-11-17,现行有效,地方政府规章及文件
'新余市人民政府关于进一步加快油茶产业发展的意见',新余市人民政府,2015-10-22,现行有效,地方政府规章及文件
'南昌市人民政府办公厅关于印发南昌市服务外包产业发展专项资金使用管理办法的通知',南昌市人民政府办公厅,2015-08-18,现行有效,地方政府规章及文件
'南昌市人民政府办公厅关于印发南昌市电子商务产业发展专项资金使用管理办法的通知',南昌市人民政府办公厅,2015-08-18,已失效,地方政府规章及文件
'萍乡市人民政府办公室关于印发萍乡市战略性新兴产业(科技创新)“引导基金信贷通”使用管理办法的通知',萍乡市人民政府办公室,2015-07-13,现行有效,地方政府规章及文件
'南昌市人民政府关于进一步加快服务外包产业发展的实施意见',南昌市人民政府,2015-07-10,现行有效,地方政府规章及文件
'南昌市人民政府关于加快电子商务产业发展的实施意见',南昌市人民政府,2015-07-10,现行有效,地方政府规章及文件
'新余市人民政府关于加快装备制造产业发展的意见',新余市人民政府,2015-06-04,现行有效,地方政府规章及文件
'江西省人民政府办公厅关于加快工业产业集群支撑体系建设的意见',江西省人民政府办公厅,2015-06-03,现行有效,地方政府规章及文件
'江西省人民政府办公厅关于印发文化创意和设计服务与相关产业融合发展行动计划的通知',江西省人民政府办公厅,2015-05-15,现行有效,地方政府规章及文件
'江西省人民政府办公厅关于促进烟花爆竹产业转型升级的意见',江西省人民政府办公厅,2015-05-08,现行有效,地方政府规章及文件
'江西省人民政府办公厅关于印发贯彻落实国务院办公厅加快应急产业发展意见重点工作分工方案的通知',江西省人民政府办公厅,2015-05-04,现行有效,地方政府规章及文件
'江西省人民政府关于促进服务外包产业加快发展的实施意见',江西省人民政府,2015-04-17,现行有效,地方政府规章及文件
'江西省人民政府办公厅关于深化军民融合加速推进军民结合产业发展的意见',江西省人民政府办公厅,2015-04-07,现行有效,地方政府规章及文件
'江西省人民政府关于加快发展生产性服务业促进产业结构调整升级的实施意见',江西省人民政府,2015-03-12,现行有效,地方政府规章及文件
'赣州市人民政府关于加快电子商务产业发展的实施意见',赣州市人民政府,2015-02-04,现行有效,地方政府规章及文件
'南昌高新技术产业开发区管委会关于印发《南昌高新区突发公共事件总体应急预案(修订稿)》的通知',南昌高新技术产业开发区管理委员会,2015-01-09,现行有效,地方政府规章及文件
'新余市人民政府关于加快全市建筑产业发展的若干意见',新余市人民政府,2014-12-19,已失效,地方政府规章及文件
'江西省人民政府办公厅关于培育发展机器人及智能制造装备产业的意见',江西省人民政府办公厅,2014-12-02,现行有效,地方政府规章及文件
'赣州市人民政府关于进一步做大做强工业主导产业的意见',赣州市人民政府,2014-11-04,现行有效,地方政府规章及文件
'江西省人民政府办公厅关于促进地理信息产业发展的实施意见',江西省人民政府办公厅,2014-10-29,现行有效,地方政府规章及文件
'萍乡市人民政府印发关于加快产业集群发展实施意见的通知',萍乡市人民政府,2014-10-21,现行有效,地方政府规章及文件
'景德镇市人民政府办公室关于印发贯彻落实景德镇市人民政府关于加快电子商务产业发展若干意见工作方案的通知',景德镇市人民政府办公室,2014-10-16,现行有效,地方政府规章及文件
'萍乡市人民政府办公室关于印发萍乡市支持粉末冶金产业发展的若干优惠政策的通知',萍乡市人民政府办公室,2014-09-11,现行有效,地方政府规章及文件
'上饶市人民政府关于加快电子商务产业发展的实施意见',上饶市人民政府,2014-09-08,现行有效,地方政府规章及文件
'江西省商务厅、江西省发展和改革委员会关于印发《江西省电子商务产业发展规划(2014-2020年)》的通知',江西省商务厅;江西省发展和改革委员会,2014-08-25,现行有效,地方政府规章及文件
'新余市人民政府关于加快光电信息产业发展的意见',新余市人民政府,2014-08-11,现行有效,地方政府规章及文件
'鹰潭市人民政府关于加快产业集群发展促进工业园区发展升级的实施意见',鹰潭市人民政府,2014-07-31,现行有效,地方政府规章及文件
'转发《江西省发展改革委等七部门转发关于促进生产过程协同资源化处理城市及产业废弃物工作意见的通知》',南昌市发展和改革委员会;南昌市科学技术局;南昌市工业和信息化委员会;南昌市财政局;南昌市环境保护局;南昌市城市管理委员会;南昌市水务局,2014-07-29,现行有效,地方政府规章及文件
'景德镇市人民政府关于加快电子商务产业发展的若干意见',景德镇市人民政府,2014-07-23,现行有效,地方政府规章及文件
'九江市人民政府办公厅关于加快电子商务产业发展的实施意见',九江市人民政府办公厅,2014-07-21,现行有效,地方政府规章及文件
'南昌市人民政府关于加快流通产业发展的实施意见',南昌市人民政府,2014-07-11,现行有效,地方政府规章及文件
'关于进一步加强工业产业集群推进工作的通知',江西省推进新型工业化领导小组办公室,2014-07-03,现行有效,地方政府规章及文件
'江西省人民政府办公厅关于加快通用航空产业发展的意见',江西省人民政府办公厅,2014-07-02,现行有效,地方政府规章及文件
'萍乡市人民政府办公室关于转发赣府厅发(2014)23号《江西省省级产业园设立审核实施方案》的通知',萍乡市人民政府办公室,2014-07-02,现行有效,地方政府规章及文件
'南昌市人民政府办公厅关于印发《南昌市旅游产业发展专项资金使用管理办法》的通知',南昌市人民政府办公厅,2014-06-12,现行有效,地方政府规章及文件
'景德镇市人民政府关于印发景德镇陶瓷文化创意产业发展意见的通知',景德镇市人民政府,2014-06-06,现行有效,地方政府规章及文件
'江西省人民政府办公厅关于印发2014年战略性新兴产业推进工作指导意见的通知',江西省人民政府办公厅,2014-05-22,现行有效,地方政府规章及文件
'萍乡市人民政府关于深化科技体制改革加强科技协同创新，提升产业和企业创新能力的实施意见',萍乡市人民政府,2014-05-19,现行有效,地方政府规章及文件
'江西省人民政府关于加快产业集群发展促进工业园区发展升级的意见',江西省人民政府,2014-05-13,现行有效,地方政府规章及文件
'南昌市人民政府关于加快现代粮食流通产业发展的实施意见',南昌市人民政府,2014-04-21,现行有效,地方政府规章及文件
'新余市人民政府办公室关于推行重点产业投资项目审批代办制的实施意见',新余市人民政府办公室,2014-04-07,现行有效,地方政府规章及文件
'江西省人民政府办公厅关于促进烟草产业发展的意见',江西省人民政府办公厅,2014-03-17,现行有效,地方政府规章及文件
'关于印发2014年抚州市学校后勤与产业工作考评细则的通知',抚州市教育局,2014-03-17,现行有效,地方政府规章及文件
'江西省推进新型工业化领导小组办公室关于印发全省重点产业集群推进工作方案的通知',江西省推进新型工业化领导小组办公室,2014-03-04,现行有效,地方政府规章及文件
'关于印发联合推进南昌高新区光电产业发展的工作方案',南昌国家高新技术产业开发区管理委员会,2014-01-29,现行有效,地方政府规章及文件
'上饶市地方税务局关于加强房地产业企业所得税征管工作的公告',上饶市地方税务局,2014-01-27,现行有效,地方政府规章及文件
'南昌市地方税务局关于发布《南昌市房地产业税收管理办法(试行)》的公告',南昌市地方税务局,2014-01-22,现行有效,地方政府规章及文件
'南昌市人民政府办公厅关于印发南昌高新技术产业开发区干部人事制度改革总体方案的通知',南昌市人民政府办公厅,2014-01-17,现行有效,地方政府规章及文件
'新余市人民政府办公室关于印发新余市2013—2020年文化产业发展规划纲要的通知',新余市人民政府办公室,2014-01-14,现行有效,地方政府规章及文件
'新余市人民政府办公室关于印发新余市钢铁再生资源产业基地国家城市矿产示范基地专项补助资金管理办法的通知',新余市人民政府办公室,2014-01-12,现行有效,地方政府规章及文件
'江西省人民政府关于工业重点产业升级发展的指导意见',江西省人民政府,2014-01-10,现行有效,地方政府规章及文件
'省工信委关于统筹省工业财政专项资金扶持工业产业发展的通知',江西省工业和信息化委员会,2014,现行有效,地方政府规章及文件
'江西省人民政府印发关于加快发展文化创意产业若干政策措施的通知',江西省人民政府,2013-12-30,现行有效,地方政府规章及文件
'吉安市人民政府办公室关于规范赣南等原中央苏区和特困片区产业扶贫资金使用和管理的意见',吉安市人民政府办公室,2013-12-27,现行有效,地方政府规章及文件
'宜春市人民政府办公室关于印发宜春市加快发展现代粮食流通产业若干意见的通知',宜春市人民政府办公室,2013-12-25,现行有效,地方政府规章及文件
'赣州市人民政府办公厅关于印发赣州市2013—2014年度“发展生态产业、建设森林城乡”实施方案的通知',赣州市人民政府办公厅,2013-12-20,已失效,地方政府规章及文件
'九江市人民政府办公厅关于加快现代粮食流通产业发展的实施意见',九江市人民政府办公厅,2013-12-05,现行有效,地方政府规章及文件
'南昌市人民政府办公厅关于印发南昌市贯彻落实省政府发展节能环保产业二十条政策措施的工作方案的通知',南昌市人民政府办公厅,2013-11-07,现行有效,地方政府规章及文件
'鹰潭市人民政府关于促进我市水工产业加快发展转型升级的若干意见',鹰潭市人民政府,2013-10-22,现行有效,地方政府规章及文件
'关于印发《上饶市房地产业志编纂工作实施方案》的通知',上饶市房地产管理局,2013-10-15,现行有效,地方政府规章及文件
'抚州市人民政府办公室关于加快茶产业发展的意见',抚州市人民政府办公室,2013-10-12,现行有效,地方政府规章及文件
'江西省发展改革委办公室、江西省财政厅办公室转发《国家发展改革委办公厅、财政部办公厅关于同意荆门格林美城市矿产资源循环产业园等10个园区为第四批国家“城市矿产”示范基地的通知》',江西省发展和改革委员会办公室;江西省财政厅办公室,2013-09-29,现行有效,地方政府规章及文件
'江西省发展改革委转发《国家发展改革委关于发挥价格杠杆作用促进光伏产业健康发展的通知》',江西省发展和改革委员会,2013-09-23,现行有效,地方政府规章及文件
'江西省人民政府关于印发加快发展节能环保产业二十条政策措施的通知',江西省人民政府,2013-09-04,现行有效,地方政府规章及文件
'南昌市人民政府办公厅关于进一步规范和发展砂石产业的若干意见',南昌市人民政府办公厅,2013-08-16,现行有效,地方政府规章及文件
'萍乡市人民政府关于印发萍乡市旅游产业发展总体规划(2012-2025)的通知',萍乡市人民政府,2013-08-07,现行有效,地方政府规章及文件
'南昌市人民政府关于印发《南昌市申报和推动新兴产业创业投资基金设立工作方案》的通知',南昌市人民政府,2013-07-22,现行有效,地方政府规章及文件
'吉安市人民政府办公室关于推进电镀产业集中发展的实施意见',吉安市人民政府办公室,2013-06-28,现行有效,地方政府规章及文件
'南昌市人民政府办公厅关于印发南昌市农业综合开发成长性特色产业基地建设项目管理办法的通知',南昌市人民政府办公厅,2013-06-19,现行有效,地方政府规章及文件
'九江市人民政府办公厅关于印发九江市重大商贸流通产业项目认定试行办法的通知',九江市人民政府办公厅,2013-06-18,现行有效,地方政府规章及文件
'九江市人民政府办公厅关于加快九江茶产业发展与振兴茶市的意见',九江市人民政府办公厅,2013-06-13,现行有效,地方政府规章及文件
'上饶市人民政府办公厅关于印发上饶市战略性新兴产业投资资金管理暂行办法的通知',上饶市人民政府办公厅,2013-05-27,现行有效,地方政府规章及文件
'关于印发《实施文化产业翻番工程试行方案》的通知',江西省文化厅,2013-05-15,现行有效,地方政府规章及文件
'江西省人民政府办公厅关于印发江西省地理信息产业发展规划(2013-2020年)的通知',江西省人民政府办公厅,2013-05-03,现行有效,地方政府规章及文件
'南昌市人民政府办公厅印发关于支持进贤县医疗器械产业集群发展的若干政策措施的通知',南昌市人民政府办公厅,2013-05-02,已失效,地方政府规章及文件
'江西省人民政府办公厅关于加快现代粮食流通产业发展的意见',江西省人民政府办公厅,2013-04-08,现行有效,地方政府规章及文件
'新余市人民政府办公室关于指导帮扶高新区六个产业园建设发展的通知',新余市人民政府办公室,2013-04-07,现行有效,地方政府规章及文件
'关于印发《〈江西省城乡建设志〉、〈江西省建筑与房地产业志〉、〈江西省名山志〉编纂工作实施方案》的通知',江西省住房和城乡建设厅,2013-04-07,现行有效,地方政府规章及文件
'江西省工信委关于印发2013年江西医药工业主营业务收入千亿产业推进方案的通知',江西省工业和信息化委员会,2013-03-29,现行有效,地方政府规章及文件
'吉安市人民政府办公室关于切实抓好2013年蔬菜产业发展的通知',吉安市人民政府办公室,2013-03-26,现行有效,地方政府规章及文件
'赣州市人民政府办公厅关于印发2013年蔬菜产业发展等工作方案的通知',赣州市人民政府办公厅,2013-03-11,现行有效,地方政府规章及文件
'赣州市人民政府办公厅关于印发“发展生态产业、建设森林城乡”实施意见的通知',赣州市人民政府办公厅,2013-03-01,现行有效,地方政府规章及文件
'萍乡市人民政府办公室印发关于在主要产业园区(基地)创建科技园区指导性意见的通知',萍乡市人民政府办公室,2013-02-25,现行有效,地方政府规章及文件
'萍乡市人民政府关于加快建筑产业发展的实施意见',萍乡市人民政府,2013-02-17,现行有效,地方政府规章及文件
'景德镇市人民政府办公室关于印发委托景德镇高新技术产业开发区管委会实施行政管理事项若干规定的通知',景德镇市人民政府办公室,2013-01-24,现行有效,地方政府规章及文件
'关于全力推进鹰潭高新技术产业开发区跨越发展的决定',鹰潭市人民政府,2013-01-08,现行有效,地方政府规章及文件
'江西省人民政府关于加快流通产业发展的实施意见',江西省人民政府,2013,现行有效,地方政府规章及文件
'江西省人民政府办公厅关于加快竹产业发展的意见',江西省人民政府办公厅,2013,现行有效,地方政府规章及文件
'江西省人民政府关于加快电子商务产业发展的若干意见',江西省人民政府,2013,现行有效,地方政府规章及文件
'关于下达上饶市广播影视产业2013年经营规划任务的通知',上饶市广播电影电视局,2013,现行有效,地方政府规章及文件
'转发工信部、环保部、商务部、发改委、财政部《关于促进铅酸蓄电池和再生铅产业规范发展的意见》',江西省工业和信息化委员会,2013,现行有效,地方政府规章及文件
'关于加快发展大健康产业的若干意见',鹰潭市人民政府,2012-12-27,现行有效,地方政府规章及文件
'江西省人民政府办公厅关于支持南昌市加快汽车产业发展的若干意见',江西省人民政府办公厅,2012-12-25,现行有效,地方政府规章及文件
'鹰潭市人民政府办公室关于印发鹰潭市大健康产业发展规划的通知',鹰潭市人民政府办公室,2012-12-25,现行有效,地方政府规章及文件
'宜春市人民政府办公室印发《关于进一步加快茶叶产业发展的意见》的通知',宜春市人民政府办公室,2012-12-20,现行有效,地方政府规章及文件
'景德镇市人民政府关于印发进一步加快我市茶产业发展意见的通知',景德镇市人民政府,2012-12-19,现行有效,地方政府规章及文件
'吉安市人民政府办公室关于加快发展楠木、高产油茶、花卉苗木三大林业特色产业的实施意见',吉安市人民政府办公室,2012-12-17,现行有效,地方政府规章及文件
'九江市人民政府办公厅关于印发九江市花木产业发展规划(2011－2020年)的通知',九江市人民政府办公厅,2012-11-27,现行有效,地方政府规章及文件
'九江市人民政府办公厅关于印发九江市油茶产业发展规划(2011－2020年)的通知',九江市人民政府办公厅,2012-11-27,现行有效,地方政府规章及文件
'萍乡市人民政府办公室印发关于加快苗木花卉产业发展意见的通知',萍乡市人民政府办公室,2012-11-23,现行有效,地方政府规章及文件
'新余市人民政府关于印发新余市发展户外照明产业实施纲要的通知',新余市人民政府,2012-11-06,现行有效,地方政府规章及文件
'景德镇市人民政府关于印发加快特色农业产业发展的若干意见的通知',景德镇市人民政府,2012-10-23,现行有效,地方政府规章及文件
'赣州市人民政府办公厅关于进一步做好江西省战略性新兴产业投资引导资金申报工作的通知',赣州市人民政府办公厅,2012-10-22,现行有效,地方政府规章及文件
'关于进一步推进产业发展的实施意见',鹰潭市人民政府办公室,2012-09-27,现行有效,地方政府规章及文件
'新余市人民政府关于印发2013年苗木花卉和高产油茶产业发展目标任务的通知',新余市人民政府,2012-09-11,现行有效,地方政府规章及文件
'南昌市政府办公厅关于印发江西省半导体照明(LED)产业合作推进会南昌市筹备工作方案的通知',南昌市人民政府办公厅,2012-08-16,已失效,地方政府规章及文件
'新余市人民政府办公室关于印发新余市苗木花卉等七大特色农业产业发展规划(2011—2015年)的通知',新余市人民政府办公室,2012-08-15,现行有效,地方政府规章及文件
'江西省人民政府关于加快建筑产业发展的若干意见',江西省人民政府,2012-07-30,现行有效,地方政府规章及文件
'关于转发人行景市中心支行《金融支持“陶瓷航空旅游”三张产业主牌推进实施指导意见》的通知',景德镇市人民政府办公室,2012-07-21,现行有效,地方政府规章及文件
'景德镇市人民政府办公室关于加强服务业和文化产业统计工作的通知',景德镇市人民政府办公室,2012-07-03,现行有效,地方政府规章及文件
'抚州市人民政府办公室关于推进全市工业园区产业集群集约发展的实施意见',抚州市人民政府办公室,2012-07-02,现行有效,地方政府规章及文件
'关于印发《江西省地方税务局关于支持文化产业发展加快建设文化大省若干优惠政策和服务举措》的通知',江西省地方税务局,2012-06-25,现行有效,地方政府规章及文件
'新余市人民政府办公室关于转发《江西省战略性新兴产业投资引导资金管理暂行办法》的通知',新余市人民政府办公室,2012-06-15,现行有效,地方政府规章及文件
'宜春市人民政府办公室印发关于加快苗木花卉产业发展意见的通知',宜春市人民政府办公室,2012-06-06,现行有效,地方政府规章及文件
'吉安市人民政府办公室转发市工信委《2012年吉安市战略性新兴产业推进工作指导意见》的通知',吉安市人民政府办公室,2012-06-06,现行有效,地方政府规章及文件
'南昌市人民政府办公厅印发关于推进安义县新型建材产业集群发展实施意见的通知',南昌市人民政府办公厅,2012-06-05,已失效,地方政府规章及文件
'关于印发《市建委迎接全省建筑产业发展大会宣传方案》的通知',南昌市城乡建设委员会,2012-06-04,现行有效,地方政府规章及文件
'江西省人民政府办公厅关于转发省发改委《全省推进战略性新兴产业发展考核评价办法(试行)》的通知',江西省人民政府办公厅,2012-05-29,现行有效,地方政府规章及文件
'关于印发《江西省广播影视文化产业2012-2015年发展规划和目标任务》的通知',江西省广播电影电视局,2012-05-29,现行有效,地方政府规章及文件
'关于印发《江西省广播影视文化产业2015年发展规划和目标任务》的通知',江西省广播电影电视局,2012-05-29,现行有效,地方政府规章及文件
'关于印发《上饶市地方税务局支持加快推进旅游产业大发展若干税收优惠政策和服务措施》的通知',上饶市地方税务局,2012-05-28,现行有效,地方政府规章及文件
'关于转发《财政部关于重新修订印发〈文化产业发展专项资金管理暂行办法〉的通知》的通知',江西省财政厅,2012-05-15,现行有效,地方政府规章及文件
'吉安市人民政府办公室关于转发市地税局《支持现代服务业及文化产业加快发展税收优惠政策和服务措施50条》的通知',吉安市人民政府办公室,2012-05-10,现行有效,地方政府规章及文件
'关于印发赣州市2012年现代农业产业园区建设实施方案的通知',赣州市人民政府办公厅,2012-05-04,现行有效,地方政府规章及文件
'赣州市人民政府办公厅关于印发赣州市2012—2016年现代农业产业园区建设工作方案的通知',赣州市人民政府办公厅,2012-05-04,现行有效,地方政府规章及文件
'新余市人民政府关于加快苗木花卉产业发展的意见',新余市人民政府,2012-04-26,现行有效,地方政府规章及文件
'关于印发赣州市2012年现代物流产业发展工作要点的通知',赣州市人民政府办公厅,2012-04-21,现行有效,地方政府规章及文件
'转发《国家发展改革委办公厅关于加强资源型城市吸纳就业、资源综合利用、发展接续替代产业和多元化产业体系培育专项项目监督管理的通知》',江西省发展和改革委员会,2012-04-18,现行有效,地方政府规章及文件
'江西省人民政府办公厅关于印发江西省战略性新兴产业投资引导资金管理暂行办法的通知',江西省人民政府办公厅,2012-03-27,现行有效,地方政府规章及文件
'宜春市人民政府办公室关于印发宜春市房地产业税收征收管理实施办法(试行)的通知',宜春市人民政府办公室,2012-03-26,现行有效,地方政府规章及文件
'江西省人民政府办公厅转发省工信委《关于2012年战略性新兴产业推进工作指导意见》的通知',江西省人民政府办公厅,2012-03-12,现行有效,地方政府规章及文件
'关于做好战略性新兴产业重大项目协调推进工作的通知',萍乡市人民政府办公室,2012-03-07,现行有效,地方政府规章及文件
'江西省人民政府办公厅关于印发省战略性新兴产业重大项目第三次协调推进会议纪要的通知',江西省人民政府办公厅,2012-03-06,现行有效,地方政府规章及文件
'赣州市人民政府办公厅转发市林业局关于《赣州市现代林业产业园区建设方案》的通知',赣州市人民政府办公厅,2012-03-05,现行有效,地方政府规章及文件
'关于印发江西省节能与新能源汽车及动力电池产业十二五发展规划等15个专项规划的通知',江西省工业和信息化委员会,2012-02-15,现行有效,地方政府规章及文件
'江西省人民政府办公厅关于印发江西省工业重点产业“十二五”专项规划的通知',江西省人民政府办公厅,2012-01-14,现行有效,地方政府规章及文件
'关于转发赣发改产业字(2011)2960号文件加强PX等敏感产品安全环保工作的紧急通知',南昌市发展和改革委员会;南昌市工业和信息化委员会;南昌市安全生产监督管理局;南昌市国土资源局,2012-01-13,现行有效,地方政府规章及文件
'抚州市人民政府关于进一步加快生物医药产业发展的意见',抚州市人民政府,2012,现行有效,地方政府规章及文件
'关于转发省广电局《关于修改广播影视产业发展数据季报制度的通知》',上饶市广播电影电视局,2012,现行有效,地方政府规章及文件
'江西省人民政府办公厅关于积极承接产业转移促进加工贸易发展的意见',江西省人民政府办公厅,2011-12-20,现行有效,地方政府规章及文件
'关于进一步加快鹰潭高新技术产业园区发展的实施意见(试行)',鹰潭市人民政府,2011-12-14,现行有效,地方政府规章及文件
'关于推进鹰潭战略性新兴产业超常规发展的实施意见',鹰潭市人民政府,2011-12-14,现行有效,地方政府规章及文件
'江西省人民政府办公厅关于在全省工业园区推进产业集群促进集约发展的指导意见',江西省人民政府办公厅,2011-12-02,现行有效,地方政府规章及文件
'关于做好全市文化产业调查工作的通知',鹰潭市人民政府办公室,2011-11-12,现行有效,地方政府规章及文件
'吉安市人民政府办公室关于印发吉安市重大产业项目绿色通道管理办法的通知',吉安市人民政府办公室,2011-11-09,现行有效,地方政府规章及文件
'赣州市人民政府办公厅关于印发赣州市重大产业项目绿色通道管理办法的通知',赣州市人民政府办公厅,2011-10-12,现行有效,地方政府规章及文件
'关于做好省战略性新兴产业重大项目协调推进有关工作的通知',江西省工业和信息化委员会,2011-10-11,现行有效,地方政府规章及文件
'关于印发山东新能源汽车产业发展调研报告（节选）的通知',江西省工业和信息化委员会,2011-06-23,现行有效,地方政府规章及文件
'关于印发《江西省地方税务局支持旅游产业发展加快旅游大省建设税收优惠政策和服务措施30条》的通知',江西省地方税务局,2011-05-19,现行有效,地方政府规章及文件
'新余市人民政府关于进一步促进蔬菜产业发展的意见',新余市人民政府,2011-05-03,现行有效,地方政府规章及文件
'赣州市人民政府办公厅关于印发《2011年全市旅游产业发展工作要点》的通知',赣州市人民政府办公厅,2011-04-27,现行有效,地方政府规章及文件
'江西省财政厅关于印发《江西省地方特色产业中小企业发展资金项目验收管理暂行办法》的通知',江西省财政厅,2011-04-21,现行有效,地方政府规章及文件
'江西省财政厅关于印发《江西省地方特色产业中小企业发展资金管理办法》的通知',江西省财政厅,2011-04-19,现行有效,地方政府规章及文件
'关于印发2011年省战略性新兴产业重大项目申报指南的通知',江西省工业和信息化委员会,2011-04-13,现行有效,地方政府规章及文件
'关于认真做好全市文化产业调查和服务业统计工作的通知',赣州市人民政府办公厅,2011-04-11,现行有效,地方政府规章及文件
'关于印发江西省工信委2011年战略性新兴产业推介活动工作方案的通知',江西省工业和信息化委员会,2011-04-10,现行有效,地方政府规章及文件
'关于印发江西省战略性新兴产业重大项目推进办法的通知',江西省工业和信息化委员会,2011-03-10,现行有效,地方政府规章及文件
'关于进一步做好江西省工业和信息化重大产业项目绿色通道有关工作的通知',江西省工业和信息化委员会;江西省国土资源厅;江西省环境保护厅,2011-03-04,现行有效,地方政府规章及文件
'九江市人民政府办公厅关于印发《九江(北京)产业对接座谈会工作方案》的通知',九江市人民政府办公厅,2011-03-04,现行有效,地方政府规章及文件
'九江市人民政府办公厅关于印发《九江市城郊蔬菜产业发展资金管理办法(试行)》的通知',九江市人民政府办公厅,2011-03-02,现行有效,地方政府规章及文件
'九江市人民政府关于加快城郊蔬菜产业发展的意见',九江市人民政府,2011-03-01,已失效,地方政府规章及文件
'宜春市人民政府办公室印发关于开展产业升级年活动推进宜春中心城服务业集聚化发展的实施意见的通知',宜春市人民政府办公室,2011-02-25,现行有效,地方政府规章及文件
'南昌市人民政府办公厅关于印发南昌市绿色食品产业发展配套政策的通知',南昌市人民政府办公厅,2011-02-25,现行有效,地方政府规章及文件
'吉安市人民政府关于做大总量加快集聚打造千亿产业百亿企业的实施意见',吉安市人民政府,2011-02-21,现行有效,地方政府规章及文件
'江西省人民政府办公厅转发省工信委《关于支持星火有机硅产业做大做强实施意见》的通知',江西省人民政府办公厅,2011-02-17,现行有效,地方政府规章及文件
'关于印发赣州市2011年现代物流产业发展工作要点的通知',赣州市人民政府办公厅,2011-02-09,现行有效,地方政府规章及文件
'赣州市人民政府办公厅关于印发落实“菜篮子”市长负责制加快蔬菜产业发展工作方案的通知',赣州市人民政府办公厅,2011-01-28,现行有效,地方政府规章及文件
'赣州市人民政府办公厅关于批转市林业局《赣州桂花苗木产业基地建设方案》的通知',赣州市人民政府办公厅,2011-01-28,现行有效,地方政府规章及文件
'关于转发《江西省承接产业转移示范基地创建工作实施方案》的通知',南昌市发展和改革委员会,2011-01-27,现行有效,地方政府规章及文件
'关于《转发国家发展改革委关于印发促进风电装备产业有序发展若干意见的通知》的通知',南昌市发展和改革委员会,2011-01-25,现行有效,地方政府规章及文件
'江西省人民政府办公厅关于印发江西省重大产业项目绿色通道管理办法的通知',江西省人民政府办公厅,2011-01-20,现行有效,地方政府规章及文件
'宜春市人民政府办公室关于转发《樟树市加快油茶产业发展意见》的通知',宜春市人民政府办公室,2011-01-04,现行有效,地方政府规章及文件
'南昌市人民政府办公厅关于印发南昌市旅游产业发展资金使用管理办法的通知',南昌市人民政府办公厅,2011-01-02,已失效,地方政府规章及文件
'2011年产业招商小分队招商引资工作考核办法',鹰潭市人民政府,2011,现行有效,地方政府规章及文件
'关于印发《关于加快推进江西省数字出版产业发展的实施意见》的通知',江西省新闻出版局,2010-12-27,现行有效,地方政府规章及文件
'关于印发江西省省级产业基地认定管理办法的通知',江西省工业和信息化委员会,2010-12-22,现行有效,地方政府规章及文件
'关于理顺上饶经济技术开发区与朝阳产业园、茶亭工业园和枫岭头产业基地统计关系的实施方案',上饶市统计局,2010-12-09,现行有效,地方政府规章及文件
'江西省人民政府办公厅转发省发改委等部门《关于加快推进合同能源管理促进节能服务产业发展实施意见》的通知',江西省人民政府办公厅,2010-12-07,现行有效,地方政府规章及文件
'宜春市人民政府关于印发宜春市锂电新能源产业发展优惠政策的通知',宜春市人民政府,2010-09-14,现行有效,地方政府规章及文件
'关于印发《鹰潭市城乡规划局建立重大产业项目“绿色通道”制度（试行）》的通知',鹰潭市城乡规划局,2010-09-02,现行有效,地方政府规章及文件
'关于印发《建立完善重大产业项目招商引资和建设管理协调推进机制工作专项督查方案》的通知',江西省发展和改革委员会,2010-08-27,现行有效,地方政府规章及文件
'关于印发《江西省地方特色产业中小企业发展资金管理暂行办法》的通知',江西省财政厅,2010-08-19,现行有效,地方政府规章及文件
'宜春市人民政府办公室关于印发宜春市中心城区重大产业项目协调推进制度的通知',宜春市人民政府办公室,2010-08-08,现行有效,地方政府规章及文件
'关于印发鹰潭市建设铜产业科技兴贸创新基地工作方案的通知',鹰潭市人民政府办公室,2010-08-05,现行有效,地方政府规章及文件
'关于印发《江西省印刷产业园区（基地）暂行管理办法》的通知',江西省新闻出版局,2010-08-04,现行有效,地方政府规章及文件
'萍乡市人民政府办公室转发人民银行萍乡市中心支行《关于金融促进新兴产业发展的指导意见》的通知',萍乡市人民政府办公室,2010-07-12,现行有效,地方政府规章及文件
'转发《关于印发<振兴电子信息产业标准化工作方案>的通知》的通知',江西省质量技术监督局;江西省发展和改革委员会;江西省科学技术厅;江西省工业和信息化委员会,2010-07-09,现行有效,地方政府规章及文件
'新余市人民政府办公室关于转发市国税局《助推新能源科技产业发展二十二条措施》的通知',新余市人民政府办公室,2010-06-30,现行有效,地方政府规章及文件
'关于转发国家发展改革委等11部委《关于推进再制造产业发展的意见》的通知',江西省发展和改革委员会,2010-06-30,现行有效,地方政府规章及文件
'新余市人民政府办公室转发《江西省人民政府办公厅关于加强引导服务促进产业健康有序发展的通知》',新余市人民政府办公室,2010-06-02,现行有效,地方政府规章及文件
'关于做好全市文化产业调查工作的通知',萍乡市人民政府办公室,2010-05-29,现行有效,地方政府规章及文件
'吉安市人民政府关于加快城郊商品蔬菜产业发展的实施意见',吉安市人民政府,2010-05-28,现行有效,地方政府规章及文件
'关于转发《财政部关于印发<文化产业发展专项资金管理暂行办法>的通知》的通知',江西省财政厅,2010-05-26,现行有效,地方政府规章及文件
'南昌市对外贸易经济合作委员会、南昌市财政局关于印发南昌市推进服务外包产业发展的若干政策实施细则的通知',南昌市对外贸易经济合作委员会;南昌市财政局,2010-05-24,已失效,地方政府规章及文件
'九江市人民政府办公厅印发《关于推进工业产业集聚的工作意见》的通知',九江市人民政府办公厅,2010-05-18,现行有效,地方政府规章及文件
'关于印发按照水泥产业政策对企业进行分类确认的工作方案的通知',江西省工业和信息化委员会,2010-05-18,现行有效,地方政府规章及文件
'关于印发《鹰潭市交通运输局建立完善交通运输产业重大项目招商引资和建设管理协调推进机制工作的实施方案》的通知',鹰潭市交通运输局,2010-05-14,现行有效,地方政府规章及文件
'江西省人民政府办公厅关于加强引导服务促进产业健康有序发展的通知',江西省人民政府办公厅,2010-05-05,现行有效,地方政府规章及文件
'宜春市人民政府办公室转发市国税局《关于大力推进锂电新能源产业发展、打造亚洲锂都的税收三十条跟进措施》的通知',宜春市人民政府办公室,2010-04-30,现行有效,地方政府规章及文件
'中共上饶市委、上饶市人民政府关于提升旅游产业发展水平建设全国旅游强市的决定',中共上饶市委;上饶市人民政府,2010-04-30,现行有效,地方政府规章及文件
'关于加快货运产业发展的意见',鹰潭市人民政府,2010-04-24,现行有效,地方政府规章及文件
'省广电局机关效能建设领导小组关于印发《江西省广播电影电视局关于建立完善重大产业项目管理协调机制的方案》的通知',江西省广播电影电视局机关效能建设领导小组,2010-04-19,现行有效,地方政府规章及文件
'关于印发江西省光伏产业调度分析制度的通知',江西省工业和信息化委员会,2010-03-12,现行有效,地方政府规章及文件
'关于2009年现代农业油茶产业示范项目督查情况的通报',江西省林业厅;江西省财政厅,2010-02-09,现行有效,地方政府规章及文件
'江西省人民政府关于促进服务外包产业发展的若干意见',江西省人民政府,2010-02-09,现行有效,地方政府规章及文件
'鹰潭市旅游产业发展奖励办法',鹰潭市旅游局,2010-02-05,现行有效,地方政府规章及文件
'关于加强旅游产业统计工作的通知',南昌市人民政府办公厅,2010-01-13,现行有效,地方政府规章及文件
'关于转发《江西省财政厅、中共江西省委宣传部关于印发〈江西省文化产业发展专项资金管理暂行办法〉的通知》的通知',江西省新闻出版局,2009-12-28,现行有效,地方政府规章及文件
'江西省文化产业发展专项资金管理暂行办法',江西省财政厅;中共江西省委宣传部,2009-11-30,现行有效,地方政府规章及文件
'关于印发《南昌市卫生局重大产业项目绿色通道实施方案》(试行)的通知',南昌市卫生局,2009-11-13,现行有效,地方政府规章及文件
'关于转发国家《半导体照明节能产业发展意见》的通知',江西省发展和改革委员会,2009-11-10,现行有效,地方政府规章及文件
'南昌市人民政府办公厅转发市行政服务中心管委会《关于南昌市重大产业项目绿色通道试行方案》的通知',南昌市人民政府办公厅,2009-11-04,现行有效,地方政府规章及文件
'南昌市财政局转发财政部、国家税务总局《关于扶持动漫产业发展有关税收政策的通知》',南昌市财政局,2009-09-21,现行有效,地方政府规章及文件
'关于明确房地产业协会和物业协会工作职能的意见',南昌市房产管理局,2009-09-08,现行有效,地方政府规章及文件
'宜春市人民政府办公室转发市发改委、市旅游局《关于鼓励和促进全市旅游商品产业发展若干意见》的通知',宜春市人民政府办公室,2009-09-01,已失效,地方政府规章及文件
'南昌市人民政府关于印发南昌市推进服务外包产业发展的若干政策的通知',南昌市人民政府,2009-08-25,已失效,地方政府规章及文件
'关于实施江西省重大产业项目绿色通道试行方案的通知',江西省经济贸易委员会,2009-08-18,现行有效,地方政府规章及文件
'关于印发《江西省油茶产业示范建设项目科技服务工作规范》的通知',江西省林业厅,2009-07-28,现行有效,地方政府规章及文件
'南昌市人民政府办公厅转发赣府厅发(2009)67号《关于鼓励和促进全省旅游商品产业发展若干政策意见的通知》',南昌市人民政府办公厅,2009-07-28,现行有效,地方政府规章及文件
'宜春市人民政府印发关于加快毛竹产业发展实施意见的通知',宜春市人民政府,2009-07-23,已失效,地方政府规章及文件
'吉安市人民政府办公室转发市发展改革委关于《吉安市重大产业项目绿色通道实施意见》的通知',吉安市人民政府办公室,2009-07-23,现行有效,地方政府规章及文件
'关于转发人民银行上饶市中心支行、上饶银监分局《创新金融信贷产品和服务方式，支持四大主导产业提升，加快上饶经济发展的若干意见》的通知',上饶市人民政府办公厅,2009-07-17,现行有效,地方政府规章及文件
'江西省人民政府办公厅转发《省发改委关于鼓励和促进全省旅游商品产业发展若干政策意见》的通知',江西省人民政府办公厅,2009-07-10,现行有效,地方政府规章及文件
'江西省人民政府办公厅转发省发改委《关于鼓励和促进全省旅游商品产业发展若干政策意见》的通知',江西省人民政府办公厅,2009-07-10,现行有效,地方政府规章及文件
'江西省人民政府办公厅转发省发展改革委《关于江西省重大产业项目绿色通道试行方案》的通知',江西省人民政府办公厅,2009-06-23,现行有效,地方政府规章及文件
'吉安市人民政府关于印发进一步加快推进全市汽车货运产业发展实施意见的通知',吉安市人民政府,2009-06-19,现行有效,地方政府规章及文件
'新余市人民政府办公室转发市发改委关于《新余市重大产业项目实行绿色通道意见》的通知',新余市人民政府办公室,2009-05-16,现行有效,地方政府规章及文件
'江西省人民政府办公厅转发省科技厅等部门《关于加强科技金融结合促进科技创新和高新技术产业发展若干意见》的通知',江西省人民政府办公厅,2009-04-22,现行有效,地方政府规章及文件
'宜春市人民政府印发关于全面开展产业基地和工业园区“五上”活动意见的通知',宜春市人民政府,2009-04-22,已失效,地方政府规章及文件
'关于认真做好重点产业招商项目开发工作有关事项的通知',赣州市人民政府办公厅,2009-04-03,现行有效,地方政府规章及文件
'关于印发赣州市2009年机电产业招商工作指导意见的通知',赣州市人民政府办公厅,2009-04-02,现行有效,地方政府规章及文件
'转发省发改委关于发布《江西省农民工返乡就业创业产业指导目录（鼓励类）》的通知',南昌市发展和改革委员会,2009-03-18,现行有效,地方政府规章及文件
'关于印发2009年赣州市重点产业重大招商引资活动安排意见的通知',赣州市人民政府,2009-03-06,现行有效,地方政府规章及文件
'吉安市人民政府关于进一步促进全市房地产业持续稳定健康发展的若干意见(试行)',吉安市人民政府,2009-02-27,已失效,地方政府规章及文件
'江西省人民政府办公厅转发《省开放型经济办公室关于全省组织百名招商人员开展重点产业招商工作方案》的通知',江西省人民政府办公厅,2009-02-26,现行有效,地方政府规章及文件
'上饶市人民政府办公厅关于转发《上饶市十二个重点产业招商2009年度工作方案》的通知',上饶市人民政府办公厅,2009-02-20,现行有效,地方政府规章及文件
'南昌市人民政府印发关于进一步促进我市服务外包产业发展的若干意见的通知',南昌市人民政府,2009-02-20,现行有效,地方政府规章及文件
'抚州市人民政府关于印发抚州市重点产业招商引资工作方案的通知',抚州市人民政府,2009-02-17,现行有效,地方政府规章及文件
'九江市人民政府关于鼓励九江水梨产业发展的意见',九江市人民政府,2009-02-14,现行有效,地方政府规章及文件
'新余市人民政府办公室转发省外经贸厅《关于支持江西省光伏产业特色工业园加快发展的措施》的通知',新余市人民政府办公室,2009-02-05,现行有效,地方政府规章及文件
'关于印发《江西省光伏产业发展规划》的通知',江西省发展和改革委员会,2009-01-19,现行有效,地方政府规章及文件
'关于2009年中央财政现代农业生产发展油茶产业示范县建设项目实施方案的批复',江西省财政厅,2009,现行有效,地方政府规章及文件
'南昌市旅游产业发展资金使用管理办法',南昌市旅游局,2009,已失效,地方政府规章及文件
'吉安市人民政府办公室关于促进我市樟树产业发展的意见',吉安市人民政府办公室,2009,现行有效,地方政府规章及文件
'吉安市人民政府办公室关于加快油茶产业发展的实施意见',吉安市人民政府办公室,2009,现行有效,地方政府规章及文件
'江西省人民政府办公厅关于加快推进我省茶叶产业发展的意见',江西省人民政府办公厅,2008-12-31,现行有效,地方政府规章及文件
'关于2008年现代农业油茶产业示范县建设项目实施方案的批复',江西省财政厅,2008-12-29,现行有效,地方政府规章及文件
'赣州市人民政府办公厅关于印发《赣州市重点产业招商实施方案》的通知',赣州市人民政府办公厅,2008-12-28,现行有效,地方政府规章及文件
'赣州市人民政府办公厅关于下达全市工业园区2009-2012年承接产业转移工作目标任务的通知',赣州市人民政府办公厅,2008-12-19,现行有效,地方政府规章及文件
'江西省人民政府办公厅关于印发支持广电文化产业发展座谈会议纪要的通知',江西省人民政府办公厅,2008-12-19,现行有效,地方政府规章及文件
'江西省人民政府办公厅转发《省外经贸厅关于抓好重点产业招商促进产业转移对接实施意见》的通知',江西省人民政府办公厅,2008-11-25,现行有效,地方政府规章及文件
'武汉东湖新技术开发区管委会关于促进金融后台服务产业加快发展的意见',武汉市东湖新技术开发区管委会,2008-11-24,现行有效,地方政府规章及文件
'武汉东湖新技术开发区管委会关于印发《关于促进金融后台服务产业加快发展的实施细则》的通知',武汉市东湖新技术开发区管委会,2008-11-24,现行有效,地方政府规章及文件
'江西省人民政府办公厅关于印发全省加大保障性住房建设力度规范有序健康发展房地产业座谈会纪要的通知',江西省人民政府办公厅,2008-11-24,现行有效,地方政府规章及文件
'九江市人民政府印发《关于进一步促进九江市房地产业规范有序健康发展的若干意见》的通知',九江市人民政府,2008-11-20,现行有效,地方政府规章及文件
'关于加强保障性住房建设，促进房地产业规范有序健康发展的政策措施',江西省建设厅;江西省发展和改革委员会;江西省财政厅;江西省国土资源厅;江西省地方税务局;中国人民银行南昌中心支行,2008-11-14,现行有效,地方政府规章及文件
'赣州市人民政府办公厅关于印发《2008年度全市旅游产业发展工作考评方案》的通知',赣州市人民政府办公厅,2008-11-12,已失效,地方政府规章及文件
'南昌县人民政府关于印发关于做强做大货运物流产业的意见（试行）的通知',南昌县人民政府,2008-11-12,已失效,地方政府规章及文件
'江西省财政厅、江西省农业厅关于2008年中央财政支持现代农业生产发展水稻产业—水稻集成技术推广项目实施方案的批复',江西省财政厅;江西省农业厅,2008-11-10,现行有效,地方政府规章及文件
'关于2008年中央财政支持现代农业生产发展水稻产业实施方案-标准粮田建设项目的批复',江西省财政厅,2008-10-08,现行有效,地方政府规章及文件
'关于2008年中央财政支持现代农业生产发展柑橘产业项目实施方案的批复',江西省财政厅,2008-10-08,现行有效,地方政府规章及文件
'南昌市人民政府办公厅转发《市中小企业局关于贯彻赣府厅发[2008]45号江西省工业园区产业集群发展专项资金扶持办法的意见》的通知',南昌市人民政府办公厅,2008-09-28,现行有效,地方政府规章及文件
'关于做好工业园区承接产业转移规划工作的通知',赣州市人民政府办公厅,2008-09-28,现行有效,地方政府规章及文件
'关于印发《省信息产业厅“提升行政效能建设服务型政府”活动实施方案》的通知',江西省信息产业厅,2008-09-08,现行有效,地方政府规章及文件
'鹰潭市人民政府关于对促进汽车货运产业发展的意见进行修改完善的通知',鹰潭市人民政府,2008-09-04,已失效,地方政府规章及文件
'江西省经济贸易委员会印发关于进一步推进我省产业基地发展的若干意见的通知',江西省经济贸易委员会,2008-09-03,现行有效,地方政府规章及文件
'江西省人民政府办公厅关于印发支持省广电产业发展协调会议纪要的通知',江西省人民政府办公厅,2008-08-15,现行有效,地方政府规章及文件
'关于建设江西省建筑陶瓷产业基地铁路专用线的复函',江西省发展和改革委员会,2008-08-11,现行有效,地方政府规章及文件
'江西省人民政府办公厅转发省中小企业局关于江西省工业园区产业集群发展专项资金扶持办法的通知',江西省人民政府办公厅,2008-07-21,现行有效,地方政府规章及文件
'贵溪市人民政府关于加快汽车货运产业发展的意见',贵溪市人民政府,2008-05-08,现行有效,地方政府规章及文件
'关于印发景德镇市银行卡产业发展(2008-2011年)实施意见的通知',景德镇市人民政府办公室,2008-04-25,现行有效,地方政府规章及文件
'九江市人民政府办公厅关于印发《关于扶持文化旅游产业发展的若干意见》的通知',九江市人民政府办公厅,2008-04-07,现行有效,地方政府规章及文件
'关于印发2008年全市重大产业招商年活动工作方案的通知',宜春市人民政府办公室,2008-02-20,已失效,地方政府规章及文件
'江西省地方税务局关于印发《江西省建筑业地方税收项目管理实施办法》《江西省房地产开发业地方税收项目管理实施办法》和《江西省建筑业、房地产业营业税纳税人认定及后续管理实施办法》的通知',江西省地方税务局,2008-02-15,部分失效,地方政府规章及文件
'鹰潭市人民政府办公室转发人行鹰潭市中心支行《关于鹰潭市银行卡产业发展(2008—2010年)指导意见》的通知',鹰潭市人民政府办公室,2008-01-11,现行有效,地方政府规章及文件
'抚州市人民政府办公室关于印发促进抚州市银行卡产业发展实施方案的通知',抚州市人民政府办公室,2007-12-26,现行有效,地方政府规章及文件
'九江市人民政府办公厅关于印发《浔阳区金安组团1号地、3号地相关规划管理范围、业务范围、法律责任及操作要求的管理意见》和《庐山区新港沿江石油化工产业基地和姑塘化纤工业基地相关规划区管理范围、业务范围等的管理意见》的通知',九江市人民政府办公厅,2007-12-19,现行有效,地方政府规章及文件
'萍乡市人民政府关于印发萍乡工业产业发展规划(2007―2010年)的通知',萍乡市人民政府办公室,2007-12-18,现行有效,地方政府规章及文件
'关于转发《国家发展改革委关于印发促进产业集群发展的若干意见的通知》的通知',江西省发展和改革委员会,2007-12-14,现行有效,地方政府规章及文件
'江西省赣州市人民政府关于建立有色产业发展利益分配机制的意见',赣州市人民政府,2007-11-09,现行有效,地方政府规章及文件
'九江市人民政府关于印发《九江市2007-2010年农业产业发展规划》的通知',九江市人民政府,2007-09-21,现行有效,地方政府规章及文件
'宜春市人民政府办公室转发人民银行宜春市中心支行关于促进宜春市银行卡产业发展实施意见的通知',宜春市人民政府办公室,2007-09-06,现行有效,地方政府规章及文件
'新余市人民政府办公室转发人民银行新余市中心支行关于新余市银行卡产业发展（2007——2010年）的指导意见的通知',新余市人民政府办公室,2007-08-27,现行有效,地方政府规章及文件
'新余市人民政府办公室转发人民银行新余市中心支行关于《新余市银行卡产业发展(2007—2010年)的指导意见》的通知',新余市人民政府办公室,2007-08-27,现行有效,地方政府规章及文件
'江西省人民政府办公厅关于印发江西省工业系统推进产业经济“十百千亿工程”若干意见的通知',江西省人民政府办公厅,2007-08-10,现行有效,地方政府规章及文件
'关于印发萍乡市开展产业招商工作方案的通知',萍乡市人民政府办公室,2007-08-06,现行有效,地方政府规章及文件
'批转人行景市中心支行《关于金融支持旅游产业发展意见》的通知',景德镇市人民政府,2007-07-13,现行有效,地方政府规章及文件
'南昌县人民政府关于促进小蓝经济开发区规范管理产业升级和集约用地的若干意见',南昌市南昌县人民政府,2007-06-20,现行有效,地方政府规章及文件
'江西省人民政府办公厅转发省财政厅等部门关于推动我省动漫产业发展实施意见的通知',江西省人民政府办公厅,2007-05-19,现行有效,地方政府规章及文件
'宜春市人民政府关于加快“六大产业基地”建设的意见',宜春市人民政府,2007-04-10,已失效,地方政府规章及文件
'江西省人民政府关于整合财政资金扶持高新产业发展的实施意见',江西省人民政府,2007-03-27,现行有效,地方政府规章及文件
'三台县永新镇人民政府关于“崭山米枣”产业带示范基地建设的规划',绵阳市三台县永新镇人民政府,2007-03-20,现行有效,地方政府规章及文件
'新余市人民政府办公室关于转发《新余市十万亩新余蜜桔产业发展等七个农业发展意见》的通知',新余市人民政府办公室,2007-03-14,现行有效,地方政府规章及文件
'江西省发改委办公室关于印发《江西省稀土产业发展指导意见》的通知',江西省发展和改革委员会办公室,2007-01-15,现行有效,地方政府规章及文件
'江西省人民政府办公厅关于印发江西省产业经济“十百千亿工程”实施意见的通知',江西省人民政府办公厅,2007-01-06,现行有效,地方政府规章及文件
'江西省文化产业示范基地评选命名管理办法',江西省文化厅,2007,现行有效,地方政府规章及文件
'宜春市人民政府关于印发宜万工业走廊产业发展规划的通知',宜春市人民政府,2006-11-28,已失效,地方政府规章及文件
'江西省人民政府办公厅关于印发江西省“十一五”产业结构调整实施意见和江西省产业结构调整及工业园区产业发展导向目录的通知',江西省人民政府办公厅,2006-11-02,现行有效,地方政府规章及文件
'关于印发《江西省盐产业发展指导意见》的通知',江西省发展和改革委员会,2006-10-12,现行有效,地方政府规章及文件
'关于印发《江西省六大支柱产业“十一五”专项规划》的通知',江西省发展和改革委员会,2006-08-21,现行有效,地方政府规章及文件
'赣州市人民政府关于进一步促进汽车货运产业发展的意见',赣州市人民政府,2006-08-16,现行有效,地方政府规章及文件
'赣州市人民政府关于鼓励钨稀土深加工产业发展的意见',赣州市人民政府,2006-06-25,现行有效,地方政府规章及文件
'宜春市人民政府关于加快汽车货运产业发展的意见',宜春市人民政府,2006-06-15,现行有效,地方政府规章及文件
'宜春市人民政府办公室关于印发宜春中心城区大文化产业发展“十一五”规划纲要的通知',宜春市人民政府办公室,2006-04-21,现行有效,地方政府规章及文件
'赣州市人民政府办公厅关于印发2006年实施工业主导产业重点项目意见的通知',赣州市人民政府办公厅,2006-02-10,现行有效,地方政府规章及文件
'赣州市人民政府办公厅关于印发赣州市汽车货运产业发展奖励办法的通知',赣州市人民政府办公厅,2006-01-19,现行有效,地方政府规章及文件
