'杭州大江东产业集聚区管理条例',杭州市人民代表大会常务委员会,2017-04-07,现行有效,地方性法规及文件
'宁波国家高新技术产业开发区条例',宁波市人民代表大会常务委员会,2009-06-11,现行有效,地方性法规及文件
'关于加快医药产业发展的实施意见',中共台州市委,2015,现行有效,团体规定
'中共江北区经济和信息化委员会关于在党的群众路线教育实践活动中开展“产业转型升级促发展”、“企业扭亏增效重质量”行动的实施意见',中共重庆市江北区经济和信息化委员会,2014-03-27,现行有效,团体规定
'省发展改革委、省自然资源厅关于印发《浙江省重大产业项目申报及奖励管理办法》的通知',浙江省发展和改革委员会;浙江省自然资源厅,2020-12-31,现行有效,地方政府规章及文件
'省发展改革委、省经信厅、省生态环境厅、省应急管理厅关于印发加快推进浙江省长江经济带化工产业污染防治与绿色发展工作方案的通知',浙江省发展和改革委员会;浙江省经济和信息化厅;浙江省生态环境厅;浙江省应急管理厅,2020-09-18,现行有效,地方政府规章及文件
'浙江省人力资源和社会保障厅关于印发《浙江省省级人力资源服务产业园创建和评估办法(试行)》的通知',浙江省人力资源和社会保障厅,2020-09-07,现行有效,地方政府规章及文件
'浙江省人民政府关于印发浙江省实施制造业产业基础再造和产业链提升工程行动方案(2020—2025年)的通知',浙江省人民政府,2020-08-17,现行有效,地方政府规章及文件
'浙江省人民政府关于支持中国(浙江)自由贸易试验区油气全产业链开放发展的实施意见',浙江省人民政府,2020-07-15,现行有效,地方政府规章及文件
'浙江省林业局等8部门关于加快推进竹产业高质量发展的意见',浙江省林业局;浙江省发展和改革委员会;浙江省经济和信息化厅;浙江省科学技术厅;浙江省财政厅;浙江省自然资源厅;浙江省生态环境厅;浙江省交通运输厅,2020-06-29,现行有效,地方政府规章及文件
'省发展改革委关于印发嵊州省级高新技术产业园区增量配电网建设发展规划(2019-2025年)的通知',浙江省发展和改革委员会,2020-05-06,现行有效,地方政府规章及文件
'省发展改革委关于印发舟山市六横镇小郭巨临港产业园增量配电网建设发展规划(2019-2025年)的通知',浙江省发展和改革委员会,2020-05-06,现行有效,地方政府规章及文件
'关于加快发展康复辅助器具产业的实施意见',浙江省民政厅;浙江省发展和改革委员会;浙江省经济和信息化厅;浙江省教育厅;浙江省科学技术厅;浙江省财政厅;浙江省人力资源和社会保障厅;浙江省自然资源厅;浙江省住房和城乡建设厅;浙江省商务厅;浙江省卫生健康委员会;浙江省市场监督管理局;浙江省残疾人联合会;中国人民银行杭州中心支行;国家税务总局浙江省税务局;中国银行保险监督管理委员会浙江监管局,2020-01-20,现行有效,地方政府规章及文件
'浙江省人民政府关于加快推进5G产业发展的实施意见',浙江省人民政府,2019-04-24,现行有效,地方政府规章及文件
'金华市人民政府办公室关于大力推进粮食产业经济发展的实施意见',金华市人民政府办公室,2019-02-21,现行有效,地方政府规章及文件
'象山区人民政府办公室关于印发象山区健康旅游产业发展规划(2017-2025年)的通知',桂林市象山区人民政府办公室,2018-10-30,现行有效,地方政府规章及文件
'三门峡市人民政府印发关于鼓励、扶持市区工业企业搬迁至产业聚集区的实施意见',三门峡市人民政府,2018-10-18,现行有效,地方政府规章及文件
'关于印发金华市产业创新服务综合体建设行动计划(2018—2020年)的通知',金华市人民政府办公室,2018-10-12,现行有效,地方政府规章及文件
'省发展改革委关于印发《浙江省产业链精准招商工作指导意见(试行)》的通知',浙江省发展和改革委员会,2018-07-25,现行有效,地方政府规章及文件
'杭州市下城区人民政府关于促进村级股份经济合作社产业转型升级的实施意见',杭州市下城区人民政府,2018-05-30,现行有效,地方政府规章及文件
'杭州市下城区人民政府关于促进“5+1”产业发展的实施意见',杭州市下城区人民政府,2018-05-30,现行有效,地方政府规章及文件
'浙江统计局、浙江省科技厅关于印发《浙江省高新技术产业(制造业)统计分类目录(2018)》的通知',浙江省统计局;浙江省科学技术厅,2018-05-17,现行有效,地方政府规章及文件
'杭州市下城区人民政府关于打造电竞数娱小镇促进产业集聚发展的实施意见(试行)',杭州市下城区人民政府,2018-04-09,现行有效,地方政府规章及文件
'浙江省人民政府办公厅关于加快推进农业供给侧结构性改革大力发展粮食产业经济的实施意见',浙江省人民政府办公厅,2018-04-02,现行有效,地方政府规章及文件
'浙江省人民政府办公厅关于加快军民融合产业发展的实施意见',浙江省人民政府办公厅,2018-03-20,现行有效,地方政府规章及文件
'三门峡市人民政府办公室关于三门峡市现代物流重点产业转型发展的实施意见',三门峡市人民政府办公室,2018-01-20,现行有效,地方政府规章及文件
'温州市人民政府办公室转发市财政局《关于实施温州市政府产业基金财政鼓励政策意见》的通知',温州市人民政府办公室,2017-12-27,现行有效,地方政府规章及文件
'浙江省人民政府办公厅关于加快集成电路产业发展的实施意见',浙江省人民政府办公厅,2017-12-21,现行有效,地方政府规章及文件
'温州市人民政府办公室关于加快推进森林康养产业发展的意见',温州市人民政府办公室,2017-11-09,现行有效,地方政府规章及文件
'杭州市下城区人民政府办公室关于印发《下城区统筹使用省软件和信息服务产业示范基地建设资金管理办法》的通知',杭州市下城区人民政府办公室,2017-10-23,现行有效,地方政府规章及文件
'浙江省科技体制改革和创新体系建设领导小组办公室关于印发《浙江省产业创新服务综合体建设导则》的通知',浙江省科技体制改革和创新体系建设领导小组办公室,2017-10-19,现行有效,地方政府规章及文件
'浙江省科学技术厅关于公布2017年第一批浙江省高新技术产业投资高可靠性供电费用优惠项目名单的通知',浙江省科学技术厅,2017-10-09,现行有效,地方政府规章及文件
'浙江省农业厅关于印发浙江省粮油、蔬菜、食用菌产业技术项目实施方案(2017-2019年)的通知',浙江省农业厅,2017-09-12,现行有效,地方政府规章及文件
'浙江省科学技术厅、浙江省统计局关于印发《浙江省高新技术产业园区评价办法》的通知',浙江省科学技术厅;浙江省统计局,2017-09-11,现行有效,地方政府规章及文件
'省发展改革委关于将省重大产业项目纳入浙江省投资项目信息管理系统监管有关事项的通知',浙江省发展和改革委员会,2017-08-25,现行有效,地方政府规章及文件
'中国(浙江)自由贸易试验区管委会关于印发《中国(浙江)自由贸易试验区重点产业培育和扶持暂行办法》的通知',中国（浙江）自由贸易试验区管理委员会,2017-08-03,现行有效,地方政府规章及文件
'省发展改革委、省国土资源厅关于印发2017年浙江省重大产业项目名单(第一批)的通知',浙江省发展和改革委员会;浙江省国土资源厅,2017-07-17,现行有效,地方政府规章及文件
'省发展改革委、省国土资源厅关于印发2017年浙江省重大产业项目第一批预选项目名单的通知',浙江省发展和改革委员会;浙江省国土资源厅,2017-07-17,现行有效,地方政府规章及文件
'省发展改革委、省财政厅、省建设厅关于印发《浙江省静脉产业基地建设行动计划》的通知',浙江省发展和改革委员会;浙江省财政厅;浙江省住房和城乡建设厅,2017-07-14,现行有效,地方政府规章及文件
'省发展改革委、省国土资源厅关于抓紧做好2017年新增省重大产业项目(第二批)申报工作的通知',浙江省发展和改革委员会;浙江省国土资源厅,2017-06-22,现行有效,地方政府规章及文件
'转发国家发展改革委办公厅关于印发《政府出资产业投资基金信用信息登记指引(试行)》的通知',浙江省发展和改革委员会,2017-04-18,现行有效,地方政府规章及文件
'三门峡市人民政府办公室关于三门峡市加快精密量仪产业发展的意见',三门峡市人民政府办公室,2017-03-22,现行有效,地方政府规章及文件
'省发展改革委、省经信委关于印发《义甬舟开放大通道建设产业发展行动方案》的通知',浙江省发展和改革委员会;浙江省经济和信息化委员会,2017-03-22,现行有效,地方政府规章及文件
'浙江省农业厅关于加强农产品地理标志登记保护与产业培育工作的通知',浙江省农业厅,2017-03-09,现行有效,地方政府规章及文件
'三门峡市人民政府办公室关于加强产业集聚区安全生产工作的通知',三门峡市人民政府办公室,2017-02-27,现行有效,地方政府规章及文件
'浙江省科学技术厅、浙江省发展和改革委员会关于转发《科技部创新发展司、国家发展改革委高技术产业司关于进一步做好2017年创新型城市建设有关工作的通知》的通知',浙江省科学技术厅;浙江省发展和改革委员会,2017-02-13,现行有效,地方政府规章及文件
'转发国家发展改革委关于印发《政府出资产业投资基金管理暂行办法》的通知',浙江省发展和改革委员会,2017-02-10,现行有效,地方政府规章及文件
'省发展改革委、省国土资源厅关于做好省重大产业项目2017年度推进计划编制工作的通知',浙江省发展和改革委员会;浙江省国土资源厅,2017-02-07,现行有效,地方政府规章及文件
'转发《国家发展改革委关于浙江省温州民科产业基地开发有限公司发行公司债券核准批复》的通知',浙江省发展和改革委员会,2017-01-13,现行有效,地方政府规章及文件
'浙江省粮食安全和推进农业现代化工作协调小组农业产业化办公室关于认定2016年全省示范性农业全产业链的通知',浙江省粮食安全和推进农业现代化工作协调小组农业产业化办公室,2016-12-30,现行有效,地方政府规章及文件
'省发展改革委、省国土资源厅关于印发2016年浙江省重大产业项目名单(第二批)的通知',浙江省发展和改革委员会;浙江省国土资源厅,2016-12-30,现行有效,地方政府规章及文件
'省发展改革委、省国土资源厅关于印发2016年度第二批新增浙江省重大产业预选项目名单的通知',浙江省发展和改革委员会;浙江省国土资源厅,2016-12-30,现行有效,地方政府规章及文件
'关于加快培育现代产业体系打造先进制造业基地的通知',金华市人民政府,2016-06-15,现行有效,地方政府规章及文件
'三门峡市人民政府办公室关于印发2016年三门峡市加快产业集聚区建设专项工作方案的通知',三门峡市人民政府办公室,2016-06-06,现行有效,地方政府规章及文件
'关于进一步促进金华市区房地产业平稳健康发展的通知',金华市人民政府办公室,2016-04-27,现行有效,地方政府规章及文件
'关于印发金华市区促进现代物流产业发展扶持意见的通知',金华市人民政府办公室,2015-11-07,现行有效,地方政府规章及文件
'三门峡市人民政府关于促进高新技术产业特色园区发展的意见',三门峡市人民政府,2015-03-20,现行有效,地方政府规章及文件
'三门峡市人民政府关于加快核桃等特色经济林产业发展的意见',三门峡市人民政府,2015-02-26,已失效,地方政府规章及文件
'丽水市人民政府关于发展民办养老服务产业的实施意见',丽水市人民政府,2014-11-18,现行有效,地方政府规章及文件
'丽水市人民政府关于深入贯彻“绿水青山就是金山银山”指导思想全面实施生态产业强市的意见',丽水市人民政府,2014-05-27,现行有效,地方政府规章及文件
'丽水市人民政府关于促进光伏发电产业健康发展的若干意见',丽水市人民政府,2014-05-07,现行有效,地方政府规章及文件
'丽水市人民政府关于印发丽水机器人产业基地建设的若干规定(试行)的通知',丽水市人民政府,2014-04-30,现行有效,地方政府规章及文件
'关于印发金华两头乌猪产业转型升级行动计划的通知',金华市人民政府办公室,2014-04-29,现行有效,地方政府规章及文件
'三门峡市人民政府办公室关于印发2014年三门峡市果品产业发展工作要点的通知',三门峡市人民政府办公室,2013-12-18,现行有效,地方政府规章及文件
'三门峡市人民政府关于加快现代水产业发展的意见',三门峡市人民政府,2013-06-27,现行有效,地方政府规章及文件
'三门峡市人民政府关于加快做大做强果品产业的实施意见',三门峡市人民政府,2013-05-28,现行有效,地方政府规章及文件
'东阳市人民政府办公室关于扶持影视文化产业发展的补充意见',东阳市人民政府办公室,2016-10-17,现行有效,地方政府规章及文件
'省发展改革委、省经信委、省卫生计生委(省中医药管理局)关于印发浙江省中药产业发展“十三五”规划的通知',浙江省发展和改革委员会;浙江省经济和信息化委员会;浙江省卫生和计划生育委员会,2016-10-11,现行有效,地方政府规章及文件
'省发展改革委、省测绘与地理信息局关于印发《浙江省地理信息产业发展“十三五”规划》的通知',浙江省发展和改革委员会;浙江省测绘与地理信息局,2016-09-14,现行有效,地方政府规章及文件
'转发《温州市委、市政府办公室关于浙南产业集聚区沙城街道“8·24”较大亡人火灾事故的通报》',浙江省安全生产委员会,2016-08-27,现行有效,地方政府规章及文件
'浙江省安全生产委员会关于温州浙南产业集聚区“8·24”较大火灾事故情况的通报',浙江省安全生产委员会,2016-08-26,现行有效,地方政府规章及文件
'省发展改革委关于印发浙江省产业集聚区发展“十三五”规划的通知',浙江省发展和改革委员会,2016-07-29,现行有效,地方政府规章及文件
'关于开展油茶产业发展专项信息普查的通知',浙江省林业厅,2016-07-21,现行有效,地方政府规章及文件
'省发展改革委关于印发浙江省省级山海协作产业园统计报表制度的通知',浙江省发展和改革委员会,2016-07-10,现行有效,地方政府规章及文件
'东阳市人民政府关于印发《东阳市政府产业基金管理办法(试行)》的通知',东阳市人民政府,2016-06-20,已失效,地方政府规章及文件
'浙江省财政厅等部门转发《财政部、国家税务总局、发展改革委、工业和信息化部关于软件和集成电路产业企业所得税优惠政策有关问题的通知》',浙江省财政厅;浙江省国家税务局;浙江省地方税务局;浙江省发展和改革委员会;浙江省经济和信息化委员会,2016-06-01,现行有效,地方政府规章及文件
'浙江省科学技术厅关于转发科技部人才中心《2017中国科技创业人才投融资集训营(汽车产业专场)活动公告》的通知',浙江省科学技术厅,2016-05-26,现行有效,地方政府规章及文件
'省发展改革委关于印发浙江省新能源汽车产业“十三五”发展规划的通知',浙江省发展和改革委员会,2016-05-23,现行有效,地方政府规章及文件
'浙江省科学技术厅关于加强高新技术产业项目投资和管理工作的通知',浙江省科学技术厅,2016-04-25,现行有效,地方政府规章及文件
'金华市金东区人民政府关于推进金东区智能制造(无人机)产业园建设相关意见(试行)',金华市金东区人民政府,2016-04-18,现行有效,地方政府规章及文件
'关于进一步深化胶囊产业综合整治工作的通知',绍兴市新昌县人民政府南明街道办事处,2016-03-22,现行有效,地方政府规章及文件
'安吉县人民政府关于促进健康产业发展的实施意见',湖州市安吉县人民政府,2016-03-03,现行有效,地方政府规章及文件
'浙江省财政厅关于修订浙江省创新强省产业基金管理办法的通知',浙江省财政厅,2016-02-26,现行有效,地方政府规章及文件
'新昌县人民政府办公室关于印发新昌县产业发展引导基金管理办法、新昌县产业发展引导基金管委会议事规则及成员单位职责的通知',绍兴市新昌县人民政府办公室,2015-12-28,现行有效,地方政府规章及文件
'重庆市江北区人民政府办公室关于印发江北区产业发展扶持资金管理暂行办法的通知',重庆市江北区人民政府办公室,2015-12-26,现行有效,地方政府规章及文件
'重庆市江北区人民政府办公室关于印发加强江北区产业发展资金管理的实施意见的通知',重庆市江北区人民政府办公室,2015-12-26,现行有效,地方政府规章及文件
'省发改委关于印发浙江省健康产业发展规划(2015-2020年)的通知',浙江省发展和改革委员会,2015-12-24,现行有效,地方政府规章及文件
'省发改委、省经信委、省环保厅关于印发浙江省节能环保产业发展规划(2015-2020年)的通知',浙江省发展和改革委员会;浙江省经济和信息化委员会;浙江省环境保护厅,2015-12-08,现行有效,地方政府规章及文件
'关于印发《浙江省软件和信息服务产业基地(园区、小镇)建设实施方案》的通知',浙江省经济和信息化委员会;浙江省财政厅,2015-12-07,现行有效,地方政府规章及文件
'重庆市江北区人民政府办公室关于印发江北区产业发展股权投资基金管理暂行办法的通知',重庆市江北区人民政府办公室,2015-12-05,现行有效,地方政府规章及文件
'浙江省经济和信息化委员会、浙江省财政厅关于进一步推进全省工业设计产业发展的通知',浙江省经济和信息化委员会;浙江省财政厅,2015-11-12,现行有效,地方政府规章及文件
'杭州市人民政府办公厅关于加快推进全市开发区(产业园区)整合优化提升工作的实施意见',杭州市人民政府办公厅,2015-10-19,现行有效,地方政府规章及文件
'新昌县人民政府关于创新财政支持经济发展方式设立政府产业基金的若干意见',绍兴市新昌县人民政府,2015-10-12,现行有效,地方政府规章及文件
'东阳市人民政府办公室关于印发《关于进一步加快我市光伏应用产业健康发展的实施意见》的通知',东阳市人民政府办公室,2015-09-09,现行有效,地方政府规章及文件
'杭州市人民政府关于中国杭州人力资源服务产业园发展规划(2015—2020)的批复',杭州市人民政府,2015-09-06,现行有效,地方政府规章及文件
'杭州市人民政府关于加快推进杭州市智能制造促进产业转型发展的指导意见',杭州市人民政府,2015-08-21,已失效,地方政府规章及文件
'关于转发国家发展改革委《关于实施新兴产业重大工程包的通知》',杭州国家高新技术产业开发区发展和改革局,2015-08-12,现行有效,地方政府规章及文件
'关于印发《浙江省发改委关于国家高技术产业发展项目管理的实施细则(暂行)》的通知',浙江省发展和改革委员会,2015-07-08,现行有效,地方政府规章及文件
'浙江省财政厅关于印发浙江省转型升级产业基金管理办法的通知',浙江省财政厅,2015-07-06,现行有效,地方政府规章及文件
'关于印发《秀洲区农业产业项目准入实施办法》的通知',嘉兴市秀洲区农业经济局,2015-06-02,现行有效,地方政府规章及文件
'宁波市人民政府关于印发宁波市文化产业发展三年行动计划(2015～2017年)的通知',宁波市人民政府,2015-05-25,现行有效,地方政府规章及文件
'浙江省财政厅关于规范政府产业基金运作与管理的指导意见',浙江省财政厅,2015-05-20,现行有效,地方政府规章及文件
'杭州大江东产业集聚区管理办法',杭州市人民政府,2015-04-28,已失效,地方政府规章及文件
'台州市农业局办公室关于印发2015年全市农业产业工作要点的通知',台州市农业局办公室,2015-04-14,现行有效,地方政府规章及文件
'浙江省人民政府办公厅关于加快发展生产性服务业促进产业结构调整升级的实施意见',浙江省人民政府办公厅,2015-03-31,现行有效,地方政府规章及文件
'关于进一步强化空心胶囊产业监管工作的意见',绍兴市新昌县人民政府南明街道办事处,2015-03-25,现行有效,地方政府规章及文件
'梅渚镇关于进一步强化空心胶囊产业监管工作的意见',绍兴市新昌县梅渚镇人民政府,2015-03-23,现行有效,地方政府规章及文件
'关于印发台州市医药产业环境准入指导意见的通知',台州市人民政府办公室,2015-03-20,现行有效,地方政府规章及文件
'浙江省财政厅、浙江省海洋与渔业局关于印发浙江省海洋与渔业综合管理和产业发展专项资金管理办法(试行)的通知',浙江省财政厅;浙江省海洋与渔业局,2015-03-20,现行有效,地方政府规章及文件
'中共东阳市委、东阳市人民政府关于印发2015年度全市政府投资重点建设项目、政府投资重大前期项目、政府投资一般性建设项目、政府投资一般性前期项目、产业发展类重点建设项目、工业重点新建项目、工业重点续建项目、工业重点技改项目的通知',中共东阳市委;东阳市人民政府,2015-03-06,现行有效,地方政府规章及文件
'杭州市人民政府办公厅关于印发进一步优化产业用地管理、促进土地要素市场化配置实施办法的通知',杭州市人民政府办公厅,2015-03-03,现行有效,地方政府规章及文件
'关于印发《杭州市招商引资产业空间布局导引手册》的通知',杭州市发展和改革委员会;杭州市商务委员会;杭州市人民政府国内经济合作办公室,2015-02-27,现行有效,地方政府规章及文件
'东阳市人民政府办公室关于加快推进新型建筑产业现代化的若干意见(试行)',东阳市人民政府办公室,2015-02-25,已失效,地方政府规章及文件
'中共新昌县委、新昌县人民政府关于加快旅游产业发展的政策意见',中共绍兴市新昌县委;绍兴市新昌县人民政府,2015-02-16,现行有效,地方政府规章及文件
'浙江省科学技术厅、浙江省知识产权局关于印发《加强高新技术产业园区(科技城)知识产权工作的指导意见》的通知',浙江省科学技术厅;浙江省知识产权局,2015-02-15,现行有效,地方政府规章及文件
'省发改委、省经信委关于印发浙江省时尚产业发展规划纲要(2014-2020年)的通知',浙江省发展和改革委员会;浙江省经济和信息化委员会,2015-02-05,现行有效,地方政府规章及文件
'关于印发《浙江省工业信息工程公司产业技术创新综合试点方案》和《工业信息工程公司产业技术创新综合试点责任书》的通知',浙江省经济和信息化委员会;浙江省科学技术厅,2015-01-30,现行有效,地方政府规章及文件
'浙江省财政厅、中共浙江省委宣传部关于印发浙江省文化产业发展转移支付资金管理办法的通知',浙江省财政厅;中共浙江省委宣传部,2015-01-19,现行有效,地方政府规章及文件
'关于加快医药产业发展的实施意见',中共台州市委,2015,现行有效,地方政府规章及文件
'浙江省发改委、浙江省旅游局关于印发浙江省旅游产业发展规划(2014-2017)的通知',浙江省发展和改革委员会;浙江省旅游局,2014-12-31,现行有效,地方政府规章及文件
'浙江省人民政府办公厅关于“精准对接精准服务”支持医疗器械产业提升发展的若干意见',浙江省人民政府办公厅,2014-12-05,现行有效,地方政府规章及文件
'浙江省人民政府办公厅关于印发浙江省产业集聚区提升发展方案的通知',浙江省人民政府办公厅,2014-11-20,现行有效,地方政府规章及文件
'宁波市人民政府办公厅转发市教育局《关于宁波市国家职业教育与产业协同创新试验区实施方案》的通知',宁波市人民政府办公厅,2014-11-18,现行有效,地方政府规章及文件
'省发改委关于印发《温州浙南沿海先进装备产业集聚区发展规划》的通知',浙江省发展和改革委员会,2014-11-17,现行有效,地方政府规章及文件
'宁波市人民政府办公厅关于印发宁波市林特产业发展规划(2014～2020年)的通知',宁波市人民政府办公厅,2014-11-14,现行有效,地方政府规章及文件
'浙江省人民政府办公厅关于进一步推进地理信息产业发展的实施意见',浙江省人民政府办公厅,2014-11-11,现行有效,地方政府规章及文件
'浙江省人民政府关于加快培育旅游业成为万亿产业的实施意见',浙江省人民政府,2014-11-10,现行有效,地方政府规章及文件
'关于印发《杭州城西科创产业集聚区创新发展专项资金管理办法》的通知',杭州城西科创产业集聚区管理委员会;杭州市财政局;杭州市科学技术委员会,2014-11-07,现行有效,地方政府规章及文件
'杭州市人民政府办公厅关于印发杭州市海洋特色产业基地建设实施方案的通知',杭州市人民政府办公厅,2014-10-14,现行有效,地方政府规章及文件
'东阳市人民政府办公室关于印发《浙江省横店影视文化产业实验区影视版权登记管理保护办法》的通知',东阳市人民政府办公室,2014-09-18,现行有效,地方政府规章及文件
'浙江省财政厅、浙江省人民政府经济合作交流办公室关于印发浙江省山海协作产业园建设专项资金管理办法的通知',浙江省财政厅;浙江省人民政府经济合作交流办公室,2014-09-16,现行有效,地方政府规章及文件
'《关于加快文化产业发展的实施意见》的通知',中共台州市委;台州市人民政府,2014-09-12,现行有效,地方政府规章及文件
'关于印发《浙江省体育产业发展资金项目库管理试行办法》的通知',浙江省体育局,2014-09-12,现行有效,地方政府规章及文件
'杭州市人民政府办公厅关于认定杭州市高新技术产业园(第七批)的通知',杭州市人民政府办公厅,2014-08-26,现行有效,地方政府规章及文件
'浙江省商务厅、浙江省财政厅关于印发《“浙江省外商投资新兴产业示范基地”和“浙江省开发区特色品牌园区”认定管理暂行办法》的通知',浙江省商务厅;浙江省财政厅,2014-07-29,现行有效,地方政府规章及文件
'安吉县人民政府关于确定2014年椅业竹产业龙头骨干企业名单的通知',湖州市安吉县人民政府,2014-07-18,现行有效,地方政府规章及文件
'关于转发《国家发展改革委等部门运用价格手段促进水泥行业产业结构调整有关事项的通知》',浙江省物价局;浙江省发展和改革委员会;浙江省经济和信息化委员会;浙江省质量技术监督局,2014-06-27,现行有效,地方政府规章及文件
'宁波市人民政府办公厅转发市科技局等部门关于《宁波市石墨烯技术创新和产业发展中长期规划(2014～2023)》的通知',宁波市人民政府办公厅,2014-05-22,现行有效,地方政府规章及文件
'浙江省商务厅、浙江省电子商务工作领导小组办公室关于印发《浙江省示范电子商务企业、平台和产业基地创建办法》的通知',浙江省商务厅;浙江省电子商务工作领导小组办公室,2014-05-15,现行有效,地方政府规章及文件
'浙江省人民政府关于发展民办养老产业的若干意见',浙江省人民政府,2014-04-25,现行有效,地方政府规章及文件
'台州市农业局办公室关于印发2014年全市农业产业工作要点的通知',台州市农业局办公室,2014-04-15,现行有效,地方政府规章及文件
'宁波市人民政府关于促进光伏产业健康持续发展的实施意见',宁波市人民政府,2014-04-08,现行有效,地方政府规章及文件
'中共江北区经济和信息化委员会关于在党的群众路线教育实践活动中开展“产业转型升级促发展”、“企业扭亏增效重质量”行动的实施意见',中共重庆市江北区经济和信息化委员会,2014-03-27,现行有效,地方政府规章及文件
'关于加快发展体育产业的实施意见',台州市人民政府办公室,2014-03-24,现行有效,地方政府规章及文件
'中共东阳市委、东阳市人民政府关于浙江省横店影视文化产业实验区管理委员会管理范围、主要职责、内设机构和人员编制规定的通知',中共东阳市委;东阳市人民政府,2014-03-24,现行有效,地方政府规章及文件
'浙江省人民政府办公厅关于在平湖市开展产业结构调整机制创新试点的通知',浙江省人民政府办公厅,2014-03-16,现行有效,地方政府规章及文件
'杭州市人民政府关于加快分布式光伏发电应用促进产业健康发展的实施意见',杭州市人民政府,2014-02-10,已失效,地方政府规章及文件
'关于转发《国家发展改革委发挥价格杠杆作用促进光伏产业健康发展的通知》',浙江省物价局;浙江省经济和信息化委员会;浙江省能源局,2014-02-10,现行有效,地方政府规章及文件
'杭州市人民政府办公厅关于印发杭州市推进产业园区投资项目前置审批改革试点工作方案的通知',杭州市人民政府办公厅,2014-02-08,现行有效,地方政府规章及文件
'安吉县人民政府关于印发进一步加快推进椅业产业转型升级的若干意见的通知',湖州市安吉县人民政府,2014-02-08,现行有效,地方政府规章及文件
'安吉县人民政府关于印发进一步加快推进竹产业转型升级的若干意见的通知',湖州市安吉县人民政府,2014-02-08,现行有效,地方政府规章及文件
'浙江省科技厅等3部门关于印发《浙江省系统流程装备产业技术创新综合试点工作方案》的通知',浙江省科学技术厅;浙江省经济和信息化委员会;浙江省人力资源和社会保障厅,2014-01-28,现行有效,地方政府规章及文件
'浙江省商务厅和浙江省发展和改革委员会等十部门关于印发《浙江省电子商务产业基地规划建设实施意见》的通知',浙江省商务厅;浙江省发展和改革委员会;浙江省经济和信息化委员会;浙江省财政厅;浙江省国土资源厅;浙江省住房和城乡建设厅;浙江省质量技术监督局;浙江省地方税务局;浙江省统计局;中国人民银行杭州中心支行,2014-01-27,现行有效,地方政府规章及文件
'杭州市人民政府办公厅关于规范创新型产业用地管理的实施意见(试行)',杭州市人民政府办公厅,2014-01-16,现行有效,地方政府规章及文件
'中共东阳市委、东阳市人民政府关于加快文化产业全域化发展的实施意见',中共东阳市委;东阳市人民政府,2014-01-13,现行有效,地方政府规章及文件
'中共东阳市委、东阳市人民政府关于调整浙江省横店影视文化产业实验区管理体制的若干意见',中共东阳市委;东阳市人民政府,2013-12-04,现行有效,地方政府规章及文件
'关于批转《台州湾循环经济产业集聚区循环型企业创建实施意见》的通知',台州市人民政府,2013-11-27,现行有效,地方政府规章及文件
'安吉县人民政府关于加快提升发展安吉白茶产业的实施意见',湖州市安吉县人民政府,2013-11-12,现行有效,地方政府规章及文件
'关于印发杭州市信息软件和电子商务产业政策实施办法的通知',杭州市财政局;杭州市经济和信息化委员会,2013-11-05,现行有效,地方政府规章及文件
'浙江省财政厅、浙江省人民政府经济合作交流办公室关于印发浙江省山海协作产业园建设专项资金管理办法(试行)的通知',浙江省财政厅;浙江省人民政府经济合作交流办公室,2013-10-29,已失效,地方政府规章及文件
'宁波市人民政府办公厅关于印发宁波市台商投资产业指导目录的通知',宁波市人民政府办公厅,2013-09-29,现行有效,地方政府规章及文件
'浙江省财政厅关于印发《浙江省创新强省产业基金管理办法》的通知',浙江省财政厅,2013-08-30,已失效,地方政府规章及文件
'东阳市人民政府办公室关于印发《东阳市重大产业项目申报办法(试行)》的通知',东阳市人民政府办公室,2013-08-29,现行有效,地方政府规章及文件
'关于印发《浙江省外商投资重点支持产业目录》(2012年修订)的通知',浙江省发展和改革委员会;浙江省经济和信息化委员会;浙江省商务厅,2013-08-26,现行有效,地方政府规章及文件
'关于印发推进高新技术产业发展专项行动方案的通知',浙江省科学技术厅;浙江省发展和改革委员会;浙江省经济和信息化委员会,2013-08-22,现行有效,地方政府规章及文件
'宁波市人民政府关于加强石化产业规范整治提升促进可持续发展的指导意见',宁波市人民政府,2013-08-08,已失效,地方政府规章及文件
'衢州市人民政府关于促进光伏产业发展的若干意见',衢州市人民政府,2013-07-09,现行有效,地方政府规章及文件
'衢州市人民政府关于进一步加快推进我市氟硅新材料产业发展的若干意见',衢州市人民政府,2013-07-09,现行有效,地方政府规章及文件
'衢州市人民政府关于加快“腾笼换鸟”促进产业转型升级的实施意见',衢州市人民政府,2013-07-09,现行有效,地方政府规章及文件
'浙江省财政厅关于修订《浙江省地方特色产业中小企业发展资金管理操作办法》的通知',浙江省财政厅,2013-07-09,现行有效,地方政府规章及文件
'宁波市人民政府关于印发宁波市优化产业政策促进产业转型发展意见的通知',宁波市人民政府,2013-07-04,现行有效,地方政府规章及文件
'关于加强现代服务业影视产业高端人才培养的意见',浙江省人力资源和社会保障厅;浙江省广播电影电视局,2013-07-03,现行有效,地方政府规章及文件
'衢州市人民政府办公室印发关于加强环境资源配置量化管理推动产业转型升级实施方案的通知',衢州市人民政府办公室,2013-06-29,现行有效,地方政府规章及文件
'浙江省农业厅关于印发产业集聚化行动等八个专项行动实施意见的通知',浙江省农业厅,2013-06-27,现行有效,地方政府规章及文件
'关于印发浙江省海水淡化产业发展“十二五”规划的通知',浙江省发展和改革委员会,2013-06-09,现行有效,地方政府规章及文件
'转发国家发展改革委办公厅《关于撤销或终止部分高技术产业发展项目的通知》',杭州市发展和改革委员会,2013-06-05,现行有效,地方政府规章及文件
'衢州市人民政府办公室关于落实市区柑桔产业转型升级有关政策的通知',衢州市人民政府办公室,2013-06-04,现行有效,地方政府规章及文件
'关于2013年度县(市、区)和绿色产业集聚区、西区管委会招商引资考核细则的通知',衢州市人民政府经济技术协作办公室,2013-06-03,现行有效,地方政府规章及文件
'温州市瓯海区人民政府办公室关于印发瓯海区培育发展战略性新兴产业专项资金管理办法(试行)的通知',温州市瓯海区人民政府办公室,2013-05-09,已失效,地方政府规章及文件
'温州市瓯海区人民政府办公室关于印发2013年瓯海区促进战略性新兴产业发展行动计划的通知',温州市瓯海区人民政府办公室,2013-05-08,现行有效,地方政府规章及文件
'市委办公厅、市政府办公厅印发关于推进杭州市十大产业创新团队建设的实施意见的通知',中共杭州市委办公厅;杭州市人民政府办公厅,2013-04-25,现行有效,地方政府规章及文件
'衢州市文化广电新闻出版局、衢州市财政局关于印发衢州市文化产业发展扶持和奖励办法实施细则的通知',衢州市文化广电新闻出版局;衢州市财政局,2013-04-11,现行有效,地方政府规章及文件
'浙江省科学技术厅关于进一步抓好竹产业和茶产业成果转化工程实施的通知',浙江省科学技术厅,2013-04-10,现行有效,地方政府规章及文件
'桐乡市人民政府办公室关于印发《桐乡市濮院印花产业专项整治工作方案》的通知',桐乡市人民政府办公室,2013-04-08,现行有效,地方政府规章及文件
'杭州市人民政府办公厅转发市发改委关于《杭州市产业发展导向目录与空间布局指引(2013年本)》的通知',杭州市人民政府办公厅,2013-04-02,现行有效,地方政府规章及文件
'关于印发《杭州市发展经作产业促进山区纯农户增收工程项目和资金管理办法(试行)》的通知',杭州市农业局;杭州市财政局,2013-03-25,现行有效,地方政府规章及文件
'浙江省科学技术厅、浙江省经济和信息化委员会关于印发《浙江省现代农业装备产业技术创新综合试点工作方案》的通知',浙江省科学技术厅;浙江省经济和信息化委员会,2013-03-15,现行有效,地方政府规章及文件
'杭州市人民政府关于加快构建新型畜牧产业体系的实施意见',杭州市人民政府,2013-01-25,现行有效,地方政府规章及文件
'关于印发《浙江省氟硅新材料产业技术创新综合试点工作方案》的通知',中共浙江省委组织部;浙江省科学技术厅;浙江省经济和信息化委员会;浙江省人民政府国有资产监督管理委员会,2013-01-23,现行有效,地方政府规章及文件
'浦江县人民政府关于印发浦江县文化事业和产业发展“十二五”规划的通知',金华市浦江县人民政府,2013-01-07,现行有效,地方政府规章及文件
'关于印发杭州西湖龙井茶产业发展奖励办法的通知',杭州市人民政府农业和农村工作办公室,2013,现行有效,地方政府规章及文件
'关于印发浙江省地理信息产业发展“十二五”规划的通知',浙江省发展和改革委员会;浙江省测绘与地理信息局,2012-12-31,现行有效,地方政府规章及文件
'关于加快构建新型畜牧产业体系推进现代畜牧业发展的实施意见',台州市人民政府,2012-12-12,现行有效,地方政府规章及文件
'桐乡市人民政府办公室关于印发桐乡市关于加快推进生猪产业转型升级的实施意见的通知',桐乡市人民政府办公室,2012-12-12,现行有效,地方政府规章及文件
'衢州市人民政府关于授予衢州绿色产业集聚区管理委员会部分公共管理权限的通知',衢州市人民政府,2012-12-04,现行有效,地方政府规章及文件
'宁波市人民政府关于加快构建新型畜牧产业体系促进现代畜牧业发展的意见',宁波市人民政府,2012-12-04,现行有效,地方政府规章及文件
'衢州市人民政府关于印发衢州绿色产业集聚区管理办法的通知',衢州市人民政府,2012-12-03,现行有效,地方政府规章及文件
'关于加强全区文化产业统计工作的通知',湖州市南浔区文化建设领导小组办公室;湖州市南浔区统计局,2012-11-22,现行有效,地方政府规章及文件
'浙江省人民政府办公厅关于提升发展茶产业的若干意见',浙江省人民政府办公厅,2012-11-19,现行有效,地方政府规章及文件
'浙江省人民政府关于开展创建省级高新技术产业园区工作的通知',浙江省人民政府,2012-11-06,现行有效,地方政府规章及文件
'宁波市人民政府关于加快发展体育产业的实施意见',宁波市人民政府,2012-11-02,现行有效,地方政府规章及文件
'浙江省人民政府关于加快节能与新能源汽车产业发展的实施意见',浙江省人民政府,2012-10-23,现行有效,地方政府规章及文件
'关于印发桐乡市战略性新兴产业倍增计划环保政策保障实施意见的通知',桐乡市环境保护局,2012-10-22,现行有效,地方政府规章及文件
'中共东阳市委、东阳市人民政府关于浙江省横店影视文化产业实验区管理委员会主要职责内设机构和人员编制规定的通知',中共东阳市委;东阳市人民政府,2012-10-19,现行有效,地方政府规章及文件
'关于加快培育发展战略性新兴产业的实施意见',台州市人民政府,2012-10-10,现行有效,地方政府规章及文件
'省发改委、省国土资源厅关于印发《浙江省重大产业项目申报办法(试行)》的通知',浙江省发展和改革委员会;浙江省国土资源厅,2012-10-09,现行有效,地方政府规章及文件
'嘉善县人民政府办公室印发关于促进嘉善县股权投资产业发展若干意见(试行)的通知',嘉兴市嘉善县人民政府办公室,2012-10-08,现行有效,地方政府规章及文件
'嘉兴市南湖区人民政府办公室关于印发南湖区生猪产业减量提质转型发展的实施意见的通知',嘉兴市南湖区人民政府办公室,2012-09-29,现行有效,地方政府规章及文件
'嘉兴市南湖区人民政府办公室关于印发南湖区推进生猪产业减量提质转型发展的若干政策意见的通知',嘉兴市南湖区人民政府办公室,2012-09-29,现行有效,地方政府规章及文件
'中共江山市委、江山市人民政府关于进一步加强生猪养殖管理促进生猪产业科学健康发展的意见',中共江山市委;江山市人民政府,2012-09-29,现行有效,地方政府规章及文件
'衢州市人民政府关于印发衢州市信息化和信息产业十二五发展规划的通知',衢州市人民政府,2012-09-27,现行有效,地方政府规章及文件
'平湖市人民政府关于加快新型畜牧产业体系建设促进现代都市型生态畜牧业发展的意见',平湖市人民政府,2012-09-24,现行有效,地方政府规章及文件
'杭州市人民政府办公厅关于加快发展体育产业的实施意见',杭州市人民政府办公厅,2012-09-17,现行有效,地方政府规章及文件
'浙江省财政厅关于印发《浙江省海洋产业投资基金管理办法》的通知',浙江省财政厅,2012-09-13,现行有效,地方政府规章及文件
'东阳市人民政府办公室关于印发《东阳市塑料塑胶产业转型升级实施意见(试行)》的通知',东阳市人民政府办公室,2012-09-11,已失效,地方政府规章及文件
'关于印发《支持浙商创业创新促进桐乡发展鼓励产业投资指导目录》的通知',桐乡市发展和改革局,2012-08-31,现行有效,地方政府规章及文件
'衢州市人民政府关于加快推进工业设计产业发展的实施意见',衢州市人民政府,2012-08-10,现行有效,地方政府规章及文件
'衢州市人民政府关于加快柑桔产业转型升级的若干意见',衢州市人民政府,2012-08-07,现行有效,地方政府规章及文件
'龙游县人民政府办公室关于省级现代农业主导产业示范区和特色农业精品园创建工作的通知',衢州市龙游县人民政府办公室,2012-08-03,现行有效,地方政府规章及文件
'桐乡市人民政府办公室转发《嘉兴市人民政府关于加快新型畜牧产业体系建设促进现代都市型生态畜牧业发展的意见》的通知',桐乡市人民政府办公室,2012-07-27,现行有效,地方政府规章及文件
'嘉兴市南湖区人民政府办公室转发《嘉兴市人民政府关于推进特色工业设计基地建设加快工业设计产业发展意见》的通知',嘉兴市南湖区人民政府办公室,2012-07-23,现行有效,地方政府规章及文件
'江山市人民政府办公室关于印发江山市消防器材产业整治提升活动实施方案的通知',江山市人民政府办公室,2012-07-03,现行有效,地方政府规章及文件
'温州市人民政府办公室关于加快温州市服务外包产业发展的意见',温州市人民政府办公室,2012-06-21,现行有效,地方政府规章及文件
'关于印发丽水工业园区碧湖产业区块招商引资政策的通知',丽水市莲都区人民政府办公室,2012-06-18,现行有效,地方政府规章及文件
'丽水市莲都区人民政府办公室关于印发丽水工业园区碧湖产业区块工业项目履约保证金管理办法(暂行)的通知',丽水市莲都区人民政府办公室,2012-06-18,现行有效,地方政府规章及文件
'浙江省人民政府关于促进地理信息产业加快发展的意见',浙江省人民政府,2012-06-12,现行有效,地方政府规章及文件
'杭州市人民政府办公厅关于印发杭州市“十二五”住房保障与房地产业发展规划的通知',杭州市人民政府办公厅,2012-06-10,现行有效,地方政府规章及文件
'丽水市莲都区人民政府关于印发莲都区高溪生态产业低丘缓坡开发项目指挥部设立方案的通知',丽水市莲都区人民政府,2012-06-08,现行有效,地方政府规章及文件
'浙江省人民政府办公厅印发关于加快培育发展战略性新兴产业重点工作分工方案的通知',浙江省人民政府办公厅,2012-06-07,现行有效,地方政府规章及文件
'浙江省人民政府办公厅关于加快高新技术产业园区转型升级的指导意见',浙江省人民政府办公厅,2012-06-05,现行有效,地方政府规章及文件
'转发《财政部、海关总署、国家税务总局关于进一步扶持新型显示器件产业发展有关税收优惠政策的通知》',广西壮族自治区财政厅;南宁海关;广西壮族自治区国家税务局,2012-06-01,现行有效,地方政府规章及文件
'长兴县人民政府办公室关于印发鼓励服务外包产业发展若干意见的通知',湖州市长兴县人民政府办公室,2012-05-28,现行有效,地方政府规章及文件
'浙江省科学技术厅、浙江省林业厅关于印发《浙江省十县百万亩竹产业效益提升工程实施方案》的通知',浙江省科学技术厅;浙江省林业厅,2012-05-28,现行有效,地方政府规章及文件
'东阳市人民政府办公室关于印发《横店电子产业园区省级知识产权示范创建园区工作实施方案》的通知',东阳市人民政府办公室,2012-05-25,现行有效,地方政府规章及文件
'浙江省科学技术厅、浙江省农业厅关于印发《浙江省十县五十万亩茶产业升级转化工程实施方案》的通知',浙江省科学技术厅;浙江省农业厅,2012-05-25,现行有效,地方政府规章及文件
'关于印发浙江省战略性新兴产业财政专项资金管理暂行办法的通知',浙江省财政厅,2012-05-22,现行有效,地方政府规章及文件
'关于印发《南浔工商分局电梯产业升级行政指导方案》的通知',湖州市工商行政管理局南浔分局,2012-05-16,现行有效,地方政府规章及文件
'江山市人民政府关于加快推进江山市木业加工产业工业设计发展的实施意见的通知',江山市人民政府,2012-05-10,现行有效,地方政府规章及文件
'关于印发浙江省能源科技装备产业发展“十二五”规划的通知',浙江省发展和改革委员会,2012-05-07,现行有效,地方政府规章及文件
'关于印发杭州市产业集群示范区统计监测评价实施办法的通知',杭州市经济和信息化委员会,2012-04-24,现行有效,地方政府规章及文件
'嘉善县人民政府办公室关于印发嘉善县2012年度实施“两大倍增”加快产业提升行动工作方案的通知',嘉兴市嘉善县人民政府办公室,2012-04-18,现行有效,地方政府规章及文件
'浙江省人民政府关于加快构建新型畜牧产业体系促进畜牧业现代化建设的意见',浙江省人民政府,2012-04-17,现行有效,地方政府规章及文件
'杭州市人民政府办公厅关于印发杭州市十大产业发展总体规划(2011－2015年)的通知',杭州市人民政府办公厅,2012-04-16,现行有效,地方政府规章及文件
'舟山市人民政府办公室关于印发浙江舟山群岛新区鼓励类产业指导目录2012年版的通知',舟山市人民政府办公室,2012-04-11,已失效,地方政府规章及文件
'绍兴市人民政府办公室关于印发2012年绍兴市产业升级投资工作实施方案的通知',绍兴市人民政府办公室,2012-03-29,现行有效,地方政府规章及文件
'丽水市人民政府关于大力培育发展战略性新兴产业的实施意见',丽水市人民政府,2012-03-15,现行有效,地方政府规章及文件
'南浔区人民政府办公室关于加快工业产业集群发展的若干意见',湖州市南浔区人民政府办公室,2012-03-01,现行有效,地方政府规章及文件
'陕县人民政府关于印发《陕县加快蔬菜产业发展工作意见》的通知',三门峡市陕县人民政府,2012-02-23,现行有效,地方政府规章及文件
'关于印发浙江省电子信息产业“十二五”发展规划的通知',浙江省发展和改革委员会,2012-02-12,现行有效,地方政府规章及文件
'省级特色工业设计示范基地-衢州慧谷工业设计产业园专项扶持资金管理办法(试行)',衢州市经济和信息化委员会,2012,已失效,地方政府规章及文件
'嘉兴市人民政府办公室关于印发嘉兴市培育战略性新兴产业目标责任制考核办法的通知',嘉兴市人民政府办公室,2011-12-31,现行有效,地方政府规章及文件
'平湖市人民政府关于印发平湖市文化产业发展规划(2011-2015)的通知',平湖市人民政府,2011-12-31,现行有效,地方政府规章及文件
'丽水市莲都区人民政府办公室关于扶持发展处州白莲特色产业实施意见的通知',丽水市莲都区人民政府办公室,2011-12-30,现行有效,地方政府规章及文件
'关于扶持枇杷产业发展实施意见的通知',丽水市莲都区人民政府办公室,2011-12-30,现行有效,地方政府规章及文件
'舟山市人民政府办公室关于印发舟山市扶持和促进茶叶产业发展的若干意见的通知',舟山市人民政府办公室,2011-12-29,已失效,地方政府规章及文件
'关于印发金华市文化事业和产业发展十二五规划的通知',金华市人民政府,2011-11-27,现行有效,地方政府规章及文件
'浙江省体育局关于印发《浙江省体育产业发展规划(2011-2015年)》的通知',浙江省体育局,2011-11-25,现行有效,地方政府规章及文件
'绍兴市人民政府关于加快绍兴市战略性新兴产业功能区建设的意见',绍兴市人民政府,2011-11-09,现行有效,地方政府规章及文件
'关于印发《关于鼓励纺织企业科技创新促进产业集聚升级若干政策的实施细则》的通知',兰溪市科学技术局,2011-11-08,现行有效,地方政府规章及文件
'嘉兴市南湖区人民政府办公室印发《关于促进南湖区股权投资产业发展的若干意见》的通知',嘉兴市南湖区人民政府办公室,2011-11-03,已失效,地方政府规章及文件
'关于印发莲都区碧湖产业区块西区块招商引资优惠政策兑现细则的通知',丽水市莲都区人民政府办公室,2011-11-02,现行有效,地方政府规章及文件
"'关于印发宁波市工业设计与创意产业""十二五""发展专项规划的通知'",宁波市经济和信息化委员会,2011-11-01,现行有效,地方政府规章及文件
"'关于印发宁波市家电产业""十二五""发展专项规划的通知'",宁波市经济和信息化委员会,2011-11-01,现行有效,地方政府规章及文件
"'关于印发宁波市纺织服装产业""十二五""发展专项规划的通知'",宁波市经济和信息化委员会,2011-11-01,现行有效,地方政府规章及文件
'关于印发宁波市汽车及零部件产业“十二五”发展专项规划的通知',宁波市经济和信息化委员会,2011-11-01,现行有效,地方政府规章及文件
"'关于印发宁波市石化产业""十二五""发展专项规划的通知'",宁波市经济和信息化委员会,2011-11-01,现行有效,地方政府规章及文件
'绍兴市人民政府办公室关于加快军民结合产业发展的实施意见',绍兴市人民政府办公室,2011-10-27,现行有效,地方政府规章及文件
'关于印发台州湾循环经济产业集聚区管理委员会主要职责内设机构和人员编制规定的通知',台州市人民政府办公室,2011-10-26,现行有效,地方政府规章及文件
'绍兴市人民政府办公室关于印发绍兴市二三产业转型升级财政专项资金管理暂行办法的通知',绍兴市人民政府办公室,2011-10-25,现行有效,地方政府规章及文件
'杭州市人民政府关于扶持我市十大产业科技创新的实施意见',杭州市人民政府,2011-10-19,现行有效,地方政府规章及文件
'温州市人民政府办公室关于印发温州高新技术产业园区管理委员会主要职责内设机构和人员编制规定的通知',温州市人民政府办公室,2011-10-19,现行有效,地方政府规章及文件
'桐乡市人民政府办公室关于印发桐乡市鼓励企业对口支援新疆沙雅县产业发展若干政策意见的通知',桐乡市人民政府办公室,2011-09-19,现行有效,地方政府规章及文件
'绍兴市人民政府办公室关于加快推进绍兴市区国内物流产业转型发展的实施意见',绍兴市人民政府办公室,2011-09-16,现行有效,地方政府规章及文件
'关于印发《杭州西湖龙井茶产业发展奖励办法》的通知',中共杭州市委员会;杭州市人民政府农业和农村工作办公室;杭州市人民政府;杭州市财政局,2011-09-13,现行有效,地方政府规章及文件
'诸暨市人民政府办公室转发中国人民银行杭州中心支行、浙江省促进战略性新兴产业发展工作领导小组办公室《关于金融支持浙江省战略性新兴产业发展指导意见》的通知',诸暨市人民政府办公室,2011-09-13,现行有效,地方政府规章及文件
'转发市经信委、财政局《关于做好2011年杭州市重点产业(工业和信息化专项)发展资金项目申报工作的通知》',杭州国家高新技术产业开发区发展和改革局,2011-09-08,现行有效,地方政府规章及文件
"'东阳市人民政府办公室关于印发《浙江横店影视产业实验区""十二五""发展规划》的通知'",东阳市人民政府办公室,2011-08-29,现行有效,地方政府规章及文件
'杭州市人民政府办公厅转发市发改委关于《杭州市2011年产业发展导向目录与空间布局指引》的通知',杭州市人民政府办公厅,2011-08-26,现行有效,地方政府规章及文件
'浙江省经济和信息化委员会关于印发《浙江省产业集群“两化”深度融合试验区实施方案》的通知',浙江省经济和信息化委员会,2011-08-19,现行有效,地方政府规章及文件
'杭州市人民政府办公厅关于印发杭州市战略性新兴产业发展规划（2011－2015年）的通知',杭州市人民政府办公厅,2011-08-08,现行有效,地方政府规章及文件
'嘉兴市秀洲区人民政府关于印发嘉兴市秀洲区战略性新兴产业倍增计划实施意见的通知',嘉兴市秀洲区人民政府,2011-07-30,现行有效,地方政府规章及文件
'关于发挥工商职能作用支持新兴产业加快发展的若干意见',湖州市工商行政管理局南浔分局,2011-07-29,现行有效,地方政府规章及文件
'杭州市人民政府办公厅转发市经信委、市财政局关于《杭州市重点产业（工业和信息化专项）发展资金管理办法（试行）》的通知',杭州市人民政府办公厅,2011-07-28,现行有效,地方政府规章及文件
'嘉兴市人民政府关于印发嘉兴市战略性新兴产业“十二五”发展规划的通知',嘉兴市人民政府,2011-07-08,现行有效,地方政府规章及文件
'嘉兴市人民政府关于印发嘉兴市战略性新兴产业倍增计划实施意见的通知',嘉兴市人民政府,2011-07-08,现行有效,地方政府规章及文件
'关于扶持文化创意产业发展的实施办法',杭州国家高新技术产业开发区管理委员会,2011-07-04,已失效,地方政府规章及文件
'关于发展新兴产业推进自主创新打造人才特区的若干政策',杭州国家高新技术产业开发区管理委员会,2011-07-01,已失效,地方政府规章及文件
'关于向主导产业派遣专家服务团开展“帮企业破解难题助产业转型升级”活动的通知',嘉兴市嘉善县科学技术局,2011-06-22,现行有效,地方政府规章及文件
'浙江省人民政府关于印发浙江省电子商务产业十二五发展规划的通知',浙江省人民政府,2011-06-16,现行有效,地方政府规章及文件
'浙江省人民政府关于印发浙江省十二五城镇住房保障与房地产业发展规划的通知',浙江省人民政府,2011-06-15,现行有效,地方政府规章及文件
'浙江省人民政府关于印发浙江省服务外包产业十二五发展规划的通知',浙江省人民政府,2011-06-14,现行有效,地方政府规章及文件
'南浔区人民政府办公室关于印发湖州南太湖产业集聚区南浔分区管理委员会职能配置内设机构和人员编制规定的通知',湖州市南浔区人民政府办公室,2011-06-10,现行有效,地方政府规章及文件
'湖州市人民政府办公室转发市人行、市银监局、市金融办《关于金融支持全市铅蓄电池产业整治提升若干意见》的通知',湖州市人民政府办公室,2011-06-07,现行有效,地方政府规章及文件
'湖州市人民政府办公室关于印发湖州南太湖产业集聚区管理委员会主要职责内设机构和人员编制规定的通知',湖州市人民政府办公室,2011-06-07,现行有效,地方政府规章及文件
'嘉兴市人民政府办公室关于印发嘉兴市鼓励企业对口支援新疆沙雅县产业发展若干政策意见的通知',嘉兴市人民政府办公室,2011-06-07,现行有效,地方政府规章及文件
'嘉兴市人民政府办公室关于印发嘉兴市促进电影产业繁荣发展实施意见的通知',嘉兴市人民政府办公室,2011-05-16,现行有效,地方政府规章及文件
'关于印发《宁波市工业设计产业发展专项资金使用管理暂行办法》的通知',宁波市经济委员会;宁波市财政局,2011-05-13,现行有效,地方政府规章及文件
'南浔区人民政府办公室转发《湖州市人民政府办公室关于促进湖州市广告产业提升发展实施意见》的通知',湖州市南浔区人民政府办公室,2011-05-11,现行有效,地方政府规章及文件
'关于转发浙江省工商局《关于支持战略性新兴产业加快发展的若干意见》的通知',嘉兴市嘉善县工商行政管理局,2011-05-06,现行有效,地方政府规章及文件
'湖州市人民政府办公室关于印发湖州经济技术开发区（湖州台商投资区湖州高新技术产业园区）管理委员会主要职责内设机构和人员编制规定的通知',湖州市人民政府办公室,2011-05-03,现行有效,地方政府规章及文件
'上虞市人民政府办公室关于进一步加强产业类项目上级财政奖励(补助)资金使用核算管理的通知',上虞市人民政府办公室,2011-05-03,现行有效,地方政府规章及文件
'市经委关于印发杭州市家电产业“十二五”发展规划的通知',杭州市经济委员会,2011-04-28,现行有效,地方政府规章及文件
'衢州市人民政府关于加快推进市区蔬菜产业发展的若干意见',衢州市人民政府,2011-04-28,现行有效,地方政府规章及文件
'关于印发《杭州市农业产业发展技术推广项目和资金管理办法》的通知',杭州市农业局;杭州市财政局,2011-04-25,现行有效,地方政府规章及文件
'关于支持战略性新兴产业加快发展的若干意见',浙江省工商行政管理局,2011-04-12,现行有效,地方政府规章及文件
'关于切实做好全省产业集聚区用地保障工作的通知',浙江省国土资源厅,2011-04-06,现行有效,地方政府规章及文件
'杭州市人民政府办公厅关于加快块状经济向现代产业集群转型升级的实施意见',杭州市人民政府办公厅,2011-03-30,现行有效,地方政府规章及文件
'杭州市人民政府办公厅关于推进旅游产业城乡一体化发展的实施意见',杭州市人民政府办公厅,2011-03-28,现行有效,地方政府规章及文件
'杭州市人民政府办公厅关于推进农业产业城乡一体化发展的实施意见',杭州市人民政府办公厅,2011-03-28,现行有效,地方政府规章及文件
'湖州市人民政府关于进一步做好房地产市场宏观调控工作促进我市房地产业平稳健康发展的实施意见',湖州市人民政府,2011-03-28,现行有效,地方政府规章及文件
'关于印发台州沿海产业标准科技公共服务平台建设工作方案的通知',台州市质量技术监督局,2011-03-28,现行有效,地方政府规章及文件
'关于印发台州市块状产业质量提升工作方案的通知',台州市质量技术监督局,2011-03-28,现行有效,地方政府规章及文件
'绍兴市人民政府关于印发绍兴市战略性新兴产业发展规划（2011—2015年）的通知',绍兴市人民政府,2011-03-28,现行有效,地方政府规章及文件
'关于加快发展特色产业农机专业服务组织的通知',宁波市农业机械化管理局,2011-03-21,现行有效,地方政府规章及文件
'关于印发2011年农业产业工作要点的通知',台州市农业局,2011-03-18,现行有效,地方政府规章及文件
'关于推进兰溪市纺织产业集聚升级工程的实施意见',兰溪市人民政府办公室,2011-03-14,现行有效,地方政府规章及文件
'湖州市人民政府办公室关于促进湖州市广告产业提升发展实施意见',湖州市人民政府办公室,2011-02-28,现行有效,地方政府规章及文件
'关于印发开展“服务沿海产业，促进转型升级”解放思想大讨论活动方案的通知',台州市质量技术监督局,2011-02-22,现行有效,地方政府规章及文件
'温州市人民政府关于印发温州市重大产业项目“一事一议”实施办法的通知',温州市人民政府,2011-02-12,现行有效,地方政府规章及文件
'绍兴市人民政府办公室转发市经信委关于《绍兴市发展战略性新兴产业重点领域导向目录（2011－2012年）》的通知',绍兴市人民政府办公室,2011-02-01,现行有效,地方政府规章及文件
'关于切实推进全市茶产业“一牌化”品牌建设工作的意见',宁波市人民政府办公厅,2011-01-29,现行有效,地方政府规章及文件
'关于推进林业产业提升发展的指导意见',浙江省林业厅,2011-01-27,现行有效,地方政府规章及文件
'嘉兴市人民政府关于加快发展现代产业集群的若干意见',嘉兴市人民政府,2011-01-25,现行有效,地方政府规章及文件
'浙江省人力资源和社会保障厅、浙江省通信管理局转发原人事部、信息产业部《关于印发<通信专业技术人员职业水平评价暂行规定>、<通信专业技术人员初、中级职业水平考试实施办法>的通知》',浙江省人力资源和社会保障厅;浙江省通信管理局,2011-01-17,现行有效,地方政府规章及文件
'浙江省人民政府办公厅关于鼓励服务外包产业加快发展的实施意见',浙江省人民政府办公厅,2011-01-12,现行有效,地方政府规章及文件
'绍兴市人民政府办公室关于印发绍兴市鼓励企业对口支援新疆阿瓦提县产业发展若干政策意见的通知',绍兴市人民政府办公室,2011-01-12,现行有效,地方政府规章及文件
'浙江省人民政府关于印发浙江省文化产业发展规划（2010—2015）的通知',浙江省人民政府,2011-01-07,现行有效,地方政府规章及文件
'关于加快培育发展战略性新兴产业的意见',金华市人民政府,2011,现行有效,地方政府规章及文件
'浙江省人民政府关于印发浙江省核电关联产业发展规划的通知',浙江省人民政府,2010-12-21,现行有效,地方政府规章及文件
'嘉善县人民政府关于推进旅游产业转型升级的实施意见',嘉兴市嘉善县人民政府,2010-12-21,现行有效,地方政府规章及文件
'杭州市人民政府关于促进工业设计产业发展的若干意见',杭州市人民政府,2010-11-20,现行有效,地方政府规章及文件
'关于发布《磐安县制造业产业发展导向目录(2010年本)》的通知',金华市磐安县人民政府,2010-11-16,现行有效,地方政府规章及文件
'杭州市人民政府办公厅关于印发杭州市物联网产业发展规划（2010-2015年）的通知',杭州市人民政府办公厅,2010-11-05,现行有效,地方政府规章及文件
'温州市人民政府办公室关于印发温州市电气等产业转型升级行动方案的通知',温州市人民政府办公室,2010-11-05,现行有效,地方政府规章及文件
'转发《浙江银监局、省经信委、省工业转型升级领导小组办公室关于浙江银行业进一步支持块状经济向现代产业集群转型升级的指导意见》',中国银行业监督管理委员会嘉兴监管分局嘉善办事处;嘉兴市嘉善县经济贸易局,2010-11-03,现行有效,地方政府规章及文件
'浙江省人民政府关于印发浙江省生物产业发展规划的通知',浙江省人民政府,2010-10-22,现行有效,地方政府规章及文件
'杭州市人民政府办公厅转发市经委、市财政局关于《杭州市医药产业发展专项资金管理办法》的通知',杭州市人民政府办公厅,2010-10-14,现行有效,地方政府规章及文件
'浙江省人民政府关于印发浙江省产业集聚区发展总体规划（2011—2020年）的通知',浙江省人民政府,2010-09-21,现行有效,地方政府规章及文件
'上虞市人民政府办公室关于建立市中小企业配套产业园的实施意见',上虞市人民政府办公室,2010-09-13,现行有效,地方政府规章及文件
'江山市人民政府办公室转发市人行《关于进一步促进江山市银行卡产业发展实施方案》的通知',江山市人民政府办公室,2010-08-24,现行有效,地方政府规章及文件
'杭州市人民政府办公厅转发市经委、市财政局关于《杭州市物联网产业发展专项资金管理办法（试行）》的通知',杭州市人民政府办公厅,2010-08-23,现行有效,地方政府规章及文件
'关于印发《宁波市工业设计产业发展专项资金使用管理办法（暂行）》的通知',宁波市经济委员会,2010-08-23,现行有效,地方政府规章及文件
'浙江省人民政府办公厅关于加快发展体育产业的实施意见',浙江省人民政府办公厅,2010-08-03,现行有效,地方政府规章及文件
'温州市鹿城区人民政府办公室关于印发鹿城区服装产业调整提升方案的通知',温州市鹿城区人民政府办公室,2010-07-30,现行有效,地方政府规章及文件
'温州市鹿城区人民政府办公室关于印发鹿城区机械电子产业培育升级方案的通知',温州市鹿城区人民政府办公室,2010-07-30,现行有效,地方政府规章及文件
'温州市鹿城区人民政府办公室关于印发鹿城区特色轻工产业转型升级方案的通知',温州市鹿城区人民政府办公室,2010-07-30,现行有效,地方政府规章及文件
'浦江县人民政府关于印发浦江县旅游产业发展扶持政策的通知',金华市浦江县人民政府,2010-06-28,已失效,地方政府规章及文件
'中共东阳市委、东阳市人民政府关于发展规范提升塑料塑胶产业的若干意见',中共东阳市委;东阳市人民政府,2010-06-13,现行有效,地方政府规章及文件
'关于印发《市质监局与县（市）、区人民政府协作促产业质量提升以及与行业协会联合推进产业升级工作规则》的通知',宁波市质量技术监督局,2010-06-09,现行有效,地方政府规章及文件
'浙江省人民政府办公厅关于促进电影产业繁荣发展的实施意见',浙江省人民政府办公厅,2010-06-08,现行有效,地方政府规章及文件
'关于印发强化科技支撑促进产业优化升级的若干政策的通知',宁波市江北区人民政府办公室,2010-05-31,现行有效,地方政府规章及文件
'关于加快产业结构优化升级推进经济发展方式转型的若干意见',宁波市江北区人民政府,2010-05-31,现行有效,地方政府规章及文件
'关于鼓励和扶持文化创意产业发展的若干意见',富阳市人民政府,2010-05-24,现行有效,地方政府规章及文件
'关于印发《龙湾工商分局服务第三产业发展八条意见》的通知',温州市工商行政管理局龙湾分局,2010-05-17,现行有效,地方政府规章及文件
'关于印发《浙江省现代农业园区林业主导产业示范区和精品园建设方案编制提纲和建设标准》的通知',浙江省林业厅,2010-05-09,现行有效,地方政府规章及文件
'关于印发《杭州市技术标准奖励（资助）项目评审规则（试行）》和《杭州市标准化示范暨块状产业标准化项目管理办法（试行）》的通知',杭州市质量技术监督局,2010-05-06,现行有效,地方政府规章及文件
'关于进一步加强城乡住房保障促进房地产业平稳健康发展的若干意见',慈溪市人民政府,2010-04-22,现行有效,地方政府规章及文件
'温州市鹿城区人民政府办公室关于印发鹿城中心城区功能转变和产业结构优化试点工作行业准入及项目准入导向目录(试行)的通知',温州市鹿城区人民政府办公室,2010-04-16,现行有效,地方政府规章及文件
'南浔区人民政府办公室关于印发南浔区2009-2015年木地板产业发展倍增计划的通知',湖州市南浔区人民政府办公室,2010-04-15,现行有效,地方政府规章及文件
'关于加快我市金融后台服务产业发展的若干意见',宁波市人民政府,2010-04-01,现行有效,地方政府规章及文件
'中共东阳市委、东阳市人民政府关于发展规范提升木雕·红木家具产业的若干意见(试行)',中共东阳市委;东阳市人民政府,2010-04-01,现行有效,地方政府规章及文件
'市经委关于印发加快杭州市墙体材料产业转型升级工作实施办法的通知',杭州市经济委员会,2010-03-31,现行有效,地方政府规章及文件
'关于印发《浙江省产业集聚区发展规划编制导则》的通知',浙江省发展和改革委员会,2010-03-30,现行有效,地方政府规章及文件
'成都市龙泉驿区人民政府办公室转发区农发局关于《龙泉驿区2010年粮经产业双创双建示范工程实施方案》的通知',成都市龙泉驿区人民政府办公室,2010-03-25,现行有效,地方政府规章及文件
'关于2010—2014年农业特色优势产业发展的指导意见',平湖市人民政府,2010-03-25,现行有效,地方政府规章及文件
'江山市人民政府关于印发促进房地产业平稳健康发展实施意见的通知',江山市人民政府,2010-03-19,现行有效,地方政府规章及文件
'绍兴市人民政府办公室关于印发绍兴市产业结构调整导向目录（2010－2011年）的通知',绍兴市人民政府办公室,2010-03-15,现行有效,地方政府规章及文件
'成都市龙泉驿区人民政府关于加快特色效益农业产业基地建设的意见',成都市龙泉驿区人民政府,2010-02-24,现行有效,地方政府规章及文件
'市经委关于印发杭州市家具产业三年行动计划的通知',杭州市经济委员会,2010-02-22,现行有效,地方政府规章及文件
'绍兴市人民政府办公室关于印发绍兴市铜加工产业提升发展规划实施方案的通知',绍兴市人民政府办公室,2010-02-12,现行有效,地方政府规章及文件
'绍兴市人民政府办公室关于印发绍兴市珠宝首饰产业提升发展规划实施方案的通知',绍兴市人民政府办公室,2010-02-12,现行有效,地方政府规章及文件
'杭州市人民政府办公厅关于印发杭州市新材料产业发展专项规划（2009-2015年）的通知',杭州市人民政府办公厅,2010-02-10,现行有效,地方政府规章及文件
'湖州市人民政府办公室关于印发湖州市新能源产业发展规划（2009—2015年）的通知',湖州市人民政府办公室,2010-01-30,现行有效,地方政府规章及文件
'湖州市人民政府办公室关于印发湖州市特色纺织产业振兴升级规划（2009-2015年）的通知',湖州市人民政府办公室,2010-01-30,现行有效,地方政府规章及文件
'湖州市人民政府办公室关于印发湖州市生物医药产业振兴升级规划(2009—2015年)的通知',湖州市人民政府办公室,2010-01-30,现行有效,地方政府规章及文件
'温州市鹿城区人民政府关于印发鹿城中心城区功能转变和产业结构优化试点工作实施方案的通知',温州市鹿城区人民政府,2010-01-23,现行有效,地方政府规章及文件
'转发市经委关于《宁波市工业设计产业发展规划》的通知',宁波市人民政府办公厅,2010-01-22,现行有效,地方政府规章及文件
'诸暨市人民政府关于扶持推进第一产业发展的政策意见',诸暨市人民政府,2010-01-22,现行有效,地方政府规章及文件
'丽水市莲都区人民政府办公室关于印发莲都区碧湖产业区块管理若干意见的通知',丽水市莲都区人民政府办公室,2010-01-12,现行有效,地方政府规章及文件
'关于充分发挥省家电产业转型升级专家服务组作用的通知',慈溪市人民政府办公室,2010-01-11,现行有效,地方政府规章及文件
'湖州市人民政府办公室关于印发湖州市木地板产业振兴升级规划（2009-2015年）的通知',湖州市人民政府办公室,2010-01-07,现行有效,地方政府规章及文件
'宁波市文化产业示范基地评选命名管理办法（试行）',宁波市文化广电新闻出版局,2010,现行有效,地方政府规章及文件
'关于印发2010年度兰溪市第三产业招商引资项目考核细则的通知',兰溪市发展和改革局,2010,现行有效,地方政府规章及文件
'德清县人民政府关于鼓励引进金融机构做强金融产业的若干意见',湖州市德清县人民政府,2009-12-31,现行有效,地方政府规章及文件
'诸暨市人民政府关于提升茶叶产业建设茶业强市的政策意见',诸暨市人民政府,2009-12-31,现行有效,地方政府规章及文件
'湖州市人民政府办公室关于印发湖州市金属管道与不锈钢产业振兴升级规划（2009-2015年）的通知',湖州市人民政府办公室,2009-12-30,现行有效,地方政府规章及文件
'关于加快工业设计产业发展的若干意见',宁波市人民政府,2009-12-30,已失效,地方政府规章及文件
'转发市发改委、市经委关于《宁波市有色金属产业调整和振兴行动计划》的通知',宁波市人民政府办公厅,2009-12-25,已失效,地方政府规章及文件
'关于印发江北区培育“三大千亿支柱产业”工作实施方案的通知',重庆市江北区人民政府办公室,2009-12-17,现行有效,地方政府规章及文件
'杭州市文化广电新闻出版局关于同意成立杭州市版权保护与产业发展促进会的批复',杭州市文化广播电视新闻出版局,2009-12-05,现行有效,地方政府规章及文件
'转发市发改委关于《宁波市石化产业调整和振兴行动计划》的通知',宁波市人民政府办公厅,2009-12-03,已失效,地方政府规章及文件
'浙江省人民政府关于加快推进环保产业发展的意见',浙江省人民政府,2009-11-30,现行有效,地方政府规章及文件
'浙江省科学技术厅关于印发《关于进一步加快高新技术产业园区建设和发展的若干意见》的通知',浙江省科学技术厅,2009-11-23,现行有效,地方政府规章及文件
'关于印发《加快建设台州沿海产业带指导意见》的通知',中共台州市委办公室;台州市人民政府办公室,2009-11-11,现行有效,地方政府规章及文件
'省发改委关于印发《浙江省高技术产业基地建设指导意见（试行）》的通知',浙江省发展和改革委员会,2009-10-29,现行有效,地方政府规章及文件
'关于转发浙江省经作局《关于做好水果产业提升项目实施工作有关要求》的通知',兰溪市农业局,2009-10-26,现行有效,地方政府规章及文件
'乐清市人民政府关于加快铁皮石斛产业发展的若干意见',乐清市人民政府,2009-10-23,现行有效,地方政府规章及文件
'关于下达2009年度宁波市“5+5”产业转型升级技术改造专项项目计划(第二批)的通知',宁波市经济委员会,2009-10-20,现行有效,地方政府规章及文件
'关于沿海产业带建设督查情况的通报',中共台州市委督查室;台州市人民政府督查室,2009-10-11,现行有效,地方政府规章及文件
'中共青川县委、青川县人民政府、浙江省援建指挥部关于加快旅游产业恢复发展的实施意见',中共广元市青川县委;广元市青川县人民政府;浙江省援建青川县指挥部,2009-10,已失效,地方政府规章及文件
'市经委关于印发杭州市工业设计产业发展三年行动计划(2009-2011年)的通知',杭州市经济委员会,2009-09-30,现行有效,地方政府规章及文件
'关于建立宁波市产业基地建设责任体系开展评价考核工作的通知',宁波市实施工业创业创新倍增计划领导小组办公室,2009-09-24,现行有效,地方政府规章及文件
'三锅乡人民政府、乐清市援建指挥部关于印发《乐清市支援三锅乡农业产业援建补助政策补充条款》的通知',广元市青川县三锅乡人民政府;乐清市援建指挥部,2009-09-23,现行有效,地方政府规章及文件
'杭州市人民政府办公厅转发市发改委《关于落实杭州市产业发展导向目录实施意见》的通知',杭州市人民政府办公厅,2009-09-14,现行有效,地方政府规章及文件
'市经委关于印发杭州市LED产业发展三年行动计划的通知',杭州市经济委员会,2009-09-10,现行有效,地方政府规章及文件
'舟山市人民政府办公室关于印发舟山主通道沿线景观农业产业带建设实施意见的通知',舟山市人民政府办公室,2009-09-07,现行有效,地方政府规章及文件
'浙江省人民政府办公厅关于促进蚕桑产业健康发展的若干意见',浙江省人民政府办公厅,2009-08-26,现行有效,地方政府规章及文件
'市经委关于印发杭州市生态化工产业振兴三年行动计划的通知',杭州市经济委员会,2009-08-19,现行有效,地方政府规章及文件
'关于印发《关于促进茶产业发展的实施意见》项目补助实施细则的通知',宁波市林业局,2009-08-17,现行有效,地方政府规章及文件
'市经委关于印发杭州市医药产业振兴三年行动计划的通知',杭州市经济委员会,2009-08-13,现行有效,地方政府规章及文件
'嘉兴市南湖区人民政府关于印发《南湖区加快电气产业集群发展实施意见》的通知',嘉兴市南湖区人民政府,2009-08-13,现行有效,地方政府规章及文件
'杭州市人民政府办公厅关于印发杭州市工艺美术产业五年行动计划(2009—2013年)的通知',杭州市人民政府办公厅,2009-07-17,现行有效,地方政府规章及文件
'中共嵊州市委、嵊州市人民政府关于印发《嵊州电器厨具产业转型升级实施方案》的通知',中共嵊州市委;嵊州市人民政府,2009-07-15,现行有效,地方政府规章及文件
'嘉善县人民政府关于扶持精品花卉产业发展的若干意见',嘉兴市嘉善县人民政府,2009-07-13,现行有效,地方政府规章及文件
'衢州市人民政府办公室转发市人行《关于加快衢州市银行卡产业发展实施意见》的通知',衢州市人民政府办公室,2009-07-10,现行有效,地方政府规章及文件
'温州市人民政府办公室转发市发改委等部门《关于促进温州市中心城区功能转变和产业结构优化实施细则(暂行)》的通知',温州市人民政府办公室,2009-07-09,现行有效,地方政府规章及文件
'湖州市人民政府批转市经委《关于湖州市湖笔产业振兴工作方案》的通知',湖州市人民政府,2009-07-09,现行有效,地方政府规章及文件
'杭州市人民政府办公厅关于印发杭州市纺织服装产业调整振兴三年行动计划(2009-2011)的通知',杭州市人民政府办公厅,2009-07-07,现行有效,地方政府规章及文件
'衢州市人民政府办公室关于整合落实市区柑桔产业转型提升有关政策的通知',衢州市人民政府办公室,2009-07-03,现行有效,地方政府规章及文件
'关于印发兰溪市低收入农户特色产业项目管理办法的通知',兰溪市人民政府办公室,2009-07-03,现行有效,地方政府规章及文件
'温州市龙湾区人民政府办公室关于印发龙湾区第三产业发展工作机制的通知',温州市龙湾区人民政府办公室,2009-06-30,现行有效,地方政府规章及文件
'中共嵊州市委、嵊州市人民政府关于印发《嵊州机械电机产业转型升级实施方案》的通知',中共嵊州市委;嵊州市人民政府,2009-06-29,现行有效,地方政府规章及文件
'关于进一步做好宁波市新兴产业和特色优势产业基地转型升级实施方案编制工作的补充通知',宁波市经济委员会,2009-06-25,现行有效,地方政府规章及文件
'温州市龙湾区人民政府办公室关于印发区第三产业发展工作领导小组扩大会议纪要的通知',温州市龙湾区人民政府办公室,2009-06-24,现行有效,地方政府规章及文件
'丽水市莲都区人民政府办公室关于印发莲都区碧湖产业区块西区块招商引资优惠政策的通知',丽水市莲都区人民政府办公室,2009-06-23,现行有效,地方政府规章及文件
'关于加快服务外包产业发展的若干意见',平湖市人民政府,2009-06-23,现行有效,地方政府规章及文件
'杭州市人民政府关于加快我市汽车产业发展的若干意见',杭州市人民政府,2009-06-09,现行有效,地方政府规章及文件
'关于转发《杭州绕城、沪杭甬、杭浦、杭金衢、杭宁高速公路沿线农业棚舍整治和产业景观带建设实施方案》的通知',杭州市绕城、沪杭甬、杭浦、杭金衢、杭宁高速公路沿线综合整治工作领导小组办公室,2009-06-04,现行有效,地方政府规章及文件
'浙江省人民政府办公厅关于加快块状经济向现代产业集群转型升级的指导意见',浙江省人民政府办公厅,2009-06-01,现行有效,地方政府规章及文件
'关于印发江北区加快发展休闲旅游产业若干意见的通知',宁波市江北区人民政府办公室,2009-05-29,现行有效,地方政府规章及文件
'浙江省人民政府办公厅关于加快发展油茶产业的若干意见',浙江省人民政府办公厅,2009-05-27,现行有效,地方政府规章及文件
'温州市龙湾区人民政府办公室关于印发龙湾区2009年度第三产业发展目标考核办法的通知',温州市龙湾区人民政府办公室,2009-05-25,现行有效,地方政府规章及文件
'舟山市人民政府关于促进我市软件和创意产业发展的若干意见',舟山市人民政府,2009-05-22,已失效,地方政府规章及文件
'绍兴市越城区人民政府办公室关于转发区发改局《越城区产业发展导向目录(2009－2011年)》的通知',绍兴市越城区人民政府办公室,2009-05-18,现行有效,地方政府规章及文件
'关于印发《杭州市低收入农户产业发展项目资金管理办法(试行)》的通知',杭州市联结办公室;杭州市财政局,2009-05-13,现行有效,地方政府规章及文件
'淳安县柑桔产业结构调整优化改造项目扶持办法',杭州市淳安县人民政府办公室,2009-05-12,现行有效,地方政府规章及文件
'嵊州市人民政府办公室转发市人民银行《关于贯彻落实适度宽松货币政策促进三大产业平稳发展的实施意见》的通知',嵊州市人民政府办公室,2009-05-10,现行有效,地方政府规章及文件
'杭州市人民政府办公厅转发《市财政局、市经委关于杭州市汽车产业发展专项资金管理办法(试行)》的通知',杭州市人民政府办公厅,2009-05-08,现行有效,地方政府规章及文件
'浙江省人民政府办公厅关于加快光伏等新能源推广应用与产业发展的意见',浙江省人民政府办公厅,2009-05-07,现行有效,地方政府规章及文件
'关于进一步加快旅游产业发展的若干意见',中共兰溪市委;兰溪市人民政府,2009-04-28,现行有效,地方政府规章及文件
'骑马乡人民政府、永康市援建指挥部关于特色产业恢复发展工作的实施方案',广元市青川县骑马乡人民政府;永康市援建青川县骑马乡指挥部,2009-04-10,现行有效,地方政府规章及文件
'中共开化县委、开化县人民政府关于实施光伏产业高端化项目财政贴息扶持政策的通知',中共衢州市开化县委;衢州市开化县人民政府,2009-03-26,现行有效,地方政府规章及文件
'关于做好结对援建产业帮扶工作的通知',宁波市人民政府办公厅,2009-03-24,现行有效,地方政府规章及文件
'关于批转《淳安县2009年产业发展导向目录》的通知',杭州市淳安县人民政府,2009-03-20,现行有效,地方政府规章及文件
'转发省环保局《关于印发<浙江省化学原料药产业环境准入指导意见>等文件的通知》',温州市龙湾区环境保护局,2009-03-13,现行有效,地方政府规章及文件
'关于稳定发展食用菌产业的意见',金华市磐安县人民政府,2009-03-13,现行有效,地方政府规章及文件
'江山市人民政府办公室关于印发江山市柑桔产业转型提升实施方案的通知',江山市人民政府办公室,2009-03-03,现行有效,地方政府规章及文件
'舟山市人民政府办公室转发舟山经济开发区管委会《关于加快新港工业园区产业集聚若干意见》的通知',舟山市人民政府办公室,2009-03-02,已失效,地方政府规章及文件
'嵊州市人民政府关于推进集群产业电子商务应用工作的实施意见',嵊州市人民政府,2009-03-02,现行有效,地方政府规章及文件
'嵊州市人民政府关于印发嵊州市推进集群产业电子商务应用专项资金管理办法的通知',嵊州市人民政府,2009-03-02,现行有效,地方政府规章及文件
'关于印发水陆运输产业发展考核奖励办法的通知',重庆市涪陵区人民政府江东街道办事处,2009-03-01,现行有效,地方政府规章及文件
'兰溪市人民政府办公室关于印发兰溪市产业发展导向目录的通知',兰溪市人民政府办公室,2009-02-24,现行有效,地方政府规章及文件
'关于下发《淳安县柑桔产业结构调整优化改造规划（2009-2012年）》的通知',杭州市淳安县人民政府办公室,2009-02-23,现行有效,地方政府规章及文件
'杭州市人民政府办公厅关于印发杭州市信息服务业特色产业园认定与管理办法(试行)的通知',杭州市人民政府办公厅,2009-02-18,现行有效,地方政府规章及文件
'浙江省信息产业厅关于印发《浙江省无线电频率台站行政许可审查准则》的通知',浙江省信息产业厅,2009-02-17,现行有效,地方政府规章及文件
'东阳市人民政府办公室关于印发《东阳市农业主导产业规划(2009-2013年)》的通知',东阳市人民政府办公室,2009-02-06,现行有效,地方政府规章及文件
'杭州市人民政府办公厅关于印发杭州市高新技术产业园考核奖励办法(试行)的通知',杭州市人民政府办公厅,2009-02-05,现行有效,地方政府规章及文件
'杭州市人民政府办公厅转发《市发改委关于杭州市2009年产业发展导向目录的通知》的通知',杭州市人民政府办公厅,2009-01-23,已失效,地方政府规章及文件
'温州市龙湾区人民政府关于印发温州民营经济科技产业基地(龙湾)开发建设指挥部工业项目入园导则(试行)的通知',温州市龙湾区人民政府,2009-01-22,现行有效,地方政府规章及文件
'关于印发2009年农业产业基地建设工作方案的通知',宁波市农业局,2009-01-21,现行有效,地方政府规章及文件
'关于印发《关于鼓励文化创意产业发展的若干政策(2009年度)》的通知',杭州经济技术开发区管委会,2009-01-08,现行有效,地方政府规章及文件
'市委办公厅、市政府办公厅关于加快文化创意产业园区建设的若干意见',中共杭州市委办公厅;杭州市人民政府办公厅,2008-12-31,现行有效,地方政府规章及文件
'关于加快推进新兴产业和特色优势产业基地建设的实施意见(试行)',宁波市人民政府,2008-12-27,现行有效,地方政府规章及文件
'浙江省信息产业厅关于发布《浙江省船舶制式电台设置使用管理规定》的通知',浙江省信息产业厅,2008-12-17,现行有效,地方政府规章及文件
'开化县人民政府办公室关于促进我县银行卡产业发展的实施意见',衢州市开化县人民政府办公室,2008-12-10,现行有效,地方政府规章及文件
'江山市人民政府关于印发促进房地产业稳健发展若干意见的通知',江山市人民政府,2008-12-10,已失效,地方政府规章及文件
'转发《市经委关于宁波市高耗能产业差别电价实施意见》的通知',宁波市人民政府办公厅,2008-11-27,现行有效,地方政府规章及文件
'关于扶持柑桔产业发展的若干政策意见',宁波市林业局;宁波市财政局,2008-11-12,现行有效,地方政府规章及文件
'关于印发宁波市优势产业和新兴产业技术进步扶持资金使用管理办法的通知',宁波市经济委员会;宁波市财政局,2008-11-05,现行有效,地方政府规章及文件
'温州市人民政府办公室关于印发温州民营经济科技产业基地产业布局及工业项目入园导则的通知',温州市人民政府办公室,2008-10-24,现行有效,地方政府规章及文件
'中共东阳市委办公室、东阳市人民政府办公室关于印发东阳市六大主导产业发展升级和六个块状经济培育发展三年计划的通知',中共东阳市委办公室;东阳市人民政府办公室,2008-10-24,现行有效,地方政府规章及文件
'温州市鹿城区人民政府关于印发鹿城区制革产业整治改造工程整体实施方案的通知',温州市鹿城区人民政府,2008-09-28,现行有效,地方政府规章及文件
'上虞市人民政府办公室关于促进房地产业稳定发展的若干政策意见',上虞市人民政府办公室,2008-09-28,现行有效,地方政府规章及文件
'关于促进宁波市林特产业发展的若干意见',宁波市林业局,2008-09-27,现行有效,地方政府规章及文件
'桐乡市人民政府关于印发《桐乡市加快新能源产业发展实施意见》的通知',桐乡市人民政府,2008-09-24,现行有效,地方政府规章及文件
'绍兴市越城区人民政府办公室关于进一步加强和规范第三产业投资统计管理工作的意见',绍兴市越城区人民政府办公室,2008-09-18,现行有效,地方政府规章及文件
'关于加快我省军民结合产业发展的意见',浙江省经济贸易委员会,2008-09-12,现行有效,地方政府规章及文件
'关于鼓励创新创业促进产业发展的若干意见(2008年)',杭州高新技术产业开发区管理委员会,2008-09-10,现行有效,地方政府规章及文件
'关于加强工业用地管理优化产业结构的意见',宁波市人民政府办公厅,2008-09-08,现行有效,地方政府规章及文件
'关于印发宁波市加快服务外包产业发展扶持政策实施细则（试行）的通知',宁波市对外贸易经济合作局;宁波市财政局,2008-08-25,现行有效,地方政府规章及文件
'关于印发进一步鼓励企业参与衢州资源与产业合作扶持办法的通知',宁波市江北区人民政府办公室,2008-08-21,现行有效,地方政府规章及文件
'关于加快服务外包产业发展的若干意见',慈溪市人民政府,2008-08-14,已失效,地方政府规章及文件
'关于印发进一步加强土地节约利用工作推进产业结构优化升级若干意见的通知',宁波市江北区人民政府办公室,2008-08-08,现行有效,地方政府规章及文件
'关于印发实施创业创新产业倍增计划若干意见的通知',宁波市江北区人民政府办公室,2008-08-08,现行有效,地方政府规章及文件
'关于组织申报2008年度集成电路产业研究与开发专项资金项目的通知',浙江省信息产业厅,2008-08-07,现行有效,地方政府规章及文件
'关于转发《2008年度集成电路产业研究与开发专项资金申报指南》的通知',浙江省信息产业厅,2008-08-06,现行有效,地方政府规章及文件
'丽水市莲都区人民政府办公室关于印发莲都区2008年竹产业发展扶持政策的通知',丽水市莲都区人民政府办公室,2008-08-04,现行有效,地方政府规章及文件
'关于印发慈溪市工业产业结构调整指导目录（2008—2010年）的通知',慈溪市人民政府办公室,2008-07-21,现行有效,地方政府规章及文件
'中共东阳市委、东阳市人民政府关于扶持来料加工产业发展的若干意见',中共东阳市委;东阳市人民政府,2008-07-02,现行有效,地方政府规章及文件
'湖州市人民政府关于印发湖州市产业发展导向目录(2008-2010年)的通知',湖州市人民政府,2008-06-26,现行有效,地方政府规章及文件
'千岛湖姜家文化创意产业发展工作纲要',杭州市淳安县人民政府,2008-06-10,现行有效,地方政府规章及文件
'关于加快宁波市服务外包产业发展的若干意见',宁波市人民政府,2008-06-03,现行有效,地方政府规章及文件
'关于公布2008年浙江省信息产业优势企业名单的通知',浙江省信息产业厅,2008-06-02,现行有效,地方政府规章及文件
'温州市人民政府办公室关于印发温州市农业特色优势产业强乡强镇认定管理暂行办法的通知',温州市人民政府办公室,2008-05-29,现行有效,地方政府规章及文件
'关于鼓励特色潜力休闲产业发展的若干意见',杭州市淳安县人民政府,2008-05-21,现行有效,地方政府规章及文件
'关于印发《宁波市软件产业发展专项资金管理暂行办法》的通知',宁波市信息产业局;宁波市财政局,2008-05-16,现行有效,地方政府规章及文件
'温州市龙湾区人民政府办公室关于印发龙湾区2008年度第三产业发展目标考核办法的通知',温州市龙湾区人民政府办公室,2008-05-13,现行有效,地方政府规章及文件
'嘉兴市南湖区人民政府嘉兴市南湖区工业产业结构调整指导目录的通知',嘉兴市南湖区人民政府,2008-05-12,现行有效,地方政府规章及文件
'关于印发第十届浙江投资贸易洽谈会第七届中国国际日用消费品博览会暨金华(宁波)汽车产业展览会磐安分团工作方案的通知',金华市磐安县人民政府办公室,2008-05-06,现行有效,地方政府规章及文件
'关于坚持二三产业并举加快推进都市经济强区建设的若干意见',宁波市江北区人民政府,2008-04-30,现行有效,地方政府规章及文件
'重庆市江北区人民政府关于印发重庆市江北区创意产业发展规划纲要的通知',重庆市江北区人民政府,2008-04-23,现行有效,地方政府规章及文件
'重庆市江北区人民政府关于印发重庆市江北区创意产业基地认定办法（试行）的通知',重庆市江北区人民政府,2008-04-23,现行有效,地方政府规章及文件
'关于印发陈敏尔常务副省长在国家高技术产业基地交接牌仪式上讲话的通知',浙江省发展和改革委员会,2008-04-22,现行有效,地方政府规章及文件
'关于印发《杭州市文化创意产业八大重点行业统计分类》的通知',杭州市文化创意产业指导委员会,2008-04-15,现行有效,地方政府规章及文件
'关于印发宁波市大学科技园创意产业基地管理办法（试行）的通知',宁波市镇海区人民政府办公室,2008-04-07,现行有效,地方政府规章及文件
'中共东阳市委东、阳市人民政府关于加快横店影视产业实验区发展的若干意见',中共东阳市委;东阳市人民政府,2008-04-03,现行有效,地方政府规章及文件
'湖州市发展和改革委员会关于转发《2008年浙江省高技术产业发展计划》的通知',湖州市发展和改革委员会,2008-04-01,现行有效,地方政府规章及文件
'重庆市江北区人民政府办公室关于印发江北区大力实施产业驱动战略加快商贸流通产业发展考核办法的通知',重庆市江北区人民政府办公室,2008-03-31,现行有效,地方政府规章及文件
'浙江省人民政府办公厅转发省经贸委省食品药品监管局关于促进医药产业持续健康发展意见的通知',浙江省人民政府办公厅,2008-03-29,现行有效,地方政府规章及文件
'关于下达2008年浙江省信息产业科研、新产品试制计划的通知',浙江省信息产业厅,2008-03-19,现行有效,地方政府规章及文件
'关于发布2008年浙江省信息产业专项资金项目指南的通知',浙江省信息产业厅,2008-03-16,现行有效,地方政府规章及文件
'淳安县产业发展导向目录（2008年1月—12月）',杭州市淳安县人民政府,2008-03-12,已失效,地方政府规章及文件
'关于做好2008年度资源与产业合作工作的通知',宁波市人民政府办公厅,2008-03-11,现行有效,地方政府规章及文件
'转发国家发展改革委关于建设北京等30个国家高技术产业基地的通知',浙江省发展和改革委员会,2008-03-06,现行有效,地方政府规章及文件
'关于转发信息产业部《2008年度电子信息产业发展基金招标项目》的函',浙江省信息产业厅,2008-03-03,现行有效,地方政府规章及文件
'转发“关于建设中国信息产业决策支持专家库的通知”',浙江省信息产业厅,2008-03-03,现行有效,地方政府规章及文件
'上虞市人民政府关于推进产业结构调整加快发展现代服务业的若干政策意见',上虞市人民政府,2008-03-01,现行有效,地方政府规章及文件
'转发国家发展改革委办公厅关于组织实施2008年度重大产业技术开发专项的通知',浙江省发展和改革委员会,2008-02-29,现行有效,地方政府规章及文件
'关于柏社乡毛竹产业发展的实施意见',兰溪市柏社乡人民政府,2008-02-28,现行有效,地方政府规章及文件
'绍兴市人民政府关于加快发展农业主导产业的意见',绍兴市人民政府,2008-02-25,现行有效,地方政府规章及文件
'浙江省经济贸易委员会关于印发磐安县中药产业发展规划论证会议纪要的通知',浙江省经济贸易委员会,2008-02-20,现行有效,地方政府规章及文件
'浙江省经济贸易委员会关于印发衢州市中药产业发展规划论证会议纪要的通知',浙江省经济贸易委员会,2008-02-20,现行有效,地方政府规章及文件
'浙江省经济贸易委员会关于印发丽水市中药产业发展规划论证会议纪要的通知',浙江省经济贸易委员会,2008-02-20,现行有效,地方政府规章及文件
'关于扶持发展街道第三产业经济若干政策的意见',中共嘉兴市秀洲区高照街道工作委员会;嘉兴市秀洲区人民政府高照街道办事处,2008-02-20,现行有效,地方政府规章及文件
'旧馆镇人民政府关于加快工业经济发展提升产业结构有关奖励政策的通知',湖州市南浔区旧馆镇人民政府,2008-02-18,现行有效,地方政府规章及文件
'宁波市产业损害预警机制建设实施意见',宁波市经济委员会,2008-02-15,现行有效,地方政府规章及文件
'安吉县人民政府关于印发安吉县工业投资产业导向目录的通知',安吉县人民政府,2008-02-14,现行有效,地方政府规章及文件
'绍兴市人民政府办公室关于转发市发展改革委《绍兴市产业发展导向目录（2008—2009年）》的通知',绍兴市人民政府办公室,2008-02-05,现行有效,地方政府规章及文件
'金华市人民政府关于加快汽车产业发展的若干意见',金华市人民政府,2008-02-04,现行有效,地方政府规章及文件
'浙江省科学技术厅关于开展2008年高新技术特色产业基地申报认定工作的通知',浙江省科学技术厅,2008-02-01,现行有效,地方政府规章及文件
'关于表彰浙江省信息产业科技创新先进集体和先进个人的通报',浙江省信息产业厅,2008-02-01,现行有效,地方政府规章及文件
'转发国家发展改革委办公厅关于2007年度重大产业技术开发专项项目的复函',浙江省发展和改革委员会,2008-01-08,现行有效,地方政府规章及文件
'中共杭州市委、杭州市人民政府关于打造全国文化创意产业中心的若干意见',中共杭州市委;杭州市人民政府,2008-01-08,现行有效,地方政府规章及文件
'关于鼓励服务外包产业发展的若干政策(试行)',杭州经济技术开发区管委会,2008,现行有效,地方政府规章及文件
'浙江省科学技术厅关于同意建立永康汽车摩托车及零部件等八个省级高新技术特色产业基地的批复',浙江省科学技术厅,2007-12-20,现行有效,地方政府规章及文件
'安吉县人民政府办公室转发县地税局关于《安吉县房地产业税收征收管理暂行办法》的通知',安吉县人民政府办公室,2007-12-04,现行有效,地方政府规章及文件
'关于组织申报2008年度电子信息产业发展基金项目的通知',浙江省信息产业厅,2007-12-03,现行有效,地方政府规章及文件
'嵊州市人民政府办公室关于印发嵊州市第三产业(服务业)单位清查实施方案的通知',嵊州市人民政府办公室,2007-11-21,已失效,地方政府规章及文件
'浙江省宁波市人民政府关于加快推进都市产业及相关服务业发展的若干意见',宁波市人民政府,2007-11-15,现行有效,地方政府规章及文件
"'桐乡市人民政府关于印发《桐乡市""十一五""工业产业结构调整指导意见》的通知'",桐乡市人民政府,2007-11-07,现行有效,地方政府规章及文件
'桐乡市人民政府关于印发《桐乡市工业产业结构调整指导目录》的通知',桐乡市人民政府,2007-11-07,现行有效,地方政府规章及文件
'关于认定聚光科技（杭州）有限公司等5家企业为第八批浙江省信息产业技术研究发展中心的通知',浙江省信息产业厅,2007-11-02,现行有效,地方政府规章及文件
'关于鼓励创新创业促进产业发展的若干意见',杭州高新技术产业开发区管理委员会,2007-09-30,现行有效,地方政府规章及文件
'关于进一步加快竹产业发展的意见',衢州市衢江区人民政府,2007-09-30,已失效,地方政府规章及文件
'嵊州市人民政府办公室关于培育小笼包产业发展的实施意见',嵊州市人民政府办公室,2007-09-12,现行有效,地方政府规章及文件
'中共温州市委、温州市人民政府关于温州民营经济科技产业基地建设的若干意见',中共温州市委;温州市人民政府,2007-09-03,现行有效,地方政府规章及文件
'关于转发2007年度集成电路产业研究与开发专项资金申报指南的通知',浙江省发展和改革委员会,2007-08-31,现行有效,地方政府规章及文件
'关于转发《2007年度集成电路产业研究与开发专项资金申报指南》的通知',浙江省信息产业厅,2007-08-21,现行有效,地方政府规章及文件
'绍兴市人民政府关于优化市区产业结构加快现代服务业发展的意见',绍兴市人民政府,2007-08-19,现行有效,地方政府规章及文件
'杭州市人民政府办公厅关于鼓励和扶持动漫游戏产业发展的补充意见',杭州市人民政府办公厅,2007-08-07,现行有效,地方政府规章及文件
'关于印发镇海区促进创意产业发展若干政策的通知',宁波市镇海区人民政府,2007-08-03,现行有效,地方政府规章及文件
'转发国家发改委、国家开发银行关于印发共同推动我国生物产业融资工作意见的通知',浙江省发展和改革委员会,2007-07-30,现行有效,地方政府规章及文件
'舟山市人民政府关于舟山市海洋旅游产业发展总体规划的实施意见',舟山市人民政府,2007-07-30,现行有效,地方政府规章及文件
'温州市鹿城区人民政府办公室关于印发浙江温州鹿城轻工产业园区管理委员会职能配置、内设机构和人员编制规定的通知',温州市鹿城区人民政府办公室,2007-07-30,现行有效,地方政府规章及文件
'杭州市人民政府办公厅转发市经委市财政局关于杭州市医药产业发展资金管理办法的通知',杭州市人民政府办公厅,2007-07-19,已失效,地方政府规章及文件
'金华市人民政府关于印发《金华市“十一五”产业集群发展规划》的通知',金华市人民政府,2007-07-19,现行有效,地方政府规章及文件
'中共开化县委、开化县人民政府关于加快硅产业集聚发展的若干意见(试行)',中共衢州市开化县委;衢州市开化县人民政府,2007-07-16,现行有效,地方政府规章及文件
'杭州市人民政府办公厅关于促进杭州市服务外包产业发展的若干意见',杭州市人民政府办公厅,2007-06-22,现行有效,地方政府规章及文件
'杭州市经委关于印发杭州市产业损害预警工作实施意见的通知',杭州市经济委员会,2007-06-18,现行有效,地方政府规章及文件
'衢州市人民政府关于促进市区房地产业稳定健康发展的试行意见',衢州市人民政府,2007-06-10,现行有效,地方政府规章及文件
'温州市龙湾区人民政府办公室关于印发龙湾区2007年度第三产业发展目标考核办法的通知',温州市龙湾区人民政府办公室,2007-05-25,现行有效,地方政府规章及文件
'江山市人民政府办公室转发市质监局等部门关于《江山市消防器材产业质量专项整治行动实施方案》的通知',江山市人民政府办公室,2007-05-22,现行有效,地方政府规章及文件
'关于印发《磐安县制造业产业导向目录》的通知',金华市磐安县人民政府办公室,2007-05-20,现行有效,地方政府规章及文件
'湖州市人民政府办公室转发人行湖州中支等部门《关于加快我市银行卡产业发展的若干意见》的通知',湖州市人民政府办公室,2007-05-15,现行有效,地方政府规章及文件
'宁波市人民政府关于进一步加快软件产业发展的意见',宁波市人民政府,2007-04-30,现行有效,地方政府规章及文件
'衢州市人民政府关于加快竹产业发展的若干意见',衢州市人民政府,2007-04-29,现行有效,地方政府规章及文件
'嘉兴市人民政府关于印发嘉兴市推进软件产业发展若干意见的通知',嘉兴市人民政府,2007-04-25,现行有效,地方政府规章及文件
'浙江省人民政府关于加快发展农业主导产业推进现代农业建设的若干意见',浙江省人民政府,2007-04-17,现行有效,地方政府规章及文件
'湖州市发展和改革委员会关于转发《2007年浙江省高技术产业发展计划》的通知',湖州市发展和改革委员会,2007-04-05,现行有效,地方政府规章及文件
'温州市人民政府办公室印发关于进一步增强自主创新能力促进产业升级的实施方案的通知',温州市人民政府办公室,2007-03-26,现行有效,地方政府规章及文件
'关于嘉兴市滨海新区产业发展规划的通知',嘉兴市人民政府办公室,2007-03-23,现行有效,地方政府规章及文件
'温州市人民政府办公室关于印发温州市“十一五”工业产业升级规划的通知',温州市人民政府办公室,2007-03-03,现行有效,地方政府规章及文件
'上虞市人民政府办公室关于加快汽车零部件产业发展的若干意见',上虞市人民政府办公室,2007-03-02,现行有效,地方政府规章及文件
'浙江省信息产业厅、浙江省工商行政管理局、浙江省通信管理局关于开展移动电话机售后服务市场专项检查的通知',浙江省信息产业厅;浙江省工商行政管理局;浙江省通信管理局,2007-02-28,现行有效,地方政府规章及文件
'江山市人民政府办公室关于做好2007年食用菌产业发展工作的通知',江山市人民政府办公室,2007-02-16,现行有效,地方政府规章及文件
'温州市鹿城区人民政府关于印发鹿城区产业发展规划(2006-2020年)的通知',温州市鹿城区人民政府,2007-02-05,现行有效,地方政府规章及文件
'台州市人民政府关于印发台州市产业布局规划（2006年——2020年）的通知',台州市人民政府,2007-01-18,现行有效,地方政府规章及文件
'三门峡市人民政府办公室关于加快三门峡市银行卡产业发展的实施意见',三门峡市人民政府办公室,2007-01-09,现行有效,地方政府规章及文件
'舟山市人民政府办公室转发人行舟山市中心支行关于舟山市银行卡产业发展意见的通知',舟山市人民政府办公室,2006-11-30,现行有效,地方政府规章及文件
'温州市人民政府办公室关于印发温州市先进制造业基地建设产业导向目录（2006年本）的通知',温州市人民政府办公室,2006-11-28,现行有效,地方政府规章及文件
'杭州市人民政府办公厅转发市农业局等部门关于杭州市优势特色农业产业带建设项目和资金管理办法的通知',杭州市人民政府办公厅,2006-11-20,现行有效,地方政府规章及文件
'丽水市人民政府关于加快食用菌产业升级发展的若干意见',丽水市人民政府,2006-10-12,现行有效,地方政府规章及文件
'关于印发《宁波市农业产业布局规划》的通知',宁波市人民政府办公厅,2006-10-11,现行有效,地方政府规章及文件
'吴兴区人民政府关于印发扶持农业产业化经营加快实施农村产业发展工程若干政策的通知',湖州市吴兴区人民政府,2006-10-08,现行有效,地方政府规章及文件
'杭州市人民政府关于杭州市优势特色农业产业带建设的实施意见',杭州市人民政府,2006-09-30,现行有效,地方政府规章及文件
'温州市鹿城区人民政府办公室关于扶持和培育电子信息产业发展的通知',温州市鹿城区人民政府办公室,2006-09-29,现行有效,地方政府规章及文件
'江山市人民政府办公室转发市质监局等部门关于《江山市消防器材产业质量专项整治行动实施方案》的通知',江山市人民政府办公室,2006-09-13,现行有效,地方政府规章及文件
'关于印发嘉兴市房地产业发展规划的通知',嘉兴市人民政府,2006-09-09,现行有效,地方政府规章及文件
'关于印发《台州市加快沿海产业带建设考核暂行办法》的通知',中共台州市委办公室;台州市人民政府办公室,2006-09-01,现行有效,地方政府规章及文件
'浙江省发展和改革委员会关于印发《浙江省高技术产业发展项目管理办法》的通知',浙江省发展和改革委员会,2006-08-23,现行有效,地方政府规章及文件
'浙江省财政厅、浙江省信息产业厅关于印发《浙江省信息服务业发展专项资金管理办法》的通知',浙江省财政厅;浙江省信息产业厅,2006-08-07,现行有效,地方政府规章及文件
'诸暨市人民政府关于进一步推进休闲旅游产业发展的若干意见',诸暨市人民政府,2006-08-06,现行有效,地方政府规章及文件
'杭州市人民政府办公厅转发市建委关于推进杭州市区住宅产业现代化工作实施意见的通知',杭州市人民政府办公厅,2006-07-31,现行有效,地方政府规章及文件
'金华市人民政府办公室关于印发《金华市信息产业“十一五”发展规划》的通知',金华市人民政府办公室,2006-07-16,现行有效,地方政府规章及文件
'浙江省信息产业厅印发《关于加强我省信息产业技术创新工作的若干意见》的通知',浙江省信息产业厅,2006-06-19,现行有效,地方政府规章及文件
'金华市人民政府关于鼓励和培育电子信息产业发展的若干意见',金华市人民政府,2006-05-26,现行有效,地方政府规章及文件
'绍兴市人民政府办公室关于转发市发展改革委《绍兴市产业发展导向目录（2006—2007年）》的通知',绍兴市人民政府办公室,2006-05-26,现行有效,地方政府规章及文件
'温州市龙湾区人民政府办公室关于印发2006年度第三产业发展目标考核办法的通知',温州市龙湾区人民政府办公室,2006-04-27,现行有效,地方政府规章及文件
'东阳市人民政府办公室关于转发《进一步发展我省银行卡产业的若干意见》的通知',东阳市人民政府办公室,2006-04-25,现行有效,地方政府规章及文件
'江山市人民政府关于印发《进一步促进房地产业健康发展的意见》的通知',江山市人民政府,2006-04-21,现行有效,地方政府规章及文件
'桐乡市人民政府关于促进房地产业持续健康发展的若干意见',桐乡市人民政府,2006-03-28,现行有效,地方政府规章及文件
'衢州市人民政府关于印发衢州市“345”特色农业产业发展规划（2006—2010年）的通知',衢州市人民政府,2006-03-10,现行有效,地方政府规章及文件
'批转《淳安县产业发展导向目录（2006年1月—12月）》的通知',杭州市淳安县人民政府,2006-03-10,现行有效,地方政府规章及文件
'重庆市江北区人民政府关于进一步加大商贸拉动战略实施力度加快商贸流通产业发展的意见',重庆市江北区人民政府,2006-03-07,现行有效,地方政府规章及文件
'关于转发《金华市先进制造业基地产业导向目录》的通知',兰溪市人民政府办公室,2006-02-13,现行有效,地方政府规章及文件
'嘉兴市人民政府办公室关于印发嘉兴市第三产业企业排名评选试行办法的通知',嘉兴市人民政府办公室,2006-01-25,现行有效,地方政府规章及文件
'嘉兴市人民政府办公室关于扶持家禽产业健康发展的意见',嘉兴市人民政府办公室,2006-01-12,现行有效,地方政府规章及文件
'中共金华市委、金华市人民政府关于培育产业集群提升工业经济竞争力的若干意见',中共金华市委;金华市人民政府,2006,现行有效,地方政府规章及文件
