'湖南省人民代表大会常务委员会关于批准《长沙高新技术产业开发区条例》的决定',湖南省人民代表大会常务委员会,2014-11-26,现行有效,地方性法规及文件
'中共常德市委关于大力实施开放强市产业立市战略的若干意见',中共常德市委,2017,现行有效,团体规定
'关于加快产业园区发展的意见',中共湘西土家族苗族自治州委,2011-06-20,现行有效,团体规定
'关于加快推进文化产业发展的决定',中共湘西土家族苗族自治州委,2010-07-15,现行有效,团体规定
'关于进一步加快凤凰文化旅游产业发展的意见',中共湘西土家族苗族自治州委,2010,现行有效,团体规定
'中共蓝山县委关于加快承接产业转移工作的决定',中共永州市蓝山县委,2008,现行有效,团体规定
'湖南省人民政府办公厅关于持续推动移动互联网产业高质量发展加快做强做大数字产业的若干意见',湖南省人民政府办公厅,2020-11-24,现行有效,地方政府规章及文件
'湖南省人民政府关于推进全省产业园区高质量发展的实施意见',湖南省人民政府,2020-07-14,现行有效,地方政府规章及文件
'湖南省人民政府关于印发《湘南湘西承接产业转移示范区发展规划》的通知',湖南省人民政府,2020-02-24,现行有效,地方政府规章及文件
'湖南省人民政府办公厅关于印发《加快第五代移动通信产业发展的若干政策》的通知',湖南省人民政府办公厅,2020-02-21,现行有效,地方政府规章及文件
'湖南省人民政府办公厅关于政府性融资担保体系支持小微企业、“三农”和战略性新兴产业发展的实施意见',湖南省人民政府办公厅,2019-12-31,现行有效,地方政府规章及文件
'湖南省人民政府关于加快推进农业机械化和农机装备产业转型升级的实施意见',湖南省人民政府,2019-12-07,现行有效,地方政府规章及文件
'湖南省人民政府办公厅关于印发《湖南省支持省级特色产业小镇发展的政策意见(2019—2021年)》的通知',湖南省人民政府办公厅,2019-11-01,现行有效,地方政府规章及文件
'资阳市人民政府办公室关于印发资阳市贯彻落实四川省人民政府关于推进“5+1”产业金融体系建设的意见分工方案的通知',资阳市人民政府办公室,2019-09-19,现行有效,地方政府规章及文件
'永州市人民政府办公室关于印发《永州市承接产业转移示范区发展规划(2019-2025年)》的通知',永州市人民政府办公室,2019-08-20,现行有效,地方政府规章及文件
'资阳市人民政府关于印发资阳市聚焦“5+n”产业加快工业转型升级推动高质量发展政策的通知',资阳市人民政府,2019-04-08,现行有效,地方政府规章及文件
'资阳市人民政府办公室关于优化制造业优势产业布局的指导意见',资阳市人民政府办公室,2019-04-08,现行有效,地方政府规章及文件
'资阳市人民政府办公室关于印发资阳市2019年度推进竹产业高质量发展工作方案的通知',资阳市人民政府办公室,2019-03-15,现行有效,地方政府规章及文件
'娄底市人民政府办公室关于加速推进产业园区改革和创新发展的实施意见',娄底市人民政府办公室,2019-01-16,现行有效,地方政府规章及文件
'资阳市人民政府办公室转发《四川省人民政府办公厅关于加快推进农业供给侧结构性改革大力发展粮食产业经济的实施意见》的通知',资阳市人民政府办公室,2019-01-02,现行有效,地方政府规章及文件
'常德市人民政府关于印发《促进军民融合产业发展的若干政策措施》的通知',常德市人民政府,2018-12-27,现行有效,地方政府规章及文件
'永州市人民政府关于深入实施农业“十百千”工程促进产业兴旺三年行动计划(2018—2020年)的意见',永州市人民政府,2018-12-14,现行有效,地方政府规章及文件
'湘潭市人民政府办公室关于加快发展粮食产业经济的实施意见',湘潭市人民政府办公室,2018-12-07,现行有效,地方政府规章及文件
'湘潭市人民政府办公室关于支持机器人产业发展的实施意见',湘潭市人民政府办公室,2018-12-03,现行有效,地方政府规章及文件
'湘潭市人民政府办公室关于印发《加快推进湘潭昭山文化产业园发展的若干政策措施》的通知',湘潭市人民政府办公室,2018-11-15,现行有效,地方政府规章及文件
'永州市人民政府办公室关于印发《永州市科技服务产业发展十条措施》的通知',永州市人民政府办公室,2018-11-12,现行有效,地方政府规章及文件
'湖南省人民政府办公厅关于加快推进粮食产业经济发展的实施意见',湖南省人民政府办公厅,2018-10-16,现行有效,地方政府规章及文件
'益阳市人民政府关于深入推进现代农业“131千亿级产业”工程促进产业兴旺的意见',益阳市人民政府,2018-10-12,现行有效,地方政府规章及文件
'常德市人民政府关于优化全市园区产业布局的指导意见',常德市人民政府,2018-09-28,现行有效,地方政府规章及文件
'关于促进株洲工业设计产业发展的实施意见',株洲市经济和信息化委员会;株洲市财政局,2018-08-21,现行有效,地方政府规章及文件
'湘潭市人民政府办公室关于印发《湘潭市招商引资重大产业项目投资企业承诺制试行办法》的通知',湘潭市人民政府办公室,2018-08-03,已失效,地方政府规章及文件
'娄底市人民政府关于印发《关于促进产业兴旺的实施方案》的通知',娄底市人民政府,2018-05-31,现行有效,地方政府规章及文件
'汨罗市人民政府办公室关于加快油茶产业发展的实施意见',汨罗市人民政府办公室,2018-05-25,现行有效,地方政府规章及文件
'湖南省人民政府关于深入推进农业“百千万”工程促进产业兴旺的意见',湖南省人民政府,2018-04-10,现行有效,地方政府规章及文件
'湘乡市人民政府关于印发《湘乡市促进产业发展奖励办法》的通知',湘乡市人民政府,2018-04-08,已失效,地方政府规章及文件
'湘潭市人民政府关于支持海泡石产业发展的意见',湘潭市人民政府,2018-03-26,现行有效,地方政府规章及文件
'湘乡市人民政府关于促进房地产业健康发展的若干意见',湘乡市人民政府,2018-03-20,现行有效,地方政府规章及文件
'浏阳市文化产业园管委会关于印发《2018年安全生产打非治违“春雷百日行动”工作方案》的通知',浏阳市文化产业园管理委员会,2018-03-12,已失效,地方政府规章及文件
'益阳市人民政府办公室关于印发《益阳市十大工业新兴优势产业链推进方案》的通知',益阳市人民政府办公室,2018-03-07,现行有效,地方政府规章及文件
'湖南省人民政府办公厅关于加快推进产业园区改革和创新发展的实施意见',湖南省人民政府办公厅,2018-03-06,现行有效,地方政府规章及文件
'娄底市人民政府关于建设国家产业转型升级示范区新材料新能源基地的若干意见',娄底市人民政府,2018-02-06,现行有效,地方政府规章及文件
'湖南省人民政府关于加快发展康复辅助器具产业的实施意见',湖南省人民政府,2018-01-25,现行有效,地方政府规章及文件
'资兴市人民政府关于印发《促进五大融合加快发展健康产业实施方案》的通知',资兴市人民政府,2018-01-02,现行有效,地方政府规章及文件
'湘潭市人民政府关于印发《湘潭市装备制造产业发展五年规划(2017—2021年)及三年行动计划(2017—2019年)》的通知',湘潭市人民政府,2017-12-29,现行有效,地方政府规章及文件
'湘潭市人民政府关于印发《湘潭市汽车产业发展五年规划(2017—2021年)及三年行动计划(2017—2019年)》的通知',湘潭市人民政府,2017-12-29,现行有效,地方政府规章及文件
'湖南省人民政府办公厅关于支持马栏山视频文创产业园建设发展的若干意见',湖南省人民政府办公厅,2017-12-26,现行有效,地方政府规章及文件
'资阳市人民政府办公室关于印发资阳市推进产业园区创新改革发展工作方案的通知',资阳市人民政府办公室,2017-12-26,现行有效,地方政府规章及文件
'益阳市人民政府关于促进五大融合加快发展健康产业的实施意见',益阳市人民政府,2017-12-10,现行有效,地方政府规章及文件
'益阳市人民政府办公室关于促进医药产业健康发展的实施意见',益阳市人民政府办公室,2017-12-10,现行有效,地方政府规章及文件
'湘潭市人民政府办公室关于推进农村一二三产业融合发展的实施意见',湘潭市人民政府办公室,2017-12-03,现行有效,地方政府规章及文件
'汨罗市人民政府关于印发《长沙经开区汨罗产业园招商引资办法》的通知',汨罗市人民政府,2017-11-15,现行有效,地方政府规章及文件
'涟源市人民政府关于印发《娄底高新技术产业开发区财政管理体制实施办法》的通知',涟源市人民政府,2017-10-31,现行有效,地方政府规章及文件
'永兴县人民政府办公室关于印发《永兴县农业综合开发普惠扶持永兴冰糖橙产业发展试点项目实施方案》的通知',郴州市永兴县人民政府办公室,2017-09-27,现行有效,地方政府规章及文件
'江华瑶族自治县人民政府办公室关于印发《江华瑶族自治县整顿取缔违反法律法规及不符合国家产业政策的粘土砖企业专项行动工作方案》的通知',永州市江华瑶族自治县人民政府办公室,2017-09-18,已失效,地方政府规章及文件
'新宁县人民政府关于实施两个“百千万”工程加快林业特色产业园建设的实施意见',邵阳市新宁县人民政府,2017-08-30,现行有效,地方政府规章及文件
'关于印发《浏阳市烟叶产业精准扶贫实施办法》的通知',浏阳市烤烟生产指导中心,2017-08-16,现行有效,地方政府规章及文件
'湖南省财政厅、湖南省商务厅关于下发《湖南农产品流通产业投资基金管理办法》的通知',湖南省财政厅;湖南省商务厅,2017-08-01,现行有效,地方政府规章及文件
'中共湖南省委办公厅、湖南省人民政府办公厅印发《关于支持贫困地区发展产业扩大就业的若干政策》的通知',中共湖南省委办公厅; 湖南省人民政府办公厅,2017-07-19,已失效,地方政府规章及文件
'湖南省人民政府办公厅关于加快发展健身休闲产业的实施意见',湖南省人民政府办公厅,2017-07-12,现行有效,地方政府规章及文件
'湖南省人民政府办公厅关于促进医药产业健康发展的实施意见',湖南省人民政府办公厅,2017-07-04,现行有效,地方政府规章及文件
'邵东县人民政府办公室关于印发《邵东县产业扶贫贷款贴息管理暂行办法》的通知',邵阳市邵东县人民政府办公室,2017-06-07,已失效,地方政府规章及文件
'湖南省人民政府办公厅关于印发《支持湖南健康产业园核心区建设的若干政策措施》的通知',湖南省人民政府办公厅,2017-06-07,现行有效,地方政府规章及文件
'耒阳市人民政府办公室关于印发《耒阳市2017年做优做强湘米产业项目实施方案》的通知',耒阳市人民政府办公室,2017-05-26,现行有效,地方政府规章及文件
'湘潭市人民政府办公室关于支持槟榔产业持续健康发展若干政策的意见',湘潭市人民政府办公室,2017-05-18,现行有效,地方政府规章及文件
'湖南省财政厅、湖南省商务厅关于印发《湖南省健康养老服务产业投资基金管理办法》的通知',湖南省财政厅;湖南省商务厅,2017-05-05,现行有效,地方政府规章及文件
'麻阳苗族自治县人民政府办公室关于印发《麻阳苗族自治县特色产业扶贫(种养殖业)实施方案》的通知',怀化市麻阳苗族自治县人民政府办公室,2017-05-04,现行有效,地方政府规章及文件
'郴州市粮油产业(2017-2020)四年行动计划',郴州市粮食局,2017-04-25,现行有效,地方政府规章及文件
'江华瑶族自治县财政局关于转发《湖南省财政厅关于下达2017年湘西地区开发产业发展专项资金的通知》的通知',永州市江华瑶族自治县财政局,2017-04-24,现行有效,地方政府规章及文件
'湘潭市人民政府关于保障产业用地促进产业发展的实施意见',湘潭市人民政府,2017-04-21,现行有效,地方政府规章及文件
'湘潭市人民政府关于支持湖南健康产业园核心区建设若干政策的意见',湘潭市人民政府,2017-04-21,现行有效,地方政府规章及文件
'常宁市人民政府办公室关于印发《常宁市五矿有色金属控股有限公司铜铅锌产业基地及深加工关联企业项目征地拆迁补偿方案》的通知',常宁市人民政府办公室,2017-03-31,现行有效,地方政府规章及文件
'湘潭市人民政府办公室关于印发《湘潭市打造“智造谷”培育千亿产业招商引资中介人考核奖励试行办法》的通知',湘潭市人民政府办公室,2017-03-29,现行有效,地方政府规章及文件
'湖南省人民政府办公厅关于推进农村一二三产业融合发展的实施意见',湖南省人民政府办公厅,2017-03-29,现行有效,地方政府规章及文件
'汨罗市人民政府办公室关于印发《汨罗市加快第三产业发展的实施意见》的通知',汨罗市人民政府办公室,2017-03-20,现行有效,地方政府规章及文件
'资阳市人民政府关于加快发展体育产业促进体育消费的实施意见',资阳市人民政府,2017-03-17,现行有效,地方政府规章及文件
'资兴市人民政府办公室关于大力推进森林康养产业发展的通知',资兴市人民政府办公室,2017-03-16,现行有效,地方政府规章及文件
'湖南省财政厅、湖南省发展和改革委员会关于印发《湖南省湘西地区开发产业发展专项资金管理办法》的通知',湖南省财政厅;湖南省发展和改革委员会,2017-03-13,现行有效,地方政府规章及文件
'永兴县人民政府办公室关于印发《永兴县关于加强产业扶贫的实施意见(试行)》的通知',郴州市永兴县人民政府办公室,2017-02-26,现行有效,地方政府规章及文件
'新晃侗族自治县人民政府办公室关于印发《新晃侗族自治县现代农业产业发展专项资金奖补暂行办法》的通知',怀化市新晃侗族自治县人民政府办公室,2017-02-08,现行有效,地方政府规章及文件
'隆回县人民政府办公室关于印发《隆回县建筑业和房地产业税收一体化管理办法》的通知',邵阳市隆回县人民政府办公室,2017-01-20,现行有效,地方政府规章及文件
'湖南省人民政府关于促进五大融合加快发展健康产业的意见',湖南省人民政府,2016-12-30,现行有效,地方政府规章及文件
'娄底市人民政府关于支持发展钢铁深加工及汽车零部件产业的若干意见',娄底市人民政府,2016-12-29,已失效,地方政府规章及文件
'娄底市人民政府办公室关于开展光伏产业扶贫工作的指导意见',娄底市人民政府办公室,2016-11-02,现行有效,地方政府规章及文件
'湖南省粮食局、湖南省财政厅关于印发《2017年粮油千亿产业项目专项资金申报指南》的通知',湖南省粮食局;湖南省财政厅,2016-09-30,现行有效,地方政府规章及文件
'涟源市人民政府办公室关于进一步加强建筑业及房地产业税收征收管理工作的通知',涟源市人民政府办公室,2016-09-23,现行有效,地方政府规章及文件
'娄底市人民政府办公室关于加强整顿治理促进烟花爆竹产业安全发展的意见',娄底市人民政府办公室,2016-09-21,现行有效,地方政府规章及文件
'汨罗市人民政府办公室关于印发汨罗市金融产业扶贫(小额信贷)工作实施方案的通知',汨罗市人民政府办公室,2016-08-25,现行有效,地方政府规章及文件
'资阳市人民政府关于推进房地产供给侧结构性改革促进房地产业持续健康发展的实施意见',资阳市人民政府,2016-06-30,已失效,地方政府规章及文件
'娄底市人民政府关于促进健康产业发展的实施意见',娄底市人民政府,2016-05-25,现行有效,地方政府规章及文件
'娄底市人民政府办公室关于印发《娄底市健康产业发展规划(2016-2020年)》的通知',娄底市人民政府办公室,2016-05-25,现行有效,地方政府规章及文件
'关于印发《2016年粮油千亿产业项目专项资金申报指南》的通知',湖南省财政厅;湖南省粮食局,2016-03-17,现行有效,地方政府规章及文件
'关于印发《湖南省新兴产业发展基金受托管理机构招募和管理办法》的通知',湖南省财政厅,2015-12-22,现行有效,地方政府规章及文件
'中共常德市委办公室、常德市人民政府办公室关于印发《常德市旅游战略性产业三年攻坚行动方案》的通知',中共常德市委办公室;常德市人民政府办公室,2015-11-30,现行有效,地方政府规章及文件
'邵阳市人民政府关于加快油茶产业发展的实施意见',邵阳市人民政府,2015-09-14,现行有效,地方政府规章及文件
'娄底市人民政府关于促进移动互联网产业发展的实施意见',娄底市人民政府,2015-08-07,已失效,地方政府规章及文件
'湘潭市人民政府办公室关于鼓励移动互联网和集成电路产业发展的若干意见',湘潭市人民政府办公室,2015-07-31,已失效,地方政府规章及文件
'怀化市人民政府办公室关于印发《怀化市推进产业园区发展专项资金管理办法》的通知',怀化市人民政府办公室,2015-07-27,现行有效,地方政府规章及文件
'邵阳市人民政府关于推进旅游产业快速发展的实施意见',邵阳市人民政府,2015-07-17,现行有效,地方政府规章及文件
'永州市人民政府关于进一步加快油茶产业发展努力建设油茶强市的意见',永州市人民政府,2015-01-23,现行有效,地方政府规章及文件
'中共常德市委、常德市人民政府关于加快推进桃花源文化旅游产业发展的若干意见',中共常德市委;常德市人民政府,2015,现行有效,地方政府规章及文件
'常德市人民政府办公室关于加快茶叶产业发展的意见',常德市人民政府办公室,2015,现行有效,地方政府规章及文件
'娄底市人民政府关于促进房地产业可持续发展的意见',娄底市人民政府,2014-12-31,已失效,地方政府规章及文件
'永州市人民政府关于发展茶叶产业的意见',永州市人民政府,2014-12-29,现行有效,地方政府规章及文件
'益阳市人民政府办公室关于印发《益阳市支持服务外包电子商务产业发展若干规定》的通知',益阳市人民政府办公室,2014-12-25,已失效,地方政府规章及文件
'怀化市财政局、中共怀化市委宣传部关于印发《怀化市市本级产业文化引导资金管理办法》的通知',怀化市财政局;中共怀化市委宣传部,2014-05-26,现行有效,地方政府规章及文件
'资阳市人民政府办公室关于加快发展现代水产业的通知',资阳市人民政府办公室,2014-04-28,现行有效,地方政府规章及文件
'邵阳市人民政府关于加快推进风电产业发展的意见',邵阳市人民政府,2013-11-19,现行有效,地方政府规章及文件
'永州市人民政府关于加快建设千亿矿产业经济集群的意见',永州市人民政府,2013-08-14,现行有效,地方政府规章及文件
'常德市政府关于印发《常德市文化产业发展规划(2013-2017年)》的通知',常德市人民政府,2013-06-25,现行有效,地方政府规章及文件
'常德市人民政府关于印发《常德市文化产业发展规划(2013-2017年)》的通知',常德市人民政府,2013-06-25,现行有效,地方政府规章及文件
'永州市人民政府办公室关于印发《永州市“十二五”高新技术产业发展和自主创新能力建设规划》的通知',永州市人民政府办公室,2013-01-05,现行有效,地方政府规章及文件
'邵阳市人民政府关于实施粮油深加工及物流百亿产业工程的意见',邵阳市人民政府,2012-07-30,现行有效,地方政府规章及文件
'常德市人民政府关于实施粮油深加工及物流产业工程的意见',常德市人民政府,2012,现行有效,地方政府规章及文件
'江华瑶族自治县人民政府关于2017-2018年油茶产业发展的实施意见',永州市江华瑶族自治县人民政府,2016-11-01,现行有效,地方政府规章及文件
'湘阴县人民政府关于印发《湘阴县大力发展电商产业加快培育经济新增长点实施意见》的通知',岳阳市湘阴县人民政府,2016-09-30,现行有效,地方政府规章及文件
'新晃侗族自治县人民政府办公室关于印发《新晃侗族自治县黄牛文化产业园经营扶持暂行办法》的通知',怀化市新晃侗族自治县人民政府办公室,2016-09-20,现行有效,地方政府规章及文件
'湘阴县人民政府办公室关于印发《湘阴县金融产业扶贫工作实施方案》的通知',岳阳市湘阴县人民政府办公室,2016-09-06,现行有效,地方政府规章及文件
'湖南省人民政府办公厅关于印发《湖南省加快推进产业园区转型升级的实施方案(2016-2018年)》的通知',湖南省人民政府办公厅,2016-07-04,现行有效,地方政府规章及文件
'双峰县人民政府关于印发《双峰县促进电动汽车产业发展的若干政策规定》的通知',娄底市双峰县人民政府,2016-07-04,现行有效,地方政府规章及文件
'宁远县人民政府办公室关于印发《宁远县新型农业经营主体产业扶贫试点工作实施方案》的通知',永州市宁远县人民政府办公室,2016-06-06,现行有效,地方政府规章及文件
'溆浦县人民政府关于加快柑桔产业发展的意见',怀化市溆浦县人民政府,2016-05-23,现行有效,地方政府规章及文件
'中共岳阳市云溪区委办公室、岳阳市云溪区人民政府办公室关于印发岳阳市云溪区2016年重点产业和重点企业帮扶行动方案的通知',中共岳阳市云溪区委办公室;岳阳市云溪区人民政府办公室,2016-05-19,现行有效,地方政府规章及文件
'辰溪县人民政府办公室关于印发《辰溪县工业集中区和生态产业园基础设施建设财政资金使用管理暂行办法》的通知',怀化市辰溪县人民政府办公室,2016-04-11,现行有效,地方政府规章及文件
'湖南省人民政府办公厅关于印发加快轨道交通装备产业发展若干政策措施的通知',湖南省人民政府办公厅,2016-04-07,现行有效,地方政府规章及文件
'中共湘阴县委办公室、湘阴县人民政府办公室关于进一步促进产业园区发展的意见',中共岳阳市湘阴县委办公室;岳阳市湘阴县人民政府办公室,2016-04-01,现行有效,地方政府规章及文件
'湖南省人民政府办公厅关于整合专项资金支持环境治理促进产业发展的通知',湖南省人民政府办公厅,2016-03-22,现行有效,地方政府规章及文件
'湖南省人民政府办公厅关于加强整顿治理促进烟花爆竹产业安全发展的意见',湖南省人民政府办公厅,2016-03-18,现行有效,地方政府规章及文件
'湖南省人民政府办公厅印发《关于支持加快民族地区产业园区建设发展的若干政策》的通知',湖南省人民政府办公厅,2016-03-08,现行有效,地方政府规章及文件
'澧县人民政府办公室关于印发《澧县金融产业扶贫贷款管理办法(试行)》的通知',常德市澧县人民政府办公室,2016-03-03,现行有效,地方政府规章及文件
'中共湘阴县委办公室、湘阴县人民政府办公室关于印发《湘阴县2016年“重大项目会战年”活动暨联手帮促重点企业重点工程及重点产业行动方案》的通知',中共岳阳市湘阴县委办公室;岳阳市湘阴县人民政府办公室,2016-01-20,现行有效,地方政府规章及文件
'湖南省人民政府办公厅关于印发《湖南省战略性新兴产业与新型工业化专项资金管理办法》的通知',湖南省人民政府办公厅,2016-01-07,现行有效,地方政府规章及文件
'双峰县人民政府关于扶持永丰辣酱产业发展的意见',娄底市双峰县人民政府,2015-12-22,现行有效,地方政府规章及文件
'湖南省人民政府关于加快新材料产业发展的意见',湖南省人民政府,2015-12-12,现行有效,地方政府规章及文件
'汝城县人民政府办公室关于印发《汝城县金融产业扶贫试点工作实施方案》的通知',郴州市汝城县人民政府办公室,2015-12-09,现行有效,地方政府规章及文件
'双峰县人民政府关于促进房地产业可持续发展的意见',娄底市双峰县人民政府,2015-11-20,现行有效,地方政府规章及文件
'益阳市资阳区人民政府办公室关于印发《资阳区产业发展引导基金管理细则》的通知',益阳市资阳区人民政府办公室,2015-11-13,现行有效,地方政府规章及文件
'湖南省人民政府办公厅关于印发《湖南省新兴产业发展基金管理办法(试行)》的通知',湖南省人民政府办公厅,2015-10-30,现行有效,地方政府规章及文件
'辰溪县人民政府关于进一步加快生猪产业发展的意见',怀化市辰溪县人民政府,2015-10-25,已失效,地方政府规章及文件
'宁远县人民政府办公室关于印发《宁远县发展文化旅游产业重点县专项资金管理暂行办法》的通知',永州市宁远县人民政府办公室,2015-10-19,现行有效,地方政府规章及文件
'岳阳市云溪区人民政府办公室关于印发湖南岳阳绿色化工产业园项目准入评审暂行办法的通知',岳阳市云溪区人民政府办公室,2015-10-15,现行有效,地方政府规章及文件
'湖南省人民政府办公厅关于劳动密集型企业和产业园区企业吸纳大龄人员就业社会保险缴费试点的通知',湖南省人民政府办公厅,2015-10-10,现行有效,地方政府规章及文件
'关于转发《国家火炬特色产业基地建设管理办法》的通知',湖南省科学技术厅,2015-10-09,现行有效,地方政府规章及文件
'湖南省人民政府关于加快发展体育产业促进体育消费的实施意见',湖南省人民政府,2015-10-08,现行有效,地方政府规章及文件
'江华瑶族自治县人民政府办公室关于印发《江华县金融产业扶贫试点工作实施细则》的通知',永州市江华瑶族自治县人民政府办公室,2015-09-30,现行有效,地方政府规章及文件
'重庆市涪陵区武陵山乡人民政府关于印发武陵山乡推动旅游产业集群发展实施意见的通知',重庆市涪陵区武陵山乡人民政府,2015-09-28,现行有效,地方政府规章及文件
'江华瑶族自治县人民政府办公室关于印发《江华瑶族自治县金融产业扶贫工作实施方案》的通知',永州市江华瑶族自治县人民政府办公室,2015-09-25,已失效,地方政府规章及文件
'湖南省财政厅、湖南省经济和信息化委员会关于印发《湖南省军民融合产业发展专项资金管理办法》的通知',湖南省财政厅;湖南省经济和信息化委员会,2015-09-21,现行有效,地方政府规章及文件
'湖南省财政厅、湖南省商务厅关于印发《湖南省流通产业发展专项资金管理办法》的通知',湖南省财政厅;湖南省商务厅,2015-09-16,现行有效,地方政府规章及文件
'岳阳市云溪区人民政府关于加强岳阳市静脉产业园用地范围管理的通告',岳阳市云溪区人民政府,2015-09-15,现行有效,地方政府规章及文件
'湖南省人民政府办公厅印发《关于进一步支持湘南承接产业转移示范区建设的若干政策措施》的通知',湖南省人民政府办公厅,2015-09-07,现行有效,地方政府规章及文件
'湖南省财政厅、湖南省经济和信息化委员会关于印发《湖南省信息产业和信息化专项资金管理办法》的通知',湖南省财政厅;湖南省经济和信息化委员会,2015-09-07,现行有效,地方政府规章及文件
'蓝山县人民政府关于加强现代农业茶叶综合产业园建设的实施意见',永州市蓝山县人民政府,2015-07-30,现行有效,地方政府规章及文件
'江永县人民政府关于进一步推动油茶产业发展建设油茶强县的意见',永州市江永县人民政府,2015-07-29,现行有效,地方政府规章及文件
'双峰县人民政府办公室关于印发《双峰县金融产业扶贫试点工作实施方案》的通知',娄底市双峰县人民政府办公室,2015-07-09,现行有效,地方政府规章及文件
'湘潭市人民政府办公室关于进一步促进房地产业平稳健康发展的意见',湘潭市人民政府办公室,2015-07-07,已失效,地方政府规章及文件
'辰溪县人民政府办公室关于印发《辰溪县金融产业扶贫贷款贴息资金管理办法》的通知',怀化市辰溪县人民政府办公室,2015-07-06,现行有效,地方政府规章及文件
'辰溪县人民政府办公室关于印发《辰溪县金融产业扶贫风险补偿资金管理办法》的通知',怀化市辰溪县人民政府办公室,2015-07-06,现行有效,地方政府规章及文件
'辰溪县人民政府办公室关于印发《辰溪县金融产业扶贫整体推进工作实施细则》的通知',怀化市辰溪县人民政府办公室,2015-07-06,现行有效,地方政府规章及文件
'湖南省人民政府关于加快发展服务外包产业的实施意见',湖南省人民政府,2015-06-05,现行有效,地方政府规章及文件
'湖南省人民政府关于加快环保产业发展的意见',湖南省人民政府,2015-05-13,现行有效,地方政府规章及文件
'湘潭市人民政府办公室关于加强产业发展扶持资金管理的意见',湘潭市人民政府办公室,2015-05-11,已失效,地方政府规章及文件
'湖南省人民政府办公厅关于印发《湖南省加快环保产业发展实施细则》的通知',湖南省人民政府办公厅,2015-05-06,现行有效,地方政府规章及文件
'江华瑶族自治县人民政府办公室关于印发《关于加快茶叶产业发展的实施意见》的通知',永州市江华瑶族自治县人民政府办公室,2015-04-26,已失效,地方政府规章及文件
'湖南省人民政府办公厅关于印发《湖南省集成电路产业发展规划》(2015-2020年)的通知',湖南省人民政府办公厅,2015-04-22,现行有效,地方政府规章及文件
'宁远县人民政府办公室关于印发《宁远县金融产业扶贫试点工作实施细则》、《金融产业扶贫风险补偿资金管理办法》和《宁远县金融产业扶贫贷款贴息管理办法》的通知',永州市宁远县人民政府办公室,2015-04-12,现行有效,地方政府规章及文件
'乐至县人民政府办公室关于加快川中黑山羊(乐至型)产业发展的意见',资阳市乐至县人民政府办公室,2015-04-06,现行有效,地方政府规章及文件
'关于印发《江华瑶族自治县高新技术矿冶循环经济产业园关于落实领导干部带队检查安全生产工作制度的实施意见》的通知',永州市江华瑶族自治县高新技术矿冶循环经济产业园管理委员会办公室,2015-04-03,现行有效,地方政府规章及文件
'湖南省人民政府办公厅转发省经信委《关于鼓励集成电路产业发展的若干政策》的通知',湖南省人民政府办公厅,2015-03-18,现行有效,地方政府规章及文件
'湖南省财政厅关于印发《湖南省传统产业研发及技改专项资金管理办法》的通知',湖南省财政厅,2015-03-16,现行有效,地方政府规章及文件
'中共湘阴县委办公室、湘阴县人民政府办公室关于印发《湘阴县2015年“项目攻坚年”活动暨联手帮促重点企业重点工程及重点产业工作方案》的通知',中共岳阳市湘阴县委办公室;岳阳市湘阴县人民政府办公室,2015-03-03,现行有效,地方政府规章及文件
'湖南省人民政府办公厅关于进一步推动油茶产业发展的意见',湖南省人民政府办公厅,2015-02-09,现行有效,地方政府规章及文件
'永兴县人民政府关于印发《永兴县加快科技创新驱动产业转型发展的若干规定》的通知',郴州市永兴县人民政府,2015-02-06,现行有效,地方政府规章及文件
'湖南省经济和信息化委员会关于进一步加强产业园区工业经济运行监测协调工作的意见',湖南省经济和信息化委员会,2015-02-05,现行有效,地方政府规章及文件
'关于印发《湖南省移动互联网产业统计报表制度》的通知',湖南省经济和信息化委员会;湖南省移动互联网产业发展联席会议办公室,2015-02-04,现行有效,地方政府规章及文件
'江永县人民政府关于印发《江永县金融产业扶贫试点工作实施细则》的通知',永州市江永县人民政府,2015-02-03,现行有效,地方政府规章及文件
'郴州市财政局、郴州市经济和信息化委员会关于印发《郴州市市本级工业产业引导资金管理暂行办法》的通知',郴州市财政局;郴州市经济和信息化委员会,2015-01-26,现行有效,地方政府规章及文件
'涟源市人民政府办公室关于印发《涟源市金融产业扶贫试点工作实施方案》的通知',涟源市人民政府办公室,2015-01-21,现行有效,地方政府规章及文件
'洞口县人民政府办公室关于印发《洞口县金融产业扶贫试点工作实施细则》的通知',邵阳市洞口县人民政府办公室,2014-12-30,现行有效,地方政府规章及文件
'冷水江市人民政府关于支持全市房地产业平稳健康发展的若干意见',冷水江市人民政府,2014-12-19,已失效,地方政府规章及文件
'永顺县人民政府办公室关于印发《永顺县加快新型墙体材料产业发展的意见》的通知',湘西土家族苗族自治州永顺县人民政府办公室,2014-12-15,现行有效,地方政府规章及文件
'关于加快科技创新驱动产业转型发展的实施意见',郴州市嘉禾县人民政府,2014-12-11,现行有效,地方政府规章及文件
'湖南省人民政府办公厅关于印发《湖南省移动互联网产业发展规划》(2014-2018年)的通知',湖南省人民政府办公厅,2014-12-01,现行有效,地方政府规章及文件
'资兴市人民政府关于进一步加强三文鱼产业规范化管理的意见',资兴市人民政府,2014-11-26,现行有效,地方政府规章及文件
'湖南省人民代表大会常务委员会关于批准《长沙高新技术产业开发区条例》的决定',湖南省人民代表大会常务委员会,2014-11-26,现行有效,地方政府规章及文件
'湖南省经济和信息化委员会关于印发《湖南省软件和信息服务产业园管理办法》的通知',湖南省经济和信息化委员会,2014-11-07,已失效,地方政府规章及文件
'汨罗市人民政府关于加强长沙经开区汨罗(弼时)产业园控建的通告',汨罗市人民政府,2014-11-05,现行有效,地方政府规章及文件
'澧县人民政府关于加快发展旅游产业的意见',常德市澧县人民政府,2014-10-30,现行有效,地方政府规章及文件
'湘潭昭山示范区管理委员会关于印发《湘潭昭山示范区促进电子商务产业发展的若干意见(试行)》的通知',湘潭昭山示范区管理委员会,2014-10-21,已失效,地方政府规章及文件
'湘潭昭山示范区管理委员会关于印发《湘潭昭山示范区加快文化产业发展的若干意见(试行)》的通知',湘潭昭山示范区管理委员会,2014-10-21,已失效,地方政府规章及文件
'关于印发《贯彻落实〈国务院关于加快发展生产性服务业促进产业结构调整升级的指导意见〉的实施方案》的通知',湖南省发展和改革委员会,2014-10-08,现行有效,地方政府规章及文件
'关于印发《湖南省新材料产业产品统计指导目录(2015)》的通知',湖南省统计局;湖南省发展和改革委员会;湖南省经济和信息化委员会,2014-09-17,现行有效,地方政府规章及文件
'江华瑶族自治县人民政府关于印发《江华瑶族自治县加快油茶产业发展奖补办法》的通知',永州市江华瑶族自治县人民政府,2014-09-12,现行有效,地方政府规章及文件
'湖南省人民政府办公厅关于加快中药材产业发展的意见',湖南省人民政府办公厅,2014-09-12,现行有效,地方政府规章及文件
'湖南省林业厅印发《湖南省林业产业龙头企业认定管理办法》的通知',湖南省林业厅,2014-08-25,现行有效,地方政府规章及文件
'湖南省人民政府办公厅关于促进地理信息产业发展的实施意见',湖南省人民政府办公厅,2014-08-22,现行有效,地方政府规章及文件
'宜章县人民政府办公室关于印发《宜章县2014年烟花爆竹产业发展引导资金使用方案》的通知',郴州市宜章县人民政府办公室,2014-08-20,现行有效,地方政府规章及文件
'江华瑶族自治县人民政府办公室关于印发《江华瑶族自治县金融支持、产业带动、精确扶贫的实施意见》的通知',永州市江华瑶族自治县人民政府办公室,2014-08-13,现行有效,地方政府规章及文件
'宜章县人民政府办公室关于印发《宜章县烟花爆竹产业发展引导资金管理暂行办法》的通知',郴州市宜章县人民政府办公室,2014-08-04,现行有效,地方政府规章及文件
'湖南省财政厅、湖南省经济和信息化委员会关于印发《湖南省移动互联网产业发展专项资金管理暂行办法》的通知',湖南省财政厅;湖南省经济和信息化委员会,2014-08-04,现行有效,地方政府规章及文件
'湖南省人民政府办公厅关于加快发展体育产业的实施意见',湖南省人民政府办公厅,2014-07-31,现行有效,地方政府规章及文件
'湖南省商务厅关于印发《湖南省流通产业发展规划(2014－2020年)编制工作方案》的通知',湖南省商务厅,2014-07-25,现行有效,地方政府规章及文件
'湖南省人民政府关于加快文化创意产业发展的意见',湖南省人民政府,2014-07-17,现行有效,地方政府规章及文件
'关于进一步规范和加强湘西地区开发产业发展专项资金支持项目及资金管理的通知',湖南省发展和改革委员会;湖南省财政厅,2014-07-15,现行有效,地方政府规章及文件
'湖南省加速推进新型工业化工作领导小组办公室关于印发《湖南省战略性新兴产业重大关键共性技术发展导向目录(2015)》的通知',湖南省加速推进新型工业化工作领导小组办公室,2014-07-15,现行有效,地方政府规章及文件
'新田县人民政府关于印发《关于规范房地产业，加快推进新型城镇化进程的若干意见(试行)》的通知',永州市新田县人民政府,2014-05-27,已失效,地方政府规章及文件
'宜章县人民政府办公室关于《宜章县煤炭产业扶持引导资金管理使用暂行办法》的通知',郴州市宜章县人民政府办公室,2014-04-14,现行有效,地方政府规章及文件
'娄底市娄星区旅游产业发展领导小组办公室关于印发《娄星区文化旅游业发展年度工作考核办法》的通知',娄底市娄星区旅游产业发展领导小组办公室,2014-04-14,现行有效,地方政府规章及文件
'中共东田镇委员会、东田镇人民政府关于加快我镇制香产业发展的实施方案',中共永州市江华瑶族自治县东田镇委员会;永州市江华瑶族自治县东田镇人民政府,2014-04-03,现行有效,地方政府规章及文件
'江华瑶族自治县人力资源和社会保障局关于印发《江华瑶族自治县人力资源和社会保障局关于服务县高新技术矿冶循环经济产业园的方案》的通知',永州市江华瑶族自治县人力资源和社会保障局,2014-04-02,现行有效,地方政府规章及文件
'溆浦县人民政府关于加快溆浦鹅产业发展的意见',怀化市溆浦县人民政府,2014-04-02,现行有效,地方政府规章及文件
'常宁市人民政府办公室关于印发《水口山金铜综合回收产业升级改造项目安置小区征地拆迁补偿方案》的通知',常宁市人民政府办公室,2014-03-07,现行有效,地方政府规章及文件
'洞口县人民政府办公室关于印发《洞口县产业扶贫到户实施方案》的通知',邵阳市洞口县人民政府办公室,2014-03-02,现行有效,地方政府规章及文件
'宜章县人民政府办公室关于印发《宜章县2014年做优做强湘米产业工作方案》的通知',郴州市宜章县人民政府办公室,2014-03-02,现行有效,地方政府规章及文件
'中共湘阴县委办公室、湘阴县人民政府办公室关于印发《湘阴县强力推进十大产业扩张升级工程十大基础设施建设工程十大民生实事工程实施方案》的通知',中共岳阳市湘阴县委办公室;岳阳市湘阴县人民政府办公室,2014-02-20,现行有效,地方政府规章及文件
'中共湘阴县委办公室、湘阴县人民政府办公室关于印发《湘阴县2014年联手帮促重点企业重点工程及重点产业行动方案》的通知',中共岳阳市湘阴县委办公室;岳阳市湘阴县人民政府办公室,2014-02-20,现行有效,地方政府规章及文件
'湘潭市财政局、中共湘潭市委宣传部、湘潭市文广新局关于印发《湘潭市文化产业引导资金使用管理实施细则(试行)》的通知',湘潭市财政局;中共湘潭市委宣传部;湘潭市文化广电新闻出版局,2014-02-11,现行有效,地方政府规章及文件
'关于湖南临湘工业园滨江产业区建设控制范围的通告',临湘市人民政府,2014-01-13,现行有效,地方政府规章及文件
'常宁市人民政府办公室关于加快中药材产业发展的意见',常宁市人民政府办公室,2014,现行有效,地方政府规章及文件
'关于印发湘西地区开发第三轮产业园区基础设施项目名单的通知',湖南省湘西地区开发领导小组办公室,2013-12-03,现行有效,地方政府规章及文件
'江华瑶族自治县人民政府办公室关于印发《江华瑶族自治县2013年度旅游产业发展考核方案》的通知',永州市江华瑶族自治县人民政府办公室,2013-11-29,现行有效,地方政府规章及文件
'中共嘉禾县委办公室、嘉禾县人民政府办公室关于印发《嘉禾县新型工业化产业引导资金管理办法》的通知',中共郴州市嘉禾县委办公室;郴州市嘉禾县人民政府办公室,2013-11-25,现行有效,地方政府规章及文件
'溆浦县人民政府关于加快竹产业发展的实施意见',怀化市溆浦县人民政府,2013-11-11,现行有效,地方政府规章及文件
'溆浦县人民政府关于加快黑木耳产业发展的意见',怀化市溆浦县人民政府,2013-11-11,现行有效,地方政府规章及文件
'隆回县人民政府关于实施粮油深加工及物流十亿产业工程的意见',邵阳市隆回县人民政府,2013-10-30,现行有效,地方政府规章及文件
'中共靖州苗族侗族自治县委、靖州苗族侗族自治县人民政府关于加快商贸物流产业发展的实施意见',中共怀化市靖州苗族侗族自治县委;怀化市靖州苗族侗族自治县人民政府,2013-10-18,现行有效,地方政府规章及文件
'汝城县人民政府关于加强“三私”产业税收征管的通告',郴州市汝城县人民政府,2013-10-16,现行有效,地方政府规章及文件
'汝城县人民政府关于进一步完善全县省级产业园区收费优惠政策的通知',郴州市汝城县人民政府,2013-09-28,现行有效,地方政府规章及文件
'湖南省商务厅关于印发《全省商务和开放型经济重大产业项目管理办法》的通知',湖南省商务厅,2013-09-26,现行有效,地方政府规章及文件
'中共嘉禾县委办公室、嘉禾县人民政府办公室关于修订《嘉禾县承接产业转移先行先试若干政策措施》的通知',中共郴州市嘉禾县委办公室;郴州市嘉禾县人民政府办公室,2013-09-12,现行有效,地方政府规章及文件
'资兴市人民政府办公室关于印发《资兴市推进农村土地承包经营权流转促进农业产业规模经营特色发展实施办法》的通知',资兴市人民政府办公室,2013-08-25,已失效,地方政府规章及文件
'双峰县人民政府关于加快流通产业发展的实施意见',娄底市双峰县人民政府,2013-08-03,现行有效,地方政府规章及文件
'常德市鼎城区人民政府办公室关于印发《鼎城区蔬菜产业发展扶持奖励办法》的通知',常德市鼎城区人民政府办公室,2013-08-01,现行有效,地方政府规章及文件
'资兴市人民政府关于全市产业园区生产性项目报建收费合并征收工作的实施意见',资兴市人民政府,2013-08-01,已失效,地方政府规章及文件
'宁远县人民政府办公室关于印发《宁远县2013年蔬菜产业发展实施意见》的通知',永州市宁远县人民政府办公室,2013-07-09,现行有效,地方政府规章及文件
'溆浦县人民政府办公室关于印发《溆浦县石材产业发展规划实施办法》的通知',怀化市溆浦县人民政府办公室,2013-06-09,现行有效,地方政府规章及文件
'关于进一步推进保靖黄金茶产业发展的意见',中共湘西土家族苗族自治州保靖县委;湘西土家族苗族自治州保靖县人民政府,2013-05-26,现行有效,地方政府规章及文件
'湘乡市人民政府关于加快流通产业发展的意见',湘乡市人民政府,2013-05-23,现行有效,地方政府规章及文件
'新晃侗族自治县人民政府关于印发《2013年新晃侗族自治县黄牛产业扶贫试点项目实施方案》的通知',怀化市新晃侗族自治县人民政府,2013-05-22,已失效,地方政府规章及文件
'双峰县人民政府办公室关于印发《双峰县加快推进房地产业发展四年(2012—2015年)行动计划》的通知',娄底市双峰县人民政府办公室,2013-05-08,现行有效,地方政府规章及文件
'涟源市人民政府办公室关于印发《涟源市加快推进流通产业发展四年(2012-2015)行动计划》的通知',涟源市人民政府办公室,2013-05-07,现行有效,地方政府规章及文件
'湖南省统计局、湖南省经济和信息化委员会关于做好全省新材料产业统计监测工作的通知',湖南省统计局;湖南省经济和信息化委员会,2013-05-07,现行有效,地方政府规章及文件
'祁阳县人民政府印发《关于加快推进承接产业转移工作的若干规定》的通知',永州市祁阳县人民政府,2013-04-26,现行有效,地方政府规章及文件
'郴州市人民政府办公室关于印发《郴州市组团参加第十六届中国北京国际科技产业博览会工作方案》的通知',郴州市人民政府办公室,2013-04-19,已失效,地方政府规章及文件
'中共湘阴县委办公室、湘阴县人民政府办公室关于印发《湘阴县2013年联手帮促重点企业项目重点工程及重点产业行动方案》的通知',中共岳阳市湘阴县委办公室;岳阳市湘阴县人民政府办公室,2013-04-09,现行有效,地方政府规章及文件
'郴州市人民政府办公室关于印发《郴州市承接产业转移示范区发展规划》的通知',郴州市人民政府办公室,2013-03-19,现行有效,地方政府规章及文件
'宜章县人民政府办公室关于印发《宜章县2013年做优做强湘米产业工作方案》的通知',郴州市宜章县人民政府办公室,2013-03-10,现行有效,地方政府规章及文件
'湖南省商务厅关于印发《2013年全省承接产业转移发展加工贸易工作要点》的通知',湖南省商务厅,2013-02-28,现行有效,地方政府规章及文件
'娄底市人民政府办公室转发市农机局《关于加快农业机械化新技术推广应用与农机机电产业发展意见》的通知',娄底市人民政府办公室,2013-02-25,现行有效,地方政府规章及文件
'资兴市人民政府关于加快竹产业发展的意见',资兴市人民政府,2013-02-16,现行有效,地方政府规章及文件
'资兴市人民政府关于加快油茶产业发展的意见',资兴市人民政府,2013-02-16,现行有效,地方政府规章及文件
'新晃侗族自治县人民政府关于加快新晃黄牛产业发展的决定',怀化市新晃侗族自治县人民政府,2013-02-08,现行有效,地方政府规章及文件
'郴州市人民政府办公室关于加快高新技术产业园区和高新技术产业发展的实施意见',郴州市人民政府办公室,2013-02-02,现行有效,地方政府规章及文件
'湖南省政府办公厅关于加强产业园统计工作的通知',湖南省人民政府办公厅,2012-11-19,现行有效,地方政府规章及文件
'关于调整湖南省电子信息产业园申报认定程序的通知',湖南省经济和信息化委员会,2012-10-18,现行有效,地方政府规章及文件
'潼南县人民政府关于印发潼南县工业“4+1”产业集群发展规划的通知',重庆市潼南县人民政府,2012-10-17,现行有效,地方政府规章及文件
'关于进一步加强皮具产业人才培训工作的实施意见',邵阳市邵东县人民政府办公室,2012-10-17,现行有效,地方政府规章及文件
'常德市鼎城区人民政府关于加快油茶产业发展的意见',常德市鼎城区人民政府,2012-10-09,现行有效,地方政府规章及文件
'湖南省人民政府关于印发《长株潭国家高新技术产业开发区企业股权和分红激励试点实施办法》的通知',湖南省人民政府,2012-09-15,已失效,地方政府规章及文件
'湖南省财政厅、湖南省经济和信息化委员会关于印发《湖南省信息产业发展专项资金管理办法》的通知',湖南省财政厅;湖南省经济和信息化委员会,2012-09-10,现行有效,地方政府规章及文件
'关于印发《湖南省信息产业发展专项资金管理办法》的通知',湖南省财政厅;湖南省经济和信息化委员会,2012-09-10,现行有效,地方政府规章及文件
'宁远县人民政府关于加快肉牛产业发展的意见',永州市宁远县人民政府,2012-09-09,现行有效,地方政府规章及文件
'郴州市人民政府关于进一步优化产业园区发展环境的意见',郴州市人民政府,2012-09-07,现行有效,地方政府规章及文件
'湖南省人民政府关于印发《湖南省稀土产业“十二五”发展规划》的通知',湖南省人民政府,2012-08-10,已失效,地方政府规章及文件
'湘潭县人民政府办公室关于印发湘潭县推进先进矿山装备制造产业集群发展实施方案的通知',湘潭市湘潭县人民政府办公室,2012-08-09,现行有效,地方政府规章及文件
'中共衡山县委办公室、衡山县人民政府办公室关于进一步落实《湖南衡山经济开发区承接产业转移融资建设标准化厂房及其配套设施的实施意见》的通知',中共衡阳市衡山县委办公室;衡阳市衡山县人民政府办公室,2012-07-26,现行有效,地方政府规章及文件
'印发《关于工商行政管理系统服务文化体制改革和文化产业发展的实施意见》的通知',湖南省工商行政管理局,2012-07-25,现行有效,地方政府规章及文件
'石门县人民政府关于促进矿产资源性产业科学健康发展的意见',常德市石门县人民政府,2012-07-25,现行有效,地方政府规章及文件
'湖南省地方税务局关于湘南承接产业转移示范区建设若干税收优惠政策的公告',湖南省地方税务局,2012-06-29,现行有效,地方政府规章及文件
'湖南省人民政府办公厅关于印发《湖南省“十二五”高新技术产业发展和自主创新能力建设规划》的通知',湖南省人民政府办公厅,2012-06-28,已失效,地方政府规章及文件
'宜章县人民政府关于进一步规范烟花爆竹产业健康发展的意见',郴州市宜章县人民政府,2012-06-25,现行有效,地方政府规章及文件
'湖南省财政厅、湖南省国防科技工业局关于印发《湖南省军民融合产业发展专项资金管理办法》的通知',湖南省财政厅;湖南省国防科技工业局,2012-06-08,现行有效,地方政府规章及文件
'永州市人民政府关于加快肉牛产业发展的意见',永州市人民政府,2012-06-08,现行有效,地方政府规章及文件
'湘阴县人民政府关于征收漕溪港物流产业园项目建设国有土地范围内房屋的决定',岳阳市湘阴县人民政府,2012-06-08,已失效,地方政府规章及文件
'中共湖南省委、湖南省人民政府关于推进湘南承接产业转移示范区建设的若干意见',中共湖南省委;湖南省人民政府,2012-06-08,现行有效,地方政府规章及文件
'常宁市人民政府关于印发《常宁市涉重金属产业结构优化调整项目管理办法》的通知',常宁市人民政府,2012-05-18,现行有效,地方政府规章及文件
'湖南省人民政府办公厅关于印发《湖南省湘南承接产业转移示范区规划》的通知',湖南省人民政府办公厅,2012-05-11,现行有效,地方政府规章及文件
'永州市人民政府关于加快承接产业转移示范区建设十项措施',永州市人民政府,2012-05-09,现行有效,地方政府规章及文件
'郴州市人民政府关于加快承接产业转移保障园区企业用工的通知',郴州市人民政府,2012-05-07,现行有效,地方政府规章及文件
'常德市人民政府办公室关于促进石膏产业健康有序发展的通知',常德市人民政府办公室,2012-05-02,现行有效,地方政府规章及文件
'关于印发《环长株潭城市群“两型”产业振兴工程实施方案》的通知',湖南省经济和信息化委员会,2012-05,现行有效,地方政府规章及文件
'中共湘潭市委、湘潭市人民政府关于印发《湘潭市进一步支持文化事业和文化产业发展的若干政策措施》的通知',中共湘潭市委;湘潭市人民政府,2012-04-27,现行有效,地方政府规章及文件
'关于开展全县文化产业统计工作的通知',衡阳市祁东县人民政府办公室,2012-04-18,现行有效,地方政府规章及文件
'衡南县人民政府关于印发《衡南县文化产业发展规划纲要》的通知',衡阳市衡南县人民政府,2012-04-17,现行有效,地方政府规章及文件
'湖南省发展开放型经济领导小组办公室关于印发《湖南省承接产业转移示范园区特色园区动态管理认定办法》的通知',湖南省发展开放型经济领导小组办公室,2012-04-05,现行有效,地方政府规章及文件
'涟源市人民政府办公室关于印发涟源市蔬菜产业发展专项资金管理使用办法的通知',涟源市人民政府办公室,2012-03-31,现行有效,地方政府规章及文件
'郴州市人民政府办公室转发市人民银行《关于贯彻落实稳健货币政策加大金融支持郴州湘南承接产业转移示范区建设指导意见》的通知',郴州市人民政府办公室,2012-03-30,现行有效,地方政府规章及文件
'湘潭市人民政府办公室关于印发湘潭先进矿山装备制造产业集群建设实施方案(2011—2015年)的通知',湘潭市人民政府办公室,2012-03-20,现行有效,地方政府规章及文件
'江华瑶族自治县人民政府办公室关于修改《江华瑶族自治县2012年油茶产业发展实施方案》有关条款的通知',永州市江华瑶族自治县人民政府办公室,2012-03-13,现行有效,地方政府规章及文件
'中共常德市委、常德市人民政府关于加快培育发展战略性新兴产业的意见',中共常德市委;常德市人民政府,2012-03-06,现行有效,地方政府规章及文件
'江华瑶族自治县人民政府办公室关于印发《江华瑶族自治县2012年油茶产业发展实施方案》的通知',永州市江华瑶族自治县人民政府办公室,2012-02-29,现行有效,地方政府规章及文件
'中共湘阴县委办公室、湘阴县人民政府办公室关于印发《湘阴县2012年联手帮促重点企业项目重点工程及重点产业行动方案》的通知',中共岳阳市湘阴县委办公室;岳阳市湘阴县人民政府办公室,2012-02-21,已失效,地方政府规章及文件
'中共郴州市委、郴州市人民政府关于进一步加快承接产业转移发展开放型经济的实施意见',中共郴州市委;郴州市人民政府,2012-02-14,现行有效,地方政府规章及文件
'中共洪江市委、洪江市人民政府关于加快发展旅游产业的决定',中共洪江市委;洪江市人民政府,2012-02-09,现行有效,地方政府规章及文件
'郴州市人民政府办公室关于印发郴州国家高技术服务产业基地建设“十二五”规划纲要的通知',郴州市人民政府办公室,2012-02-07,现行有效,地方政府规章及文件
'中共郴州市委办公室、郴州市人民政府办公室关于印发《全省扩大开放暨湘南承接产业转移示范区建设推进大会郴州筹备工作方案》的通知',中共郴州市委办公室;郴州市人民政府办公室,2012-02-06,现行有效,地方政府规章及文件
'花垣县人民政府关于加快湘西黄牛产业发展的意见',湘西土家族苗族自治州花垣县人民政府,2012-01-30,现行有效,地方政府规章及文件
'常德市人民政府关于实施粮油深加工及物流产业工程的意见',常德市人民政府,2012,现行有效,地方政府规章及文件
'中共郴州市委、郴州市人民政府关于推进产业大转型三年行动计划的决定',中共郴州市委;郴州市人民政府,2012,现行有效,地方政府规章及文件
'中共郴州市委、郴州市人民政府关于加快培育和发展战略性新兴产业的决定',中共郴州市委;郴州市人民政府,2012,现行有效,地方政府规章及文件
'永州市人民政府关于推进湘南承接产业转移示范区建设大力发展开放型经济的实施意见',永州市人民政府,2012,现行有效,地方政府规章及文件
'2012年为我省战略性新兴产业企业提供人才和智力支撑服务活动方案',湖南省人力资源和社会保障厅,2012,已失效,地方政府规章及文件
'湖南省人民政府办公厅关于加快竹产业发展的意见',湖南省人民政府办公厅,2011-12-30,现行有效,地方政府规章及文件
'关于印发湖南省战略性新兴产业科技攻关和重大科技成果转化项目资金管理实施细则的通知',湖南省科学技术厅;湖南省经济和信息化委员会;湖南省财政厅,2011-12-26,现行有效,地方政府规章及文件
'益阳市人民政府关于印发《益阳市实施粮油深加工及物流千亿产业工程行动计划》的通知',益阳市人民政府,2011-12-23,现行有效,地方政府规章及文件
'郴州市人民政府关于印发郴州市加快培育和发展战略性新兴产业“十二五”总体规划纲要及有关专项规划的通知',郴州市人民政府,2011-12-15,现行有效,地方政府规章及文件
'关于贯彻《湖南省人民政府办公厅关于促进湘酒产业健康发展的意见》的通知',邵阳市邵东县人民政府办公室,2011-12-09,现行有效,地方政府规章及文件
'湖南省人民政府关于印发进一步加快发展软件产业和集成电路产业实施意见的通知',湖南省人民政府,2011-11-29,现行有效,地方政府规章及文件
'株洲市人民政府关于实施粮油百亿产业等三大工程的意见',株洲市人民政府,2011-11-24,现行有效,地方政府规章及文件
'湘潭高新技术产业开发区管理委员会关于对《湘潭高新区安置房分配方案》的补充通知',湘潭高新技术产业开发区管理委员会,2011-11-21,现行有效,地方政府规章及文件
'湘潭高新技术产业开发区管理委员会关于印发《湘潭高新区安置房分配方案》的通知',湘潭高新技术产业开发区管理委员会,2011-11-21,现行有效,地方政府规章及文件
'湘潭高新技术产业开发区管理委员会关于明确高新区范围内各村征地补偿标准的通知',湘潭高新技术产业开发区管理委员会,2011-11-21,现行有效,地方政府规章及文件
'关于进一步明确办理工业产品生产许可证产业政策审查文件有关问题的通知',湖南省经济和信息化委员会,2011-11-15,现行有效,地方政府规章及文件
'常德市人民政府关于加快蔬菜产业发展推进“菜篮子”工程建设的意见',常德市人民政府,2011-10-29,现行有效,地方政府规章及文件
'辰溪县人民政府办公室关于印发《辰溪陶瓷产业基地招商引资优惠政策》的通知',怀化市辰溪县人民政府办公室,2011-10-26,现行有效,地方政府规章及文件
'道县人民政府关于加快蔬菜产业发展保障市场供应的意见',永州市道县人民政府,2011-10-19,现行有效,地方政府规章及文件
'郴州市人民政府关于实施粮油深加工及物流百亿产业工程的意见',郴州市人民政府,2011-10-08,现行有效,地方政府规章及文件
'涟源市人民政府关于加快油茶产业发展的实施意见',涟源市人民政府,2011-09-27,现行有效,地方政府规章及文件
'湖南省人民政府关于促进有色金属产业可持续发展的意见',湖南省人民政府,2011-09-25,现行有效,地方政府规章及文件
'关于印发《湖南省加快培育发展战略性新兴产业奖励细则》的通知',湖南省经济和信息化委员会,2011-09-22,现行有效,地方政府规章及文件
'湖南省商务厅转发商务部《关于发布<对外投资国别产业指引(2011版)>的通知》',湖南省商务厅,2011-09-19,现行有效,地方政府规章及文件
'洞口县人民政府办公室关于印发洞口县“菜篮子”工程产业发展实施意见的通知',邵阳市洞口县人民政府办公室,2011-09-17,现行有效,地方政府规章及文件
'湖南省人民政府办公厅关于印发《湖南省培育发展战略性新兴产业专项引导资金管理办法》的通知',湖南省人民政府办公厅,2011-09-06,已失效,地方政府规章及文件
'中共湘潭县委、湘潭县人民政府关于加快旅游产业发展打造旅游强县的决定',中共湘潭市湘潭县委;湘潭市湘潭县人民政府,2011-09-06,现行有效,地方政府规章及文件
'湖南省人民政府办公厅转发省财政厅、省科技厅《关于加强湖南省高新技术产业发展引导资金管理意见》的通知',湖南省人民政府办公厅,2011-08-30,已失效,地方政府规章及文件
'郴州市人民政府办公室关于印发郴州国家高技术服务产业基地建设工作方案的通知',郴州市人民政府办公室,2011-08-29,现行有效,地方政府规章及文件
'宁南县人民政府关于2011年冬季马铃薯产业发展的实施意见',凉山彝族自治州宁南县人民政府,2011-08-29,现行有效,地方政府规章及文件
'湖南省人民政府关于加快产业园区体系建设的意见',湖南省人民政府,2011-08-25,现行有效,地方政府规章及文件
'永州市人民政府关于推进粮油深加工及物流百亿产业工程的实施意见',永州市人民政府,2011-08-12,现行有效,地方政府规章及文件
'常德市人民政府关于进一步促进承接沿海产业转移发展加工贸易的通知',常德市人民政府,2011-08-10,现行有效,地方政府规章及文件
'江华瑶族自治县人民政府关于实施粮油深加工及物流产业工程的意见',永州市江华瑶族自治县人民政府,2011-08-09,现行有效,地方政府规章及文件
'江华瑶族自治县人民政府办公室关于印发《江华瑶族自治县实施粮油产业工程工作方案》的通知',永州市江华瑶族自治县人民政府办公室,2011-08-08,现行有效,地方政府规章及文件
'宜章县人民政府关于加快蔬菜产业发展的意见',郴州市宜章县人民政府,2011-07-28,现行有效,地方政府规章及文件
'郴州市人民政府办公室关于印发郴州市省级以上产业园区统计工作管理暂行规定的通知',郴州市人民政府办公室,2011-07-27,现行有效,地方政府规章及文件
'关于印发《湖南省战略性新兴产业考核统计数据采集实施办法(试行)》的通知',湖南省加速推进新型工业化工作领导小组办公室,2011-07-25,现行有效,地方政府规章及文件
'双峰县人民政府关于促进农机机电产业整合和又好又快发展的意见',娄底市双峰县人民政府,2011-07-07,现行有效,地方政府规章及文件
'湖南省财政厅、湖南省经济和信息化委员会关于印发《湖南省鼓励汽车工程机械产业扩大省内配套奖励政策实施办法》的通知',湖南省财政厅;湖南省经济和信息化委员会,2011-07-01,现行有效,地方政府规章及文件
'关于印发《衡东县旅游产业发展奖励暂行办法》的通知',衡阳市衡东县人民政府办公室,2011-06-22,现行有效,地方政府规章及文件
'湘潭市人民政府关于印发湘潭市战略性新兴产业科技支撑行动方案（2011-2015）的通知',湘潭市人民政府,2011-06-21,现行有效,地方政府规章及文件
'中共益阳市委、益阳市人民政府关于培育和加快服务外包产业发展的意见',中共益阳市委;益阳市人民政府,2011-06-21,现行有效,地方政府规章及文件
'花垣县人民政府关于加快蔬菜产业发展保障市场供应的意见',湘西土家族苗族自治州花垣县人民政府,2011-06-21,现行有效,地方政府规章及文件
'常德市鼎城区人民政府办公室关于印发《鼎城区现代农业产业园区建设奖励实施办法》的通知',常德市鼎城区人民政府办公室,2011-06-16,现行有效,地方政府规章及文件
'娄底市地方税务局关于印发《娄底市房地产业地方税收项目管理实施办法》的通知',娄底市地方税务局,2011-06-14,现行有效,地方政府规章及文件
'关于印发《2011年全省电子信息通信产业工作要点》的通知',湖南省经济和信息化委员会,2011-06-10,现行有效,地方政府规章及文件
'湖南省财政厅关于印发《湖南省财政支持产业发展专项资金股权投资管理办法》的通知',湖南省财政厅,2011-05-31,现行有效,地方政府规章及文件
'永顺县人民政府关于印发永顺县万坪凯迪低碳循环经济产业园建设征地拆迁补偿安置方案的通知',湘西土家族苗族自治州永顺县人民政府,2011-05-19,现行有效,地方政府规章及文件
'湖南省商务厅关于贯彻《湖南省人民政府办公厅关于促进湘酒产业健康发展的意见》的通知',湖南省商务厅,2011-05-16,现行有效,地方政府规章及文件
'湖南省人民政府办公厅关于加快工艺美术产业发展的指导意见',湖南省人民政府办公厅,2011-05-12,已失效,地方政府规章及文件
'湖南省人民政府办公厅关于促进湘酒产业健康发展的意见',湖南省人民政府办公厅,2011-05-06,现行有效,地方政府规章及文件
'宁远县地方税务局关于明确私人交易房地产业单位面积最低销售及建筑价格计税标准的通知',永州市宁远县地方税务局,2011-05-06,现行有效,地方政府规章及文件
'关于印发2011年湖南郴州（深圳）现代服务业承接产业转移招商推介会工作方案的通知',郴州市人民政府办公室,2011-04-28,现行有效,地方政府规章及文件
'关于印发郴州市本级产业引导资金管理办法的通知',郴州市人民政府办公室,2011-04-28,现行有效,地方政府规章及文件
'沅江市油料生产和产业大县建设项目资金管理和使用办法',沅江市人民政府办公室,2011-04-22,现行有效,地方政府规章及文件
'安岳县人民政府办公室关于印发《金融支持柠檬产业发展实施方案》的通知',资阳市安岳县人民政府办公室,2011-04-21,现行有效,地方政府规章及文件
'湘乡市人民政府关于加快蔬菜产业发展保障市场供应的实施意见',湘乡市人民政府,2011-04-20,现行有效,地方政府规章及文件
'涟源市人民政府关于加快蔬菜产业发展保障市场供应的意见',涟源市人民政府,2011-04-20,现行有效,地方政府规章及文件
'关于实施粮油深加工及物流十亿产业工程的意见',衡阳市衡南县人民政府,2011-04-18,现行有效,地方政府规章及文件
'常德市鼎城区人民政府办公室转发常德市人民政府办公室《关于进一步加强房地产市场监管促进房地产业平稳健康发展的意见》的通知',常德市鼎城区人民政府办公室,2011-04-18,现行有效,地方政府规章及文件
'关于印发祁东县2011—2015年枣产业发展扶持奖励办法的通知',衡阳市祁东县人民政府办公室,2011-04-15,现行有效,地方政府规章及文件
'江华瑶族自治县人民政府关于加快蔬菜产业发展保障市场供应的意见',永州市江华瑶族自治县人民政府,2011-04-14,现行有效,地方政府规章及文件
'湖南省经济和信息化委员会关于印发《创建湖南省新型工业化产业示范基地管理办法》的通知',湖南省经济和信息化委员会,2011-04-13,现行有效,地方政府规章及文件
'益阳市人民政府办公室关于印发益阳市蔬菜产业发展三年行动计划（2011－2013年）的通知',益阳市人民政府办公室,2011-04-12,现行有效,地方政府规章及文件
'湘阴县人民政府关于进一步促进房地产业提质升级的实施意见',岳阳市湘阴县人民政府,2011-04-12,现行有效,地方政府规章及文件
'关于继续实行全市省级产业园区收费优惠政策的通知',郴州市人民政府,2011-04-09,现行有效,地方政府规章及文件
'关于印发祁东县2011-2015年枣产业发展规划的通知',衡阳市祁东县人民政府,2011-04-06,现行有效,地方政府规章及文件
'湖南省人民政府办公厅关于进一步加快发展纺织产业的意见',湖南省人民政府办公厅,2011-03-25,现行有效,地方政府规章及文件
'关于印发《湘潭市加快发展“3+3”产业推进新型工业化行动方案》的通知',中共湘潭市委;湘潭市人民政府,2011-03-24,现行有效,地方政府规章及文件
'常德市人民政府办公室关于进一步加强房地产市场监管促进房地产业平稳健康发展的意见',常德市人民政府办公室,2011-03-23,现行有效,地方政府规章及文件
'江永县人民政府关于进一步加快蔬菜产业发展保障市场供应的意见',永州市江永县人民政府,2011-03-21,现行有效,地方政府规章及文件
'湖南省人民政府关于《长株潭城市群两型社会建设综合配套改革试验区产业发展体制改革专项方案》的批复',湖南省人民政府,2011-03-18,现行有效,地方政府规章及文件
'中共益阳市委办公室、益阳市人民政府办公室关于加快培育战略性新兴产业的实施意见',中共益阳市委办公室;益阳市人民政府办公室,2011-03-07,现行有效,地方政府规章及文件
'中共泸溪县委、泸溪县人民政府关于加快推进文化产业发展的决定',中共湘西土家族苗族自治州泸溪县委;湘西土家族苗族自治州泸溪县人民政府,2011-02-19,现行有效,地方政府规章及文件
'中共常德市委、常德市人民政府关于进一步促进旅游产业发展的意见',中共常德市委;常德市人民政府,2011-01-21,现行有效,地方政府规章及文件
'湘潭高新区管委会关于印发湘潭国家高新区扶持新能源装备制造产业链群发展的若干规定（试行）的通知',湘潭高新技术产业开发区管理委员会,2010-12-31,现行有效,地方政府规章及文件
'湘潭高新区管委会关于印发湘潭国家高新区加快钢材深加工产业发展的若干规定（试行）的通知',湘潭高新技术产业开发区管理委员会,2010-12-31,现行有效,地方政府规章及文件
'湖南省人民政府关于实施粮油深加工及物流千亿产业工程的意见',湖南省人民政府,2010-12-26,现行有效,地方政府规章及文件
'娄底市人民政府关于进一步推进湖南黑猪和湘中黑牛产业发展的意见',娄底市人民政府,2010-12-23,现行有效,地方政府规章及文件
'资阳市人民政府关于印发《资阳市节能产业发展奖励政策》的通知',资阳市人民政府,2010-12-20,已失效,地方政府规章及文件
'资阳市人民政府办公室关于印发《资阳市节能产业发展导向目录(2010－2012年)》的通知',资阳市人民政府办公室,2010-12-06,现行有效,地方政府规章及文件
'湖南省人民政府关于加快蔬菜产业发展保障市场供应的意见',湖南省人民政府,2010-11-30,现行有效,地方政府规章及文件
'娄底市人民政府办公室印发关于加快蔬菜产业的发展实施方案的通知',娄底市人民政府办公室,2010-11-12,现行有效,地方政府规章及文件
'湖南省人民政府办公厅转发省财政厅、省国税局、省地税局《关于支持新能源产业发展若干意见》的通知',湖南省人民政府办公厅,2010-11-11,已失效,地方政府规章及文件
'永兴县人民政府关于促进房地产业健康发展的若干意见(试行)',郴州市永兴县人民政府,2010-10-20,现行有效,地方政府规章及文件
'澧县人民政府关于加快石膏产业发展的意见',常德市澧县人民政府,2010-10-12,现行有效,地方政府规章及文件
'湖南省人民政府办公厅关于印发《支持湘菜产业发展的若干财税政策措施》的通知',湖南省人民政府办公厅,2010-10-10,现行有效,地方政府规章及文件
'衡阳市人民政府办公室关于印发衡阳市高新技术产业开发区管理委员会主要职责内设机构和人员编制规定的通知',衡阳市人民政府办公室,2010-09-21,现行有效,地方政府规章及文件
'宁南县人民政府办公室关于印发王显晖同志在全县冬季马铃薯产业发展会议上的讲话的通知',凉山彝族自治州宁南县人民政府办公室,2010-09-15,现行有效,地方政府规章及文件
'宁南县人民政府关于2010年冬季马铃薯产业发展的实施意见',凉山彝族自治州宁南县人民政府,2010-09-15,现行有效,地方政府规章及文件
'湖南省承接产业转移发展加工贸易工作领导小组关于印发《湖南省承接产业转移重点（试点）县（市区）动态管理考核办法》的通知',湖南省承接产业转移发展加工贸易工作领导小组,2010-09,现行有效,地方政府规章及文件
'中共湖南省委、湖南省人民政府关于加快培育发展战略性新兴产业的决定',中共湖南省委;湖南省人民政府,2010-08-30,现行有效,地方政府规章及文件
'中共湖南省委办公厅、湖南省人民政府办公厅关于印发《湖南省培育发展战略性新兴产业部门责任分工》的通知',中共湖南省委办公厅;湖南省人民政府办公厅,2010-08-30,现行有效,地方政府规章及文件
'潼南县人民政府办公室关于印发《潼南县林下产业实施办法》的通知',重庆市潼南县人民政府办公室,2010-08-25,现行有效,地方政府规章及文件
'岳阳市人民政府关于促进房地产业提质升级的意见',岳阳市人民政府,2010-08-23,现行有效,地方政府规章及文件
'湖南省人民政府办公厅关于支持湖南城陵矶临港产业新区加快发展的意见',湖南省人民政府办公厅,2010-08-06,已失效,地方政府规章及文件
'资阳市人民政府办公室关于印发《整合资源进一步做大做强雁江蜜柑产业的实施方案》的通知',资阳市人民政府办公室,2010-07-26,现行有效,地方政府规章及文件
'中共耒阳市委、耒阳市人民政府关于印发《耒阳市鼓励投资旅游产业的优惠政策》的通知',中共耒阳市委;耒阳市人民政府,2010-07-20,现行有效,地方政府规章及文件
'关于进一步做好承接产业转移促进园区企业用工的实施意见',郴州市人民政府,2010-07-19,现行有效,地方政府规章及文件
'益阳市人民政府关于印发《益阳市食品产业发展规划（2010－2015年）》的通知',益阳市人民政府,2010-07-01,现行有效,地方政府规章及文件
'湖南省人民政府办公厅关于加快高技术产业基地建设的意见',湖南省人民政府办公厅,2010-07-01,已失效,地方政府规章及文件
'湖南省人民政府关于印发《湖南省文化产业振兴实施规划(２０１０－２０１２年)》的通知',湖南省人民政府,2010-06-22,现行有效,地方政府规章及文件
'娄底市人民政府关于印发《娄底市促进电动汽车产业发展的若干政策规定》的通知',娄底市人民政府,2010-06-13,现行有效,地方政府规章及文件
'常宁市人民政府关于促进金融机构支持油茶产业发展的通知',常宁市人民政府,2010-06-02,现行有效,地方政府规章及文件
'岳阳市岳阳楼区人民政府关于加强湖南城陵矶临港产业新区规划管理的通告',岳阳市岳阳楼区人民政府,2010-05-15,现行有效,地方政府规章及文件
'郴州市人民政府办公室关于郴州有色金属产业园区(郴州出口加工区)暂缓对白露塘镇学校和医院托管的批复',郴州市人民政府办公室,2010-04-22,现行有效,地方政府规章及文件
'汝城县人民政府办公室关于印发汝城县大中型水库库区移民油茶产业开发管理办法的通知',郴州市汝城县人民政府办公室,2010-04-13,现行有效,地方政府规章及文件
'湖南省人民政府办公厅关于印发《2010年湖南承接珠三角产业转移活动周工作方案》的通知',湖南省人民政府办公厅,2010-04-08,现行有效,地方政府规章及文件
'关于进一步做好全省承接产业转移统计工作的紧急通知',湖南省承接产业转移发展加工贸易领导小组办公室,2010-04-07,现行有效,地方政府规章及文件
'郴州市人民政府办公室关于湖南高视伟业电子集团（郴州高斯贝尔数码产业基地）享受省级产业园区企业优惠政策的批复',郴州市人民政府办公室,2010-03-24,现行有效,地方政府规章及文件
'耒阳市人民政府办公室关于加强全市第三产业税收征管工作的通知',耒阳市人民政府办公室,2010-03-24,现行有效,地方政府规章及文件
'关于进一步加快生猪产业发展的意见',湘西土家族苗族自治州人民政府,2010-03-01,现行有效,地方政府规章及文件
'湖南省承接产业转移发展加工贸易领导小组办公室关于下达2010年承接产业转移发展加工贸易工作目标的通知',湖南省承接产业转移发展加工贸易领导小组办公室,2010-02-24,现行有效,地方政府规章及文件
'湖南省承接产业转移发展加工贸易领导小组办公室关于印发《湖南省承接产业转移发展加工贸易工作考核暂行办法》的通知',湖南省承接产业转移发展加工贸易领导小组办公室,2010-02-10,现行有效,地方政府规章及文件
'常宁市人民政府关于印发《常宁市油茶产业保护管理办法》的通知',常宁市人民政府,2010-02-09,现行有效,地方政府规章及文件
'转发市信息产业局《移动电子商务发展规划》',株洲市人民政府办公室,2010-02-03,现行有效,地方政府规章及文件
'湖南省商务厅关于对《2010湖南承接产业转移珠三角招商活动周方案》征求意见的紧急通知',湖南省商务厅,2010-01-28,现行有效,地方政府规章及文件
'郴州市人民政府办公室关于进一步支持烟草产业发展的通知',郴州市人民政府办公室,2010-01-15,现行有效,地方政府规章及文件
'中共湖南省委办公厅、湖南省人民政府办公厅关于加快发展食品产业的意见',中共湖南省委办公厅;湖南省人民政府办公厅,2010-01-12,现行有效,地方政府规章及文件
'湖南省人民政府办公厅关于印发《湖南省新能源产业振兴实施规划（2010—2020年）》的通知',湖南省人民政府办公厅,2010-01-09,现行有效,地方政府规章及文件
'益阳市人民政府关于印发《益阳市船舶产业发展规划纲要(2009－2015年)》的通知',益阳市人民政府,2009-11-30,现行有效,地方政府规章及文件
'转发《中国人民银行、商务部、中国银行业监督管理委员会、中国证券监督管理委员会、中国保险监督管理委员会、国家外汇管理局关于金融支持服务外包产业发展的若干意见》的通知',中国人民银行长沙中心支行;湖南省商务厅;中国银行业监督管理委员会湖南监管局;中国证券监督管理委员会湖南监管局;中国保险监督管理委员会湖南监管局;国家外汇管理局湖南省分局,2009-11-10,现行有效,地方政府规章及文件
'湖南省人民政府办公厅关于印发《湖南省环境保护产业发展规划(２００９—２０１５年)》的通知',湖南省人民政府办公厅,2009-11-09,现行有效,地方政府规章及文件
'常德市人民政府办公室关于大力发展电子信息产业的意见',常德市人民政府办公室,2009-11-09,现行有效,地方政府规章及文件
'湖南省人民政府关于加快发展环保产业的意见',湖南省人民政府,2009-11-06,现行有效,地方政府规章及文件
'新晃侗族自治县人民政府办公室转发县农业局、县统计局《新晃侗族自治县柑桔产业普查工作实施方案》的通知',怀化市新晃侗族自治县人民政府办公室,2009-11-02,现行有效,地方政府规章及文件
'湖南省物价局、湖南省财政厅关于发布全省信息产业系统行政事业性收费项目和标准的通知',湖南省物价局;湖南省财政厅,2009-10-09,现行有效,地方政府规章及文件
'湖南省人民政府办公厅关于进一步支持烟草产业发展的通知',湖南省人民政府办公厅,2009-09-21,现行有效,地方政府规章及文件
'资阳市人民政府关于进一步加快医药产业发展的意见',资阳市人民政府,2009-09-17,现行有效,地方政府规章及文件
'郴州市人民政府办公室关于进一步明确郴州有色金属产业园区管理委员会(郴州出口加工区管理局)托管白露塘镇有关问题的通知',郴州市人民政府办公室,2009-09-15,现行有效,地方政府规章及文件
'湖南省人民政府关于推进军民融合产业发展的意见',湖南省人民政府,2009-09-12,现行有效,地方政府规章及文件
'怀化市人民政府关于积极承接产业转移促进加工贸易发展的意见',怀化市人民政府,2009-09-01,现行有效,地方政府规章及文件
'湖南省财政厅、湖南省地税局转发《财政部、国家税务总局关于扶持动漫产业发展有关税收政策问题的通知》',湖南省财政厅;湖南省地方税务局,2009-08-31,现行有效,地方政府规章及文件
'永州市人民政府关于加快油茶产业发展的若干意见',永州市人民政府,2009-08-31,现行有效,地方政府规章及文件
'岳阳市人民政府办公室关于印发湖南城陵矶临港产业新区三年开发建设工作方案的通知',岳阳市人民政府办公室,2009-08-29,现行有效,地方政府规章及文件
'桂东县人民政府办公室关于印发桂东县鼓励投资暨承接沿海产业转移促进加工贸易发展实施细则等3个文件的通知',郴州市桂东县人民政府办公室,2009-08-05,现行有效,地方政府规章及文件
'资兴市人民政府关于全市产业园区生产性项目报建收费合并征收工作的实施意见(试行)',资兴市人民政府,2009-07-31,现行有效,地方政府规章及文件
'常德市人民政府办公室关于推进市城区房地产业快速发展的意见',常德市人民政府办公室,2009-07-25,已失效,地方政府规章及文件
'常德市人民政府办公室关于推进市城区房地产业快速发展的意见',常德市人民政府办公室,2009-07-25,已失效,地方政府规章及文件
'益阳市人民政府关于加快蔬菜产业发展的意见',益阳市人民政府,2009-06-30,现行有效,地方政府规章及文件
'衡山县人民政府印发《关于促进我县房地产业稳定健康发展的若干意见》的通知',衡阳市衡山县人民政府,2009-06-29,已失效,地方政府规章及文件
'关于印发《湖南省承接产业转移重点县动态管理考核暂行办法》的通知',湖南省承接产业转移发展加工贸易领导小组办公室,2009-06-15,已失效,地方政府规章及文件
'湖南省人民政府关于印发《湖南省生物医药产业振兴实施规划(２００９—２０１１年)》的通知',湖南省人民政府,2009-06-11,现行有效,地方政府规章及文件
'湖南省人民政府关于印发《湖南省新材料产业振兴实施规划(２００９—２０１１年)》的通知',湖南省人民政府,2009-06-11,现行有效,地方政府规章及文件
'湖南省人民政府关于印发《湖南省汽车产业振兴实施规划(２００９—２０１１年)》的通知',湖南省人民政府,2009-06-11,现行有效,地方政府规章及文件
'湖南省人民政府关于印发《湖南省钢铁产业振兴实施规划(２００９—２０１１年)》的通知',湖南省人民政府,2009-06-11,现行有效,地方政府规章及文件
'湖南省人民政府关于印发《湖南省电子信息产业振兴实施规划(2009-2011年)》的通知',湖南省人民政府,2009-06-10,现行有效,地方政府规章及文件
'湖南省人民政府关于印发《湖南省有色金属产业振兴实施规划(2009-2011年)》的通知',湖南省人民政府,2009-06-03,现行有效,地方政府规章及文件
'湖南省人民政府关于印发《湖南省石化产业振兴实施规划(2009-2011年)》的通知',湖南省人民政府,2009-06-03,现行有效,地方政府规章及文件
'湖南省人民政府关于印发《湖南省纺织产业振兴实施规划(2009-2011年)》的通知',湖南省人民政府,2009-06-03,现行有效,地方政府规章及文件
'临武县人民政府办公室关于印发《临武县产业引导资金管理办法》的通知',郴州市临武县人民政府办公室,2009-06-03,现行有效,地方政府规章及文件
'中共常德市委办公室、常德市人民政府办公室关于印发《常德市产业集群建设2009-2012年实施方案》的通知',中共常德市委办公室;常德市人民政府办公室,2009-05-25,现行有效,地方政府规章及文件
'永州市人民政府办公室关于向园区工业企业重点承接产业转移项目和重点工程建设项目派驻优化经济环境监督员的通知',永州市人民政府办公室,2009-05-24,现行有效,地方政府规章及文件
'关于转发《推动湘西自治州银行卡产业发展指导意见》的通知',湘西土家族苗族自治州人民政府办公室,2009-05-13,现行有效,地方政府规章及文件
'常德市人民政府办公室关于印发《常德市旅游产业发展年度考核奖励办法（试行）》的通知',常德市人民政府办公室,2009-05-11,现行有效,地方政府规章及文件
'澧县人民政府关于促进旅游产业发展的决定',常德市澧县人民政府,2009-05-08,现行有效,地方政府规章及文件
'永兴县人民政府关于加快永兴文化事业和文化产业发展的若干意见',郴州市永兴县人民政府,2009-05-06,现行有效,地方政府规章及文件
'关于印发《湖南省旅游产业发展年度考核奖励办法(试行)实施细则》的通知',湖南省旅游局,2009-04-03,现行有效,地方政府规章及文件
'郴州市人民政府办公室关于印发郴州市承接产业转移专项资金使用管理暂行规定的通知',郴州市人民政府办公室,2009-03-27,现行有效,地方政府规章及文件
'株洲县人民政府关于加快油茶产业发展的意见',株洲市株洲县人民政府,2009-03-24,现行有效,地方政府规章及文件
'岳阳市人民政府关于加快湖南城陵矶临港产业新区建设的若干意见',岳阳市人民政府,2009-03-17,现行有效,地方政府规章及文件
'岳阳市人民政府办公室关于开展为临港产业新区建设办实事活动的通知',岳阳市人民政府办公室,2009-03-17,现行有效,地方政府规章及文件
'中共蓝山县委、蓝山县人民政府关于加强农业产业建设促进农民持续增收的意见',中共永州市蓝山县委;永州市蓝山县人民政府,2009-03-16,现行有效,地方政府规章及文件
'娄底市人民政府关于承接产业转移促进加工贸易及服务外包产业发展的实施意见',娄底市人民政府,2009-03-15,现行有效,地方政府规章及文件
'浏阳市人民政府关于促进花炮产业平稳较快发展的若干意见',浏阳市人民政府,2009-03-11,现行有效,地方政府规章及文件
'浏阳市人民政府关于印发《浏阳市旅游产业发展奖励办法》的通知',浏阳市人民政府,2009-03-09,现行有效,地方政府规章及文件
'湖南省信息产业厅关于推进全省利用信息技术改造和提升传统产业试点工作的通知',湖南省信息产业厅,2009-03-06,现行有效,地方政府规章及文件
'郴州市人民政府关于加快郴州文化事业和文化产业发展的若干意见',郴州市人民政府,2009-03-05,现行有效,地方政府规章及文件
'株洲市人民政府办公室关于印发《2009年省为民办实事市十件民生实事任务分解表》《2009年市十大基础工程十大产业项目任务分解表》和《2009年政府工作要点任务分解表》的通知',株洲市人民政府办公室,2009-03-03,现行有效,地方政府规章及文件
'湘乡市人民政府办公室关于印发湘乡市承接产业转移发展加工贸易规划的通知',湘乡市人民政府办公室,2009-03-01,现行有效,地方政府规章及文件
'湘乡市人民政府办公室关于印发湘乡市承接产业转移发展加工贸易实施细则的通知',湘乡市人民政府办公室,2009-03-01,现行有效,地方政府规章及文件
'中共湖南省委、湖南省人民政府关于进一步促进产业园区发展的意见',中共湖南省委员会;湖南省人民政府,2009-02-17,现行有效,地方政府规章及文件
'中共保靖县委、保靖县人民政府关于加强柑橘产业建设的意见',中共湘西土家族苗族自治州保靖县委;湘西土家族苗族自治州保靖县人民政府,2009-02-13,现行有效,地方政府规章及文件
'中共保靖县委、保靖县人民政府关于进一步加快黄金茶产业发展的意见',中共湘西土家族苗族自治州保靖县委;湘西土家族苗族自治州保靖县人民政府,2009-02-13,现行有效,地方政府规章及文件
'中共蓝山县委、蓝山县人民政府关于加快第三产业发展的实施意见',中共永州市蓝山县委;永州市蓝山县人民政府,2009-02-11,现行有效,地方政府规章及文件
'郴州市人民政府关于加快油茶产业发展的意见',郴州市人民政府,2009-01-13,现行有效,地方政府规章及文件
'湖南省经济委员会关于印发《湖南省造纸产业结构调整“十一五”专项规划》的通知',湖南省经济委员会,2009-01-09,现行有效,地方政府规章及文件
'中共湘潭市委、湘潭市人民政府关于加快四大战略性产业发展的若干意见',中共湘潭市委;湘潭市人民政府,2009,现行有效,地方政府规章及文件
'关于印发《湖南省林业产业龙头企业认定及运行监测办法》的通知',湖南省林业厅,2008-12-31,现行有效,地方政府规章及文件
'耒阳市人民政府关于印发《关于整合农业资金扶持优势产业发展的暂行办法》的通知',耒阳市人民政府,2008-12-17,现行有效,地方政府规章及文件
'关于加快油茶产业发展的意见',湘西土家族苗族自治州人民政府,2008-12-04,现行有效,地方政府规章及文件
'中共株洲市委办公室、株洲市人民政府办公室关于加快承接加工贸易产业转移的实施意见',中共株洲市委办公室;株洲市人民政府办公室,2008-11-27,现行有效,地方政府规章及文件
'益阳市人民政府关于印发《益阳市2008－2013年生猪产业发展纲要》的通知',益阳市人民政府,2008-11-27,现行有效,地方政府规章及文件
'双峰县人民政府关于加快油茶产业发展的意见',娄底市双峰县人民政府,2008-11-26,现行有效,地方政府规章及文件
'益阳市人民政府办公室关于印发《益阳市生猪产业发展目标管理考核办法》的通知',益阳市人民政府办公室,2008-11-20,现行有效,地方政府规章及文件
'湖南省人民政府关于支持有色金属产业又好又快发展的意见',湖南省人民政府,2008-11-11,现行有效,地方政府规章及文件
'常德市人民政府关于积极承接沿海产业转移发展加工贸易的意见',常德市人民政府,2008-10-30,现行有效,地方政府规章及文件
'湖南省人民政府关于支持民航产业发展的意见',湖南省人民政府,2008-10-29,现行有效,地方政府规章及文件
'永州市冷水滩区人民政府关于加快油茶产业发展的意见',永州市冷水滩区人民政府,2008-10-22,现行有效,地方政府规章及文件
'关于进一步加强重点县承接产业转移工作的通知',湖南省承接产业转移发展加工贸易领导小组办公室,2008-09-27,现行有效,地方政府规章及文件
'郴州市人民政府办公室关于印发郴州市承接产业转移促进园区企业用工试行办法的通知',郴州市人民政府办公室,2008-09-19,已失效,地方政府规章及文件
'郴州市人民政府办公室关于印发郴州市加快承接产业转移促进加工贸易发展实施细则等3个文件的通知',郴州市人民政府办公室,2008-09-19,现行有效,地方政府规章及文件
'湖南省财政厅、湖南省商务厅关于印发《湖南省承接产业转移引导资金管理办法》的通知',湖南省财政厅;湖南省商务厅,2008-09-18,现行有效,地方政府规章及文件
'中共益阳市委、益阳市人民政府关于积极承接产业转移大力发展加工贸易的实施意见',中共益阳市委;益阳市人民政府,2008-09-17,现行有效,地方政府规章及文件
'关于印发《湖南省开展承接产业转移示范园区创建活动实施方案》的通知',湖南省承接产业转移发展加工贸易领导小组,2008-09-12,现行有效,地方政府规章及文件
'关于积极支持承接产业转移促进加工贸易发展的意见',湖南省工商行政管理局,2008-09-11,现行有效,地方政府规章及文件
'中共株洲市委、株洲市人民政府关于进一步加快旅游产业发展的实施意见',中共株洲市委;株洲市人民政府,2008-09-10,现行有效,地方政府规章及文件
'湖南省人民政府关于加快油茶产业发展的意见',湖南省人民政府,2008-09-03,现行有效,地方政府规章及文件
'永州市人民政府关于规范和扶持市区房地产业健康发展的意见',永州市人民政府,2008-08-31,现行有效,地方政府规章及文件
'永州市人民政府办公室转发《湖南省承接产业转移发展加工贸易领导小组办公室关于湖南省投资项目代理制试点工作指导意见》的通知',永州市人民政府办公室,2008-08-26,现行有效,地方政府规章及文件
'宁远县承接产业转移优惠政策的若干规定',永州市宁远县商务局,2008-08-26,现行有效,地方政府规章及文件
'关于印发《湖南省鼓励汽车工程机械产业扩大省内配套奖励政策实施办法（暂行）》的通知',湖南省财政厅;湖南省经济委员会,2008-08-21,现行有效,地方政府规章及文件
'转发州农业局《关于加快发展绿色食品产业意见》的通知',湘西土家族苗族自治州人民政府办公室,2008-08-18,现行有效,地方政府规章及文件
'湖南省环保局关于作好承接产业转移促进加工贸易发展的实施意见',湖南省环境保护局,2008-08-04,现行有效,地方政府规章及文件
'保靖县人民政府关于印发《关于进一步促进房地产业发展及规范管理的意见》的通知',湘西土家族苗族自治州保靖县人民政府,2008-07-29,现行有效,地方政府规章及文件
'湖南省人民政府关于加快发展服务外包产业的意见',湖南省人民政府,2008-07-25,现行有效,地方政府规章及文件
'关于加快发展油茶产业的意见',衡阳市衡东县人民政府,2008-07-20,现行有效,地方政府规章及文件
'湖南省商务厅、中国进出口银行湖南省分行关于转发《商务部、中国进出口银行关于服务外包产业发展融资支持工作的指导意见》',湖南省商务厅;中国进出口银行湖南省分行,2008-07-14,现行有效,地方政府规章及文件
'临澧县人民政府办公室关于规范烟花爆竹产业“一站式”税费征收管理的通知',常德市临澧县人民政府办公室,2008-06-26,现行有效,地方政府规章及文件
'岳阳市人民政府办公室关于加快我市茶叶产业发展的意见',岳阳市人民政府办公室,2008-06-20,现行有效,地方政府规章及文件
'湖南省人民政府关于积极承接产业转移促进加工贸易发展的意见',湖南省人民政府,2008-06-14,现行有效,地方政府规章及文件
'关于加快推进旅游产业发展的若干意见',中共湘西土家族苗族自治州委;湘西土家族苗族自治州人民政府,2008-06-14,现行有效,地方政府规章及文件
'岳阳市人民政府办公室关于印发岳阳市旅游产业发展年度考核办法(试行)的通知',岳阳市人民政府办公室,2008-06-13,现行有效,地方政府规章及文件
'长沙高新技术产业开发区管理委员会关于调整新型农村合作医疗实施方案的通知',长沙高新技术产业开发区管理委员会,2008-05-30,现行有效,地方政府规章及文件
'湖南省人民政府办公厅关于进一步加快食用菌产业发展的通知',湖南省人民政府办公厅,2008-05-29,现行有效,地方政府规章及文件
'关于建立信息产业项目建设协调服务调度制度的通知',湖南省信息产业厅办公室,2008-05-15,现行有效,地方政府规章及文件
'岳阳市人民政府关于印发岳阳市2008—2012年产业发展规划纲要的通知',岳阳市人民政府,2008-04-28,现行有效,地方政府规章及文件
'湖南省人民政府关于推进生猪产业持续健康发展的意见',湖南省人民政府,2008-04-22,现行有效,地方政府规章及文件
'长沙高新技术产业开发区管理委员会关于印发《长沙高新技术产业开发区鼓励引进龙头企业、推进技术创新、壮大产业集群的若干规定》的通知',长沙高新技术产业开发区管理委员会,2008-04-14,现行有效,地方政府规章及文件
'中共郴州市委、郴州市人民政府关于加快发展旅游文化产业的决定',中共郴州市委;郴州市人民政府,2008-03-28,现行有效,地方政府规章及文件
'宁远县人民政府关于加快生猪产业发展的意见',永州市宁远县人民政府,2008-03-14,现行有效,地方政府规章及文件
'关于加强信息化和信息产业统计工作的通知',湖南省信息产业厅;湖南省统计局,2008-03-12,现行有效,地方政府规章及文件
'中共郴州市委、郴州市人民政府关于加快承接沿海加工贸易产业转移的意见',中共郴州市委;郴州市人民政府,2008-01-22,现行有效,地方政府规章及文件
'湖南省人民政府关于利用信息技术改造和提升传统产业的指导意见',湖南省人民政府,2008-01-16,现行有效,地方政府规章及文件
'转发《林业产业政策要点》的通知',湖南省林业厅,2008-01-11,现行有效,地方政府规章及文件
'永州市人民政府办公室转发市经委《关于承接产业转移推进新型工业化鼓励投资兴办工业的若干意见》等七个意见的通知',永州市人民政府办公室,2007-11-28,现行有效,地方政府规章及文件
'岳阳市人民政府办公室转发市农业局《关于加快发展绿色食品产业意见》的通知',岳阳市人民政府办公室,2007-11-21,现行有效,地方政府规章及文件
'永州市人民政府关于加快生猪产业发展的意见',永州市人民政府,2007-11-14,现行有效,地方政府规章及文件
'郴州市人民政府办公室关于加快湖南省数字视讯产业(郴州)基地建设的实施意见',郴州市人民政府办公室,2007-11-13,现行有效,地方政府规章及文件
'关于加快茶叶产业发展的意见',常德市石门县人民政府,2007-10-23,现行有效,地方政府规章及文件
'湖南省人民政府关于加快发展湘菜产业的意见',湖南省人民政府,2007-09-29,现行有效,地方政府规章及文件
'资阳市人民政府办公室关于加强第三产业统计工作的实施意见',资阳市人民政府办公室,2007-09-27,现行有效,地方政府规章及文件
'岳阳市君山区人民政府办公室关于印发君山区产业发展规划编制工作方案的通知',岳阳市君山区人民政府办公室,2007-09-19,已失效,地方政府规章及文件
'长沙高新技术产业开发区管理委员会关于印发《长沙高新区非上市股份有限公司申请代办股份转让试点资格认定办法》的通知',长沙高新技术产业开发区管理委员会,2007-09-04,现行有效,地方政府规章及文件
'关于加快蔬菜产业发展的意见',湘西土家族苗族自治州人民政府办公室,2007-09-03,现行有效,地方政府规章及文件
'南省人民政府关于鼓励和支持工程机械产业发展的意见',湖南省人民政府,2007-08-30,现行有效,地方政府规章及文件
'关于印发《益阳市旅游产业发展年度考核评比办法》的通知',益阳市人民政府办公室,2007-08-30,现行有效,地方政府规章及文件
'长沙高新技术产业开发区管理委员会关于印发《长沙高新区推进科技企业孵化体系建设的实施办法(暂行)》的通知',长沙高新技术产业开发区管理委员会,2007-08-27,已失效,地方政府规章及文件
'长沙高新技术产业开发区管理委员会《长沙高新区对科技型中小企业投融资平台贷款项目给予财政贴息及对平台服务机构给予奖励的实施办法(暂行)》的通知',长沙高新技术产业开发区管理委员会,2007-08-27,已失效,地方政府规章及文件
'长沙高新技术产业开发区管理委员会关于印发《长沙高新区鼓励高新技术企业在代办股份转让系统进行挂牌的实施办法(暂行)》的通知',长沙高新技术产业开发区管理委员会,2007-08-27,已失效,地方政府规章及文件
'长沙高新技术产业开发区管理委员会关于印发《长沙高新区对科技创新专家、优秀企业家、优秀科技人才给予奖励的实施办法(暂行)》的通知',长沙高新技术产业开发区管理委员会,2007-08-27,已失效,地方政府规章及文件
'长沙高新技术产业开发区管理委员会关于印发《长沙高新区实施品牌、专利、标准化战略的奖励办法(暂行)》的通知',长沙高新技术产业开发区管理委员会,2007-08-27,已失效,地方政府规章及文件
'湖南省信息产业厅关于切实抓好当前电子信息产业安全生产工作的紧急通知',湖南省信息产业厅,2007-08-21,现行有效,地方政府规章及文件
'中共永州市委、永州市人民政府关于加快全市旅游产业发展的决定',中共永州市委;永州市人民政府,2007-08-14,现行有效,地方政府规章及文件
'郴州市人民政府办公室转发市农业局《关于加快发展全市绿色食品产业意见》的通知',郴州市人民政府办公室,2007-07-31,现行有效,地方政府规章及文件
'湖南省人民政府办公厅关于印发湖南省“十一五”高新技术产业发展规划的通知',湖南省人民政府办公厅,2007-07-27,现行有效,地方政府规章及文件
'临澧县人民政府关于加快烟花爆竹产业发展的意见',常德市临澧县人民政府,2007-07-17,现行有效,地方政府规章及文件
'临澧县人民政府关于加快石膏产业发展的意见',常德市临澧县人民政府,2007-07-17,现行有效,地方政府规章及文件
'湖南省人民政府关于支持汽车产业发展的若干政策意见',湖南省人民政府,2007-07-12,现行有效,地方政府规章及文件
'永州市人民政府办公室关于印发《永州市旅游产业发展年度考核奖励办法（试行）》的通知',永州市人民政府办公室,2007-06-29,现行有效,地方政府规章及文件
'湖南省人民政府办公厅转发省财政厅等单位关于鼓励和扶持动漫产业发展若干经济政策的通知',湖南省人民政府办公厅,2007-05-29,现行有效,地方政府规章及文件
'中共湖南省委、湖南省人民政府关于加快发展旅游产业的决定',中共湖南省委;湖南省人民政府,2007-05-29,现行有效,地方政府规章及文件
'永州市人民政府办公室转发市农业局《关于加快绿色食品产业发展实施意见》的通知',永州市人民政府办公室,2007-04-26,现行有效,地方政府规章及文件
'邵阳市人民政府办公室转发市农业局《关于加快发展全市绿色食品产业意见》的通知',邵阳市人民政府办公室,2007-04-13,现行有效,地方政府规章及文件
'湖南省财政厅、湖南省信息产业厅关于印发《湖南省信息产业发展专项资金管理暂行办法》的通知',湖南省财政厅;湖南省信息产业厅,2007-04-04,现行有效,地方政府规章及文件
'湘西土家族苗族自治州人民政府关于加快培育发展产业集群的意见',湘西土家族苗族自治州人民政府,2007-03-22,现行有效,地方政府规章及文件
'湖南省人民政府关于支持汽车产业发展的若干政策意见',湖南省人民政府,2007-03-12,现行有效,地方政府规章及文件
'中共湖南省委办公厅、湖南省人民政府办公厅关于扶持我省动漫产业发展的意见',中共湖南省委办公厅;湖南省人民政府办公厅,2007-02-13,现行有效,地方政府规章及文件
'中共湖南省委办公厅、湖南省人民政府办公厅关于建立湖南省新型工业化重点产业联系责任制度的通知',中共湖南省委办公厅;湖南省人民政府办公厅,2007-02-02,现行有效,地方政府规章及文件
'湖南省人民政府关于大力培育发展产业集群的意见',湖南省人民政府,2007-01-31,现行有效,地方政府规章及文件
'中共常德市委、常德市人民政府关于促进旅游产业发展的决定',中共常德市委;常德市人民政府,2007,现行有效,地方政府规章及文件
'株洲市人民政府关于加快株洲服饰产业发展的若干意见',株洲市人民政府,2006-12-27,部分失效,地方政府规章及文件
'株洲市人民政府关于加快发展株洲阀门产业的若干意见',株洲市人民政府,2006-12-25,部分失效,地方政府规章及文件
'湖南省发展和改革委员会关于颁布《湖南省实施〈国家高技术产业发展项目管理暂行办法〉细则（试行）》的通知',湖南省发展和改革委员会,2006-11-18,现行有效,地方政府规章及文件
'湖南省发展和改革委员会关于颁布《湖南省实施＜国家高技术产业发展项目管理暂行办法＞细则(试行)》的通知',湖南省发展和改革委员会,2006-11-18,现行有效,地方政府规章及文件
'湖南省人民政府办公厅关于转发省政府信息化工作办公室省信息产业厅《湖南省信息化工程建设管理暂行办法》的通知',湖南省人民政府办公厅,2006-10-27,现行有效,地方政府规章及文件
'中共永州市委、永州市人民政府关于大力培育发展产业集群的意见',中共永州市委;永州市人民政府,2006-09-12,现行有效,地方政府规章及文件
'湖南省信息产业厅关于印发《湖南省申报国家电子发展基金实施办法（试行）》的通知',湖南省信息产业厅,2006-08-23,现行有效,地方政府规章及文件
'关于印发《怀化市社会主义新农村建设产业发展工作方案》等七个专业工作方案的通知',怀化市建设社会主义新农村领导小组,2006-08-14,现行有效,地方政府规章及文件
'湖南省人民政府办公厅关于进一步加快茶叶产业发展的意见',湖南省人民政府办公厅,2006-07-27,现行有效,地方政府规章及文件
'衡阳市人民政府办公室关于印发《衡阳市工业重点产业享受财政优惠政策的审核办法》的通知',衡阳市人民政府办公室,2006-03-21,现行有效,地方政府规章及文件
'湖南省人民政府办公厅关于促进银行卡产业发展有关问题的通知',湖南省人民政府办公厅,2006-01-26,现行有效,地方政府规章及文件
