'贵州省茶产业发展条例',贵州省人民代表大会常务委员会,2020-12-04,现行有效,地方性法规及文件
'黔南布依族苗族自治州促进茶产业发展条例',黔南布依族苗族自治州人民代表大会常务委员会,2014,现行有效,地方性法规及文件
'贵阳高新技术产业开发区条例',贵阳市人民代表大会常务委员会,2011-04-08,现行有效,地方性法规及文件
'贵州省人民代表大会常务委员会关于批准《贵阳高新技术产业开发区条例》的决议',贵州省人民代表大会常务委员会,2011,现行有效,地方性法规及文件
'贵州省高新技术产业发展条例',贵州省人民代表大会常务委员会,2007-09-24,现行有效,地方性法规及文件
'中共贵阳市旅游产业发展委员会党组党务公开实施方案',中共贵阳市旅游产业发展委员会党组,2010-12-23,现行有效,团体规定
'关于印发《贵阳国家高新技术产业开发区清明节期间森林防火工作预案》的通知',贵阳国家高新技术产业开发区党政办公室,2008-04-03,现行有效,团体规定
'关于印发《贵阳国家高新技术产业开发区自然灾害救助应急预案》的紧急通知',贵阳国家高新技术产业开发区党政办公室,2008-01-20,现行有效,团体规定
'省财政厅、省农业农村厅关于印发《贵州省农村产业革命牛羊产业发展专项资金管理办法(试行)》的通知',贵州省财政厅;贵州省农业农村厅,2020-07-20,现行有效,地方政府规章及文件
'省市场监管局关于印发2020年基础能源产业振兴行动实施方案的通知',贵州省市场监督管理局,2020-06-29,现行有效,地方政府规章及文件
'市人民政府办公厅关于印发贵阳市2020年坝区农业产业结构调整工作推进方案的通知',贵阳市人民政府办公厅,2020-06-19,现行有效,地方政府规章及文件
'省市场监管局关于印发推进我省十大工业产业高质量发展政策措施清单的通知',贵州省市场监督管理局,2020-05-20,现行有效,地方政府规章及文件
'省人民政府关于加快区块链技术应用和产业发展的意见',贵州省人民政府,2020-04-27,现行有效,地方政府规章及文件
'贵阳市林业局、贵阳市民政局、贵阳市卫生健康局关于印发《关于大力推进森林康养产业发展实施意见》的通知',贵阳市林业局;贵阳市民政局;贵阳市卫生健康局,2020-02-26,现行有效,地方政府规章及文件
'贵州省人民政府关于加快推进农业机械化和农机装备产业发展的实施意见',贵州省人民政府,2019-12-31,现行有效,地方政府规章及文件
'省人民政府办公厅关于加快推进煤层气(煤矿瓦斯)产业发展的指导意见(2019—2025年)',贵州省人民政府办公厅,2019-12-30,现行有效,地方政府规章及文件
'省人民政府办公厅关于加快推进页岩气产业发展的指导意见(2019—2025年)',贵州省人民政府办公厅,2019-12-30,现行有效,地方政府规章及文件
'黔南州人民政府关于黔南州绿色经济“四型”产业发展的实施意见',黔南布依族苗族自治州人民政府,2019-12-02,现行有效,地方政府规章及文件
'省科技厅关于印发科技支撑农村产业革命“三个‘1+1’”试点方案的通知',贵州省科学技术厅,2019-11-27,现行有效,地方政府规章及文件
'关于开展我市国家级信息技术服务产业集群建设相关工作的通知',贵阳市发展和改革委员会,2019-11-13,现行有效,地方政府规章及文件
'黔南州人民政府关于印发黔南州十大工业产业振兴行动方案的通知',黔南布依族苗族自治州人民政府,2019-10-01,现行有效,地方政府规章及文件
'市人民政府办公厅关于印发贵阳市全面开展“校农结合”工作助推农村产业革命和脱贫攻坚实施方案的通知',贵阳市人民政府办公厅,2019-09-16,现行有效,地方政府规章及文件
'市人民政府办公厅关于印发贵阳产业发展控股集团有限公司组建方案的通知',贵阳市人民政府办公厅,2019-09-10,现行有效,地方政府规章及文件
'省财政厅、省工业和信息化厅关于印发《贵州省十大千亿级工业(生态特色食品)产业振兴专项资金管理办法》的通知',贵州省财政厅;贵州省工业和信息化厅,2019-08-29,现行有效,地方政府规章及文件
'省教育厅等八部门印发《关于深化“校农结合”工作助推农村产业革命和脱贫攻坚的指导意见》的通知',贵州省教育厅;贵州省商务厅;贵州省农业农村厅;贵州省财政厅;贵州省卫生健康委员会;贵州省发展和改革委员会;贵州省市场监督管理局;贵州省扶贫开发办公室,2019-08-08,现行有效,地方政府规章及文件
'关于印发《贵州省500亩以上坝区农业产业结构调整奖补资金和项目管理办法(试行)》的通知',贵州省财政厅;贵州省农业农村厅;贵州省统计局,2019-06-28,现行有效,地方政府规章及文件
'市安委办关于做好2019中国国际大数据产业博览会期间安全生产和自然灾害工作的通知',贵阳市安全生产委员会办公室,2019-05-07,现行有效,地方政府规章及文件
'省药品监管局关于印发《贵州省药品监督管理局推进中药材产业发展行动方案》的通知',贵州省药品监督管理局,2019-04-30,现行有效,地方政府规章及文件
'省大数据发展领导小组办公室关于印发《2019年贵州省深化提升“万企融合”大行动推动大数据应用和产业转型工作方案》的通知',贵州省大数据发展领导小组办公室,2019-04-29,现行有效,地方政府规章及文件
'黔南州人民政府关于促进煤炭产业发展的意见',黔南布依族苗族自治州人民政府,2019-04-28,现行有效,地方政府规章及文件
'市人民政府办公厅关于推进烟叶产业高质量发展的实施意见',贵阳市人民政府办公厅,2019-04-25,现行有效,地方政府规章及文件
'关于印发《2019中国国际大数据产业博览会期间建筑工地环境整治工作方案》的通知',贵阳市住房和城乡建设局,2019-04-15,已失效,地方政府规章及文件
'州人民政府办公室关于推动全州烤烟产业高质量发展的意见(2019—2022年)',黔西南布依族苗族自治州人民政府办公室,2019-03-22,现行有效,地方政府规章及文件
'毕节市人民政府办公室关于印发毕节市践行“八要素”之农民培训助推农村产业革命三年行动方案(2019—2021年)的通知',毕节市人民政府办公室,2019-02-18,现行有效,地方政府规章及文件
'黔南州人民政府办公室关于印发《黔南州推进烤烟产业高质量发展的实施方案》的通知',黔南布依族苗族自治州人民政府办公室,2019-01-21,现行有效,地方政府规章及文件
'贵阳市农业委员会(市扶贫办)办公室关于印发《贵阳市农业系统以“学起来、讲起来、干起来”为抓手开展“冬季充电”推进农村产业革命工作方案》的通知',贵阳市农业委员会办公室;贵阳市扶贫开发办公室,2019-01-02,现行有效,地方政府规章及文件
'贵州省商务厅关于印发《2019年全省开发区产业大招商工作实施方案》的通知',贵州省商务厅,2019,现行有效,地方政府规章及文件
'省人民政府办公厅关于推动全省烤烟产业高质量发展的意见',贵州省人民政府办公厅,2018-12-17,现行有效,地方政府规章及文件
'黔南州农业委员会关于转发《省农业农村厅、省扶贫开发办公室关于建立贫困户产业发展指导员制度的实施方案》的通知',黔南布依族苗族自治州农业委员会,2018-12-12,现行有效,地方政府规章及文件
'省人民政府关于印发贵州省十大千亿级工业产业振兴行动方案的通知',贵州省人民政府,2018-12-11,现行有效,地方政府规章及文件
'省经济和信息化委关于印发《推进产业园区工业高质量发展综合考评办法》的通知',贵州省经济和信息化委员会,2018-11-09,现行有效,地方政府规章及文件
'黔南州农业委员会关于印发《黔南州农业委员会关于中央第四巡视组巡视反馈意见产业扶贫领域整改工作方案》的通知',黔南布依族苗族自治州农业委员会,2018-10-10,现行有效,地方政府规章及文件
'市旅游产业发展委关于印发贵阳市入境旅游奖励试行办法的通知',贵阳市旅游产业发展委员会,2018-10-10,现行有效,地方政府规章及文件
'省人民政府办公厅关于支持安顺市大健康医药产业加快发展的意见',贵州省人民政府办公厅,2018-10-06,现行有效,地方政府规章及文件
'安顺市人民政府办公室关于印发安顺市通用航空产业综合示范区建设三年行动计划(2018-2020年)的通知',安顺市人民政府办公室,2018-09-30,现行有效,地方政府规章及文件
'市人民政府办公厅关于鼓励和促进全市旅游商品产业发展若干政策的意见',贵阳市人民政府办公厅,2018-08-30,现行有效,地方政府规章及文件
'贵阳市人民政府办公厅关于加快温泉旅游产业发展的实施意见',贵阳市人民政府办公厅,2018-08-21,现行有效,地方政府规章及文件
'市人民政府关于印发贵阳市产业大招商政策措施的通知',贵阳市人民政府,2018-07-31,现行有效,地方政府规章及文件
'关于印发《2018年贵阳市旅游产业发展委法治宣传教育工作安排意见》的通知',贵阳市旅游产业发展委员会,2018-07-18,现行有效,地方政府规章及文件
'关于印发《贵阳市旅游产业发展委员会2018年依法行政工作要点》的通知',贵阳市旅游产业发展委员会,2018-07-18,现行有效,地方政府规章及文件
'黔南州人民政府办公室关于加快推进农村一二三产业融合发展的实施意见',黔南布依族苗族自治州人民政府办公室,2018-07-17,现行有效,地方政府规章及文件
'市人民政府办公厅关于印发贵阳市食用菌产业发展行动计划(2018—2020年)的通知',贵阳市人民政府办公厅,2018-07-06,现行有效,地方政府规章及文件
'市人民政府办公厅关于印发贵阳市中药材产业发展行动计划(2018—2020年)的通知',贵阳市人民政府办公厅,2018-07-06,现行有效,地方政府规章及文件
'安顺市人民政府办公室关于印发安顺市支持白酒产业振兴发展的实施意见的通知',安顺市人民政府办公室,2018-06-22,现行有效,地方政府规章及文件
'贵州省经济和信息化委员会、贵州省商务厅关于印发《贵州省促进包装产业转型发展的实施意见》的通知',贵州省经济和信息化委员会;贵州省商务厅,2018-05-24,现行有效,地方政府规章及文件
'贵州省教育厅关于印发《全省高校服务农村产业革命工作方案》的通知',贵州省教育厅,2018-05-14,现行有效,地方政府规章及文件
'安顺市人民政府办公室关于印发安顺市加快推进农村一二三产业融合发展实施方案的通知',安顺市人民政府办公室,2018-05-06,现行有效,地方政府规章及文件
'省经济和信息化委关于分解落实2018年全省产业园区目标任务的通知',贵州省经济和信息化委员会,2018-04-20,现行有效,地方政府规章及文件
'黔南州农业委员会关于印发《黔南州农业产业振兴的实施意见》等意见的通知',黔南布依族苗族自治州农业委员会,2018-04-10,现行有效,地方政府规章及文件
'省人民政府办公厅关于加快温泉旅游产业发展的意见',贵州省人民政府办公厅,2018-04-09,现行有效,地方政府规章及文件
'市旅游产业发展委关于印发《推进全域旅游城乡“三变”改革工作方案》的通知',贵阳市旅游产业发展委员会,2018-04-02,现行有效,地方政府规章及文件
'省经济和信息化委关于做好2018年产业园区安全生产和消防安全工作的通知',贵州省经济和信息化委员会,2018-03-20,现行有效,地方政府规章及文件
'州人民政府办公室关于印发《黔西南州推进农村一二三产业融合发展工作方案》的通知',黔西南布依族苗族自治州人民政府办公室,2018-03-06,现行有效,地方政府规章及文件
'市人民政府办公厅关于印发贵阳市停车产业共建共享行动方案(2017—2020年)的通知',贵阳市人民政府办公厅,2018-03-06,现行有效,地方政府规章及文件
'关于印发《贵州省“十三五”以大数据为引领的电子信息产业发展规划》的通知',贵州省大数据发展管理局;贵州省经济和信息化委员会,2018-03-02,现行有效,地方政府规章及文件
'州人民政府办公室关于加快发展健身休闲产业的实施意见',黔西南布依族苗族自治州人民政府办公室,2018-02-01,现行有效,地方政府规章及文件
'市人民政府办公厅关于支持人民大道、旅游公路环线、花冠路沿线及周边棚户区城中村改造和产业发展的意见',贵阳市人民政府办公厅,2018-01-20,现行有效,地方政府规章及文件
'市人民政府办公室关于印发六盘水市支持文化创意产业发展改革的实施方案的通知',六盘水市人民政府办公室,2017-12-29,现行有效,地方政府规章及文件
'省人民政府办公厅关于推进农村一二三产业融合发展的实施意见',贵州省人民政府办公厅,2017-12-29,现行有效,地方政府规章及文件
'市人民政府办公厅关于印发贵阳市农业产业结构调整行动计划(2018—2019年)的通知',贵阳市人民政府办公厅,2017-12-18,现行有效,地方政府规章及文件
'市人民政府办公厅关于印发贵阳市工业和信息化产业发展引导基金管理办法(2017年修订)的通知',贵阳市人民政府办公厅,2017-11-25,现行有效,地方政府规章及文件
'省人民政府办公厅关于支持铜仁市大健康医药产业加快发展的意见',贵州省人民政府办公厅,2017-11-14,现行有效,地方政府规章及文件
'市人民政府办公室关于印发六盘水市发展中药材产业助推脱贫攻坚三年行动方案(2017—2019年)的通知',六盘水市人民政府办公室,2017-11-05,现行有效,地方政府规章及文件
'铜仁市人民政府办公室关于印发铜仁市实施工业重点行业以奖代补推动产业转型升级扶持方案的通知',铜仁市人民政府办公室,2017-11-01,现行有效,地方政府规章及文件
'铜仁市人民政府办公室关于印发铜仁市创新农产品产销对接机制提高产业扶贫精准度和实效性实施方案的通知',铜仁市人民政府办公室,2017-10-31,现行有效,地方政府规章及文件
'铜仁市人民政府办公室关于印发铜仁市大数据助推农业产业脱贫攻坚三年行动实施方案(2017—2019年)的通知',铜仁市人民政府办公室,2017-10-31,现行有效,地方政府规章及文件
'市政府办公厅关于印发贵阳市促进大健康医药产业加快发展实施方案(2017—2020年)的通知',贵阳市人民政府办公厅,2017-10-24,现行有效,地方政府规章及文件
'市人民政府办公厅关于成立瑞士(贵州)产业示范园项目工作领导小组的通知',贵阳市人民政府办公厅,2017-10-10,现行有效,地方政府规章及文件
'安顺市人民政府办公室关于印发安顺市发展茶产业助推脱贫攻坚三年行动实施方案(2017-2019年)的通知',安顺市人民政府办公室,2017-09-26,现行有效,地方政府规章及文件
'安顺市人民政府办公室关于印发安顺市发展生态家禽产业助推脱贫攻坚三年行动实施方案(2017-2019年)的通知',安顺市人民政府办公室,2017-09-26,现行有效,地方政府规章及文件
'安顺市人民政府办公室关于印发安顺市发展食用菌产业助推脱贫攻坚三年行动实施方案(2017-2019年)的通知',安顺市人民政府办公室,2017-09-26,现行有效,地方政府规章及文件
'安顺市人民政府办公室关于印发安顺市发展蔬菜产业助推脱贫攻坚三年行动实施方案(2017-2019年)的通知',安顺市人民政府办公室,2017-09-26,现行有效,地方政府规章及文件
'安顺市人民政府办公室关于印发安顺市发展中药材产业助推脱贫攻坚三年行动实施方案(2017—2019年)的通知',安顺市人民政府办公室,2017-09-26,现行有效,地方政府规章及文件
'市人民政府办公室关于印发《遵义市方竹产业助推脱贫攻坚实施方案(2017—2019年)》的通知',遵义市人民政府办公室,2017-09-21,现行有效,地方政府规章及文件
'市人民政府办公室关于印发《遵义市生态家禽产业助推脱贫攻坚三年行动方案(2017—2019年)》的通知',遵义市人民政府办公室,2017-09-21,现行有效,地方政府规章及文件
'市人民政府办公室关于印发《遵义市辣椒产业助推脱贫攻坚三年行动方案(2017—2019年)》的通知',遵义市人民政府办公室,2017-09-21,现行有效,地方政府规章及文件
'市人民政府办公室关于印发《遵义市食用菌产业助推脱贫攻坚三年行动方案(2017—2019年)》的通知',遵义市人民政府办公室,2017-09-21,现行有效,地方政府规章及文件
'贵阳市农业委员会(市扶贫办)关于印发2017年脱贫攻坚秋季攻势产业扶贫目标任务的通知',贵阳市农业委员会,2017-09-15,现行有效,地方政府规章及文件
'毕节市人民政府关于宣布《毕节市人民政府办公室关于印发毕节市促进房地产业平稳健康发展若干政策措施的通知》失效的决定',毕节市人民政府,2017-09-12,现行有效,地方政府规章及文件
'铜仁市人民政府办公室关于印发铜仁市产业园区绿化建设管理技术规定(试行)的通知',铜仁市人民政府办公室,2017-09-09,现行有效,地方政府规章及文件
'省人民政府办公厅关于印发贵州省发展茶产业助推脱贫攻坚三年行动方案(2017—2019年)的通知',贵州省人民政府办公厅,2017-09-08,现行有效,地方政府规章及文件
'省人民政府办公厅关于印发贵州省发展蔬菜产业助推脱贫攻坚三年行动方案(2017-2019年)的通知',贵州省人民政府办公厅,2017-09-08,现行有效,地方政府规章及文件
'州人民政府办公室关于印发《黔西南州“十三五”科学技术和高新技术产业发展规划》的通知',黔西南布依族苗族自治州人民政府办公室,2017-09-06,现行有效,地方政府规章及文件
'省人民政府办公厅关于印发贵州省发展中药材产业助推脱贫攻坚三年行动方案(2017—2019年)的通知',贵州省人民政府办公厅,2017-09-05,现行有效,地方政府规章及文件
'省人民政府办公厅关于印发贵州省发展生态家禽产业助推脱贫攻坚三年行动方案(2017—2019年)的通知',贵州省人民政府办公厅,2017-09-05,现行有效,地方政府规章及文件
'省人民政府办公厅关于印发贵州省发展食用菌产业助推脱贫攻坚三年行动方案(2017—2019年)的通知',贵州省人民政府办公厅,2017-09-02,现行有效,地方政府规章及文件
'贵阳国家高新区管理委员会关于印发《贵阳国家高新区大数据产业招商引智十条政策措施(修订)》的通知',贵阳国家高新技术产业开发区管理委员会,2017-08-29,现行有效,地方政府规章及文件
'省人民政府办公厅关于进一步支持返乡下乡人员创业创新促进农村一二三产业融合发展的实施意见',贵州省人民政府办公厅,2017-08-25,现行有效,地方政府规章及文件
'省人民政府办公厅关于创新农产品产销对接机制提高产业扶贫精准度和实效性的意见',贵州省人民政府办公厅,2017-06-29,现行有效,地方政府规章及文件
'铜仁市人民政府办公室关于印发铜仁市2017年烟叶产业发展绩效考核办法的通知',铜仁市人民政府办公室,2017-06-27,现行有效,地方政府规章及文件
'市人民政府办公厅关于支持息烽县加快吊瓜产业发展的意见',贵阳市人民政府办公厅,2017-06-08,现行有效,地方政府规章及文件
'市人民政府办公厅关于印发贵州贵顺产业园区开发有限公司组建方案的通知',贵阳市人民政府办公厅,2017-05-31,现行有效,地方政府规章及文件
'黔南州人民政府办公室关于印发黔南州绿壳蛋鸡产业发展三年行动计划(2017-2019年)的通知',黔南布依族苗族自治州人民政府办公室,2017-05-22,现行有效,地方政府规章及文件
'市人民政府办公厅关于启用贵阳市军民融合产业发展领导小组及贵阳市国防科学技术工业办公室印章的通知',贵阳市人民政府办公厅,2017-05-19,现行有效,地方政府规章及文件
'省人民政府办公厅关于印发贵州省促进天然饮用水产业加快发展的意见的通知',贵州省人民政府办公厅,2017-05-01,现行有效,地方政府规章及文件
'贵州省发展和改革委员会关于规范政府出资产业投资基金设立和加强信用监管等相关工作的通知',贵州省发展和改革委员会,2017-04-21,现行有效,地方政府规章及文件
'黔南州人民政府关于印发黔南州刺梨产业提升三年行动计划的通知',黔南布依族苗族自治州人民政府,2017-04-20,现行有效,地方政府规章及文件
'市人民政府办公厅关于印发贵阳市促进医药产业健康发展实施方案的通知',贵阳市人民政府办公厅,2017-03-13,现行有效,地方政府规章及文件
'关于印发贵州省大数据产业及数字经济运行调度机制的通知',贵州省大数据发展领导小组办公室,2017-03-06,现行有效,地方政府规章及文件
'贵阳市人民政府关于修改《贵阳市人民政府关于在各区下放、委托实施第一批市级行政审批事项和在贵阳国家高新技术产业开发区、贵阳经济技术开发区、贵阳综合保税区委托实施第二批行政审批事项的决定》附件1表中相关内容的决定',贵阳市人民政府,2017-03-06,现行有效,地方政府规章及文件
'省经济和信息化委关于印发贵州省“十三五”新兴产业发展规划的通知',贵州省经济和信息化委员会,2017-02-28,现行有效,地方政府规章及文件
'省人民政府办公厅关于加快发展健身休闲产业的实施意见',贵州省人民政府办公厅,2017-02-24,现行有效,地方政府规章及文件
'省人民政府办公厅关于印发《贵州省促进产业投资基金加快发展的意见》和《贵州省产业投资基金管理暂行办法》的通知',贵州省人民政府办公厅,2017-01-26,现行有效,地方政府规章及文件
'黔南州人民政府办公室关于大力开展产业扶贫招商工作的通知',黔南布依族苗族自治州人民政府办公室,2017-01-25,现行有效,地方政府规章及文件
'市人民政府办公厅印发《关于推进贵阳市林业产业发展的实施方案》的通知',贵阳市人民政府办公厅,2017-01-24,现行有效,地方政府规章及文件
'市人民政府办公厅印发《关于推进供给侧结构性改革促进房地产业平稳健康发展的若干措施(试行)》的通知',贵阳市人民政府办公厅,2017-01-06,现行有效,地方政府规章及文件
'市人民政府办公室关于印发六盘水市促进房地产业持续健康发展的若干意见的通知',六盘水市人民政府办公室,2016-12-12,已失效,地方政府规章及文件
'省人民政府办公厅关于支持贵阳市大健康医药产业加快发展的意见',贵州省人民政府办公厅,2016-11-29,现行有效,地方政府规章及文件
'铜仁市人民政府办公室关于印发铜仁市通大自然村寨公路(含产业路、旅游路)建设实施方案的通知',铜仁市人民政府办公室,2016-11-16,现行有效,地方政府规章及文件
'毕节市人民政府关于加快推进大健康产业发展的实施意见',毕节市人民政府,2016-10-21,现行有效,地方政府规章及文件
'省人民政府办公厅关于促进医药产业健康发展的实施意见',贵州省人民政府办公厅,2016-10-10,现行有效,地方政府规章及文件
'关于《贵州省绿色经济“四型”产业发展引导目录(试行)》的公告',贵州省发展和改革委员会,2016-09-30,现行有效,地方政府规章及文件
'省人民政府办公厅关于印发贵州省推动白酒行业供给侧结构性改革促进产业转型升级的实施意见',贵州省人民政府办公厅,2016-09-26,现行有效,地方政府规章及文件
'州人民政府办公室关于印发黔西南州民族民间工艺品产业“十三五”发展规划的通知',黔西南布依族苗族自治州人民政府办公室,2016-09-12,现行有效,地方政府规章及文件
'州人民政府办公室印发关于推进全州林业产业发展的实施方案的通知',黔西南布依族苗族自治州人民政府办公室,2016-08-11,现行有效,地方政府规章及文件
'黔南州人民政府关于进一步促进房地产业健康发展的指导意见',黔南布依族苗族自治州人民政府,2016-08-11,现行有效,地方政府规章及文件
'市人民政府办公室关于印发六盘水市低产林改造促进林业产业健康发展实施意见的通知',六盘水市人民政府办公室,2016-08-04,现行有效,地方政府规章及文件
'市人民政府办公室关于印发《推进传统煤炭产业转型升级发展改革方案》的通知',六盘水市人民政府办公室,2016-07-07,现行有效,地方政府规章及文件
'省人民政府办公厅关于印发贵州省推动煤炭、电力行业供给侧结构性改革促进产业转型升级的实施意见',贵州省人民政府办公厅,2016-06-18,现行有效,地方政府规章及文件
'关于印发铜仁市生态林业产业发展实施意见的通知',铜仁市人民政府办公室,2016-06-08,现行有效,地方政府规章及文件
'关于印发《贵阳市工商行政管理局2016中国电子商务创新发展大会暨贵阳国际大数据产业博览会期间市场监管工作方案》的通知',贵阳市工商行政管理局,2016-04-07,现行有效,地方政府规章及文件
'市人民政府关于印发《兴义市大健康医药产业发展实施方案》的通知',兴义市人民政府,2016-04-06,现行有效,地方政府规章及文件
'市政府关于进一步加快黎阳高新技术产业园区建设促进高新技术产业发展的意见',安顺市人民政府,2016-04-05,现行有效,地方政府规章及文件
'黔西南州人民政府关于加快化解房地产库存促进房地产业健康发展的若干意见',黔西南布依族苗族自治州人民政府,2016-03-31,现行有效,地方政府规章及文件
'市人民政府办公室关于印发《六盘水市关于加快发展体育产业促进体育消费的实施意见》的通知',六盘水市人民政府办公室,2016-03-28,现行有效,地方政府规章及文件
'市人民政府关于推动大健康产业加快发展的实施意见',遵义市人民政府,2016-03-17,现行有效,地方政府规章及文件
'铜仁市人民政府办公室关于印发铜仁市2016年度生态茶产业发展工作安排意见的通知',铜仁市人民政府办公室,2016-03-11,现行有效,地方政府规章及文件
'铜仁市人民政府办公室关于印发加快推进有机产业发展的实施方案的通知',铜仁市人民政府办公室,2016-03-08,现行有效,地方政府规章及文件
'州人民政府办公室转发《州烟草公司、农业银行黔西南分行关于在“十三五”期间联合开展金融与烤烟产业结合助力扶贫开发的实施方案》的通知',黔西南布依族苗族自治州人民政府办公室,2016-03-03,现行有效,地方政府规章及文件
'黔南州人民政府办公室关于印发黔南州州级生态文化旅游产业园区管理暂行办法的通知',黔南布依族苗族自治州人民政府办公室,2016-02-04,现行有效,地方政府规章及文件
'市政府办关于印发安顺市推进林业产业发展实施方案的通知',安顺市人民政府办公室,2016-02-02,现行有效,地方政府规章及文件
'市人民政府办公室关于印发《六盘水市壮大优势企业推进产业集群发展的实施方案》的通知',六盘水市人民政府办公室,2016-01-19,现行有效,地方政府规章及文件
'关于印发铜仁市林业产业发展实施方案(2016—2017年)的通知',铜仁市人民政府办公室,2016-01-17,现行有效,地方政府规章及文件
'市人民政府办公室关于印发《六盘水市大健康医药产业发展实施计划(2016—2020年)》的通知',六盘水市人民政府办公室,2016-01-14,现行有效,地方政府规章及文件
'省人民政府办公厅关于推进文化创意和设计服务与相关产业融合发展的实施意见',贵州省人民政府办公厅,2015-12-17,现行有效,地方政府规章及文件
'市人民政府办公室关于印发《六盘水市加快煤层气产业发展的指导意见》的通知',六盘水市人民政府办公室,2015-12-15,现行有效,地方政府规章及文件
'市人民政府办公室印发《六盘水市关于加快推进大健康医药产业发展的实施意见》的通知',六盘水市人民政府办公室,2015-12-15,现行有效,地方政府规章及文件
'省人民政府关于支持贵州侗乡大健康产业示范区建设发展的意见',贵州省人民政府,2015-12-11,现行有效,地方政府规章及文件
'市人民政府办公室关于印发《六盘水市促进清洁能源产业发展实施意见》的通知',六盘水市人民政府办公室,2015-12-08,现行有效,地方政府规章及文件
'贵阳市旅游产业发展委开展2015年“12.4”国家宪法日暨全国法制宣传日活动方案',贵阳市旅游产业发展委员会,2015-12-01,现行有效,地方政府规章及文件
'省人民政府办公厅印发《关于推进全省林业产业发展的实施方案》的通知',贵州省人民政府办公厅,2015-11-01,现行有效,地方政府规章及文件
'市人民政府办公室关于印发《六盘水市加快石材产业发展实施意见》的通知',六盘水市人民政府办公室,2015-10-28,现行有效,地方政府规章及文件
'省人民政府办公厅关于创新财政专项资金支持产业发展使用方式的意见',贵州省人民政府办公厅,2015-09-16,现行有效,地方政府规章及文件
'铜仁市人民政府关于铜仁市2015年秋冬季现代农业产业发展的实施意见',铜仁市人民政府,2015-09-10,现行有效,地方政府规章及文件
'省人民政府办公厅关于支持黔东南自治州大健康医药产业加快发展的意见',贵州省人民政府办公厅,2015-08-29,现行有效,地方政府规章及文件
'市人民政府办公室关于印发六盘水市农业特色产业“3155工程”管护暂行办法的通知',六盘水市人民政府办公室,2015-08-24,现行有效,地方政府规章及文件
'省人民政府办公厅关于加快发展体育产业促进体育消费的实施意见',贵州省人民政府办公厅,2015-08-05,现行有效,地方政府规章及文件
'市人民政府办公室关于转发市农委《六盘水市薏仁产业提升三年行动计划(2015—2017年)》的通知',六盘水市人民政府办公室,2015-08-01,现行有效,地方政府规章及文件
'毕节市人民政府关于加快推进新医药产业发展的实施意见',毕节市人民政府,2015-06-10,现行有效,地方政府规章及文件
'市政府关于印发安顺市加快推进健康养生产业发展的实施方案的通知',安顺市人民政府,2015-06-02,现行有效,地方政府规章及文件
'省经济和信息化委关于印发《贵州省100个产业园区成长工程2015年推进计划》的通知',贵州省经济和信息化委员会,2015-04-09,现行有效,地方政府规章及文件
'铜仁市人民政府办公室关于印发铜仁市2015年度油茶、竹产业发展实施意见的通知',铜仁市人民政府办公室,2015-03-27,现行有效,地方政府规章及文件
'铜仁市人民政府关于促进新医药大健康产业发展的实施意见',铜仁市人民政府,2015-02-16,现行有效,地方政府规章及文件
'铜仁市人民政府办公室印发关于加快铜仁市花卉苗木产业发展实施意见的通知',铜仁市人民政府办公室,2015-02-13,现行有效,地方政府规章及文件
'铜仁市人民政府办公室关于印发铜仁市加快葛根产业发展实施意见的通知',铜仁市人民政府办公室,2015-02-06,现行有效,地方政府规章及文件
'市人民政府办公室关于印发《遵义市产业园区环境保护管理办法》的通知',遵义市人民政府办公室,2014-12-15,现行有效,地方政府规章及文件
'关于推进贵州物联网等产业技术创新战略联盟培育建设工作的通知',贵州省科学技术厅;贵州省经济和信息化委员会,2014-10-17,现行有效,地方政府规章及文件
'省人民政府关于向贵安新区、国家级经济技术开发区、国家级高新技术产业开发区和贵阳综合保税区下放一批行政管理事项的决定',贵州省人民政府,2014-08-22,现行有效,地方政府规章及文件
'州人民政府办公室关于印发《黔西南州加快“四个一体化”产业发展工作方案》的通知',黔西南布依族苗族自治州人民政府办公室,2014-08-20,现行有效,地方政府规章及文件
'市政府办关于落实妇女特色手工产业锦绣计划的实施意见',安顺市人民政府办公室,2014-06-17,现行有效,地方政府规章及文件
'市政府办关于促进饰面石材产业健康发展的通知',安顺市人民政府办公室,2014-06-05,现行有效,地方政府规章及文件
'市政府办关于印发《安顺市加强水晶产业环保工作方案》的通知',安顺市人民政府办公室,2014-05-30,现行有效,地方政府规章及文件
'市政府办关于印发《2014年安顺市产业园区成长工程推进计划》的通知',安顺市人民政府办公室,2014-04-28,现行有效,地方政府规章及文件
'铜仁市人民政府关于促进房地产业持续健康发展的意见',铜仁市人民政府,2014-04-28,现行有效,地方政府规章及文件
'铜仁市人民政府办公室关于印发铜仁市2014年中药材产业发展实施意见的通知',铜仁市人民政府办公室,2014-03-25,现行有效,地方政府规章及文件
'铜仁市人民政府办公室关于印发铜仁市2014年油茶和竹产业建设方案的通知',铜仁市人民政府办公室,2014-02-27,已失效,地方政府规章及文件
'铜仁市人民政府办公室关于印发铜仁市2014年蔬菜产业发展意见的通知',铜仁市人民政府办公室,2014-02-21,现行有效,地方政府规章及文件
'铜仁市人民政府办公室关于印发铜仁市2014年核桃产业发展实施方案的通知',铜仁市人民政府办公室,2014-02-21,现行有效,地方政府规章及文件
'贵阳市高新技术产业与现代制造业发展规划(2014—2020)',贵阳市工业和信息化委员会,2014-02,现行有效,地方政府规章及文件
'铜仁市人民政府关于印发铜仁市2014年食用菌产业发展实施意见的通知',铜仁市人民政府,2014-01-22,现行有效,地方政府规章及文件
'铜仁市人民政府办公室关于印发铜仁市促进石材产业发展实施意见的通知',铜仁市人民政府办公室,2014-01-06,现行有效,地方政府规章及文件
'省教育厅办公室转发《教育部、商务部关于创新外包人才培养机制提升服务外包产业发展能力的意见》的通知',贵州省教育厅办公室,2014,现行有效,地方政府规章及文件
'铜仁市人民政府关于抓好2014年烟叶产业发展工作的意见',铜仁市人民政府,2013-12-24,现行有效,地方政府规章及文件
'省信息产业领导小组关于印发贵州省促进信息消费实施方案的通知',贵州省信息产业领导小组,2013-12-09,现行有效,地方政府规章及文件
'州人民政府办公室贯彻《省人民政府办公厅关于实施妇女特色手工产业锦绣计划的意见》的实施意见',黔西南布依族苗族自治州人民政府办公室,2013-12-05,现行有效,地方政府规章及文件
'铜仁市人民政府办公室关于印发铜仁市农业产业园区管理办公室机构编制方案的通知',铜仁市人民政府办公室,2013-11-01,现行有效,地方政府规章及文件
'黔南州人民政府办公室关于印发《黔南州2013-2016年州直部门推进茶产业发展项目资金整合方案(暂行)》的通知',黔南布依族苗族自治州人民政府办公室,2013-11-01,现行有效,地方政府规章及文件
'遵义市人民政府关于加快金融产业发展的意见',遵义市人民政府,2013-10-20,现行有效,地方政府规章及文件
'市人民政府办公室关于印发六盘水市实施妇女特色手工产业“凉都锦绣计划”工作方案的通知',六盘水市人民政府办公室,2013-10-18,现行有效,地方政府规章及文件
'州人民政府办公室关于贯彻落实《省人民政府办公厅关于落实民贸民品优惠政策推动民族地区加快产业发展的意见》实施方案',黔西南布依族苗族自治州人民政府办公室,2013-08-13,现行有效,地方政府规章及文件
"'关于推广""产业园区+标准厂房+职业教育""模式的通知'",贵州省经济和信息化委员会;贵州省教育厅,2013-07-15,现行有效,地方政府规章及文件
'黔南州人民政府办公室关于印发黔南州产业园区成长工程2013年工作方案的通知',黔南布依族苗族自治州人民政府办公室,2013-06-28,现行有效,地方政府规章及文件
'州人民政府办公室关于印发黔西南州2013年度贯彻落实全省100个(黔西南州11个)产业园区推进工作实施方案的通知',黔西南布依族苗族自治州人民政府办公室,2013-06-09,现行有效,地方政府规章及文件
'铜仁市人民政府办公室关于印发铜仁市促进旅游产业发展奖励办法(试行)的通知',铜仁市人民政府办公室,2013-05-08,已失效,地方政府规章及文件
'市人民政府办公室关于印发《遵义市实施省100个产业园成长工程工作推进方案》的通知',遵义市人民政府办公室,2013-04-22,现行有效,地方政府规章及文件
'铜仁市人民政府关于2013年烟草产业发展的意见',铜仁市人民政府,2013-01-09,现行有效,地方政府规章及文件
'市人民政府关于加快酒用高粱产业发展的指导意见',遵义市人民政府,2013-01-09,现行有效,地方政府规章及文件
'市人民政府2013年白酒产业发展工作意见',遵义市人民政府,2013,现行有效,地方政府规章及文件
'市人民政府关于进一步促进全市煤炭产业安全发展的通知',遵义市人民政府,2013,现行有效,地方政府规章及文件
'市人民政府关于加快钛产业发展的意见',遵义市人民政府,2012-12-24,现行有效,地方政府规章及文件
'关于印发《贵州省高新技术产业发展项目管理暂行办法》的通知',贵州省发展和改革委员会,2012-12-18,现行有效,地方政府规章及文件
'市人民政府关于大力推进产业园区标准厂房建设的通知',遵义市人民政府,2012-06-26,现行有效,地方政府规章及文件
'关于印发《贵阳市旅游产业发展委员会推进廉政风险防控管理工作实施意见》的通知',贵阳市旅游产业发展委员会,2012-06-18,现行有效,地方政府规章及文件
'市人民政府办公室转发市工业能源委、市司法局《关于推进律师公证服务产业园区的指导意见》的通知',遵义市人民政府办公室,2012-06-12,现行有效,地方政府规章及文件
'市人民政府关于加强产业园区安全生产管理工作的通知',遵义市人民政府,2012-05-29,现行有效,地方政府规章及文件
'州人民政府办公室关于印发黔西南州“十二五”火龙果产业发展规划的通知',黔西南布依族苗族自治州人民政府办公室,2011-12-02,现行有效,地方政府规章及文件
'州人民政府办公室关于印发黔西南州“十二五”花卉产业发展规划的通知',黔西南布依族苗族自治州人民政府办公室,2011-12-02,现行有效,地方政府规章及文件
'中共贵阳市委、贵阳市人民政府关于进一步加快贵阳国家高新技术产业开发区发展的决定',中共贵阳市委;贵阳市人民政府,2009-03-26,现行有效,地方政府规章及文件
'省大数据产业发展领导小组关于加快推进政府数据集聚共享开放的通知',贵州省大数据产业发展领导小组,2015-07-22,已失效,地方政府规章及文件
'省大数据产业发展领导小组关于政府购买云计算服务的通知',贵州省大数据产业发展领导小组,2015-07-22,已失效,地方政府规章及文件
'市人民政府办公厅关于印发贵阳市工业和信息化产业发展引导基金管理办法的通知',贵阳市人民政府办公厅,2016-09-08,已失效,地方政府规章及文件
'市人民政府关于印发贵阳市精准招商促进产业发展的若干措施的通知',贵阳市人民政府,2016-07-14,现行有效,地方政府规章及文件
'省农委关于印发《关于推进农业供给侧结构性改革加快重点产业突破发展的实施意见》的通知',贵州省农业委员会,2016-07-11,现行有效,地方政府规章及文件
'关于印发《贵阳市工商行政管理局2016中国电子商务创新发展大会暨贵阳国际大数据产业博览会期间市场监管工作方案》的通知',贵阳市工商行政管理局,2016-04-08,现行有效,地方政府规章及文件
'省农委、省财政厅关于印发《2016年贵州省马铃薯主食产品及产业开发试点项目实施方案》的通知',贵州省农业委员会;贵州省财政厅,2016-03-02,现行有效,地方政府规章及文件
'市人民政府办公厅关于加快发展体育产业促进体育消费的实施意见',贵阳市人民政府办公厅,2016-01-14,现行有效,地方政府规章及文件
'中共贵阳市委、贵阳市人民政府关于加快电子商务产业发展的实施方案',中共贵阳市委;贵阳市人民政府,2015-10-20,现行有效,地方政府规章及文件
'贵阳市人民政府关于在贵阳国家高新技术产业开发区、贵阳经济技术开发区、贵州双龙航空港经济区委托实施有关行政审批事项的决定',贵阳市人民政府,2015-09-29,现行有效,地方政府规章及文件
'市旅游产业发展委关于印发《贵阳市旅游行业“多彩贵州文明行动--整脏治乱专项行动”实施方案》的通知',贵阳市旅游产业发展委员会,2015-09-21,现行有效,地方政府规章及文件
'市人民政府关于支持乌当区建设贵州省大健康医药产业引领示范区若干政策的意见',贵阳市人民政府,2015-08-13,现行有效,地方政府规章及文件
'省人民政府办公厅关于转发省经济和信息化委等单位《贵州省呼叫中心产业人才培养培训实施方案(2015-2020年)》的通知',贵州省人民政府办公厅,2015-06-20,现行有效,地方政府规章及文件
'省人民政府办公厅关于印发贵州省大健康医药产业发展六项实施计划的通知',贵州省人民政府办公厅,2015-06-17,现行有效,地方政府规章及文件
'省人民政府办公厅关于加快石材产业发展的意见',贵州省人民政府办公厅,2015-06-03,现行有效,地方政府规章及文件
'省人民政府办公厅关于转发省农委《贵州省薏仁产业提升三年行动计划(2015-2017年)》的通知',贵州省人民政府办公厅,2015-04-03,现行有效,地方政府规章及文件
'省人民政府办公厅关于印发贵州省医药产业、健康养生产业发展任务清单的通知',贵州省人民政府办公厅,2015-03-27,现行有效,地方政府规章及文件
'省人民政府印发《关于支持健康养生产业发展若干政策措施的意见》、《贵州省健康养生产业发展规划(2015-2020年)》的通知',贵州省人民政府,2015-02-26,现行有效,地方政府规章及文件
'贵阳国家高新区管理委员会关于印发《贵阳国家高新技术产业开发区国有资产物业设施租金收缴管理操作细则》的通知',贵阳国家高新技术产业开发区管理委员会,2015-02-05,现行有效,地方政府规章及文件
'省农委关于印发2015年贵州省优质特色粮食产业发展专项项目申报指南的通知',贵州省农业委员会,2015-01-13,现行有效,地方政府规章及文件
'省人民政府办公厅关于印发《贵州省推进刺梨产业发展工作方案(2014-2020年)》的通知',贵州省人民政府办公厅,2015-01-04,现行有效,地方政府规章及文件
'省财政厅、省农委关于下达2014年度贵州省一村一品特色产业扶持发展资金的通知',贵州省财政厅;贵州省农业委员会,2014-10-24,现行有效,地方政府规章及文件
'市人民政府关于印发贵阳市呼叫中心产业股权投资基金管理暂行办法的通知',贵阳市人民政府,2014-10-12,现行有效,地方政府规章及文件
'贵州省财政厅、贵州省农委关于下达2014年省级财政渔业发展(大鲵产业)专项资金的通知',贵州省财政厅;贵州省农业委员会,2014-09-30,现行有效,地方政府规章及文件
'省农委、省财政厅关于下达2014年贵州省现代农业产业技术体系建设专项资金的通知',贵州省农业委员会;贵州省财政厅,2014-09-28,现行有效,地方政府规章及文件
'市人民政府办公厅关于印发贵阳市工商行政管理局贵阳国家高新技术产业开发区分局主要职责内设机构和人员机构编制规定的通知',贵阳市人民政府办公厅,2014-09-10,现行有效,地方政府规章及文件
'省农委关于做好2014年省级蔬菜、水果产业发展资金项目实施工作的通知',贵州省农业委员会,2014-09-01,现行有效,地方政府规章及文件
'贵州省农委关于做好省现代农业产业技术体系相关工作的通知',贵州省农业委员会,2014-08-18,现行有效,地方政府规章及文件
'省人民政府印发《贵州省关于加快推进新医药产业发展的指导意见》、《贵州省新医药产业发展规划(2014—2017年)》的通知',贵州省人民政府,2014-08-01,现行有效,地方政府规章及文件
'贵州省大数据产业发展领导小组办公室关于加快大数据产业发展的实施意见',贵州省大数据产业发展领导小组办公室,2014-07-10,现行有效,地方政府规章及文件
'市人民政府关于印发支持贵阳市互联网金融产业发展的若干政策措施(试行)的通知',贵阳市人民政府,2014-06-26,现行有效,地方政府规章及文件
'市人民政府关于印发贵阳市政府产业扶持引导基金管理暂行办法实施细则的通知',贵阳市人民政府,2014-06-12,现行有效,地方政府规章及文件
'省人民政府办公厅关于加快“四个一体化”产业发展有关工作的通知',贵州省人民政府办公厅,2014-06-02,现行有效,地方政府规章及文件
'市人民政府办公厅关于印发贵阳市高技术产业发展专项资金管理暂行办法的通知',贵阳市人民政府办公厅,2014-05-20,现行有效,地方政府规章及文件
'市人民政府印发关于加快发展大数据产业的实施意见的通知',贵阳市人民政府,2014-05-19,现行有效,地方政府规章及文件
'市人民政府办公厅关于印发贵阳大数据产业行动计划的通知',贵阳市人民政府办公厅,2014-05-14,现行有效,地方政府规章及文件
'省人民政府办公厅关于印发《贵州省茶产业提升三年行动计划(2014—2016年)》的通知',贵州省人民政府办公厅,2014-04-21,现行有效,地方政府规章及文件
'市人民政府办公厅关于印发中关村贵阳科技园产业园基础设施建设攻坚行动实施方案的通知',贵阳市人民政府办公厅,2014-04-03,现行有效,地方政府规章及文件
'省农委关于印发2014年贵州省优质特色粮食产业发展专项项目申报指南的通知',贵州省农业委员会,2014-03-28,现行有效,地方政府规章及文件
'省人民政府关于向贵安新区、国家级经济技术开发区、国家级高新技术产业开发区和贵阳综合保税区下放一批行政审批项目的决定',贵州省人民政府,2014-02-28,现行有效,地方政府规章及文件
'省人民政府印发《关于加快大数据产业发展应用若干政策的意见》、《贵州省大数据产业发展应用规划纲要(2014—2020年)》的通知',贵州省人民政府,2014-02-25,现行有效,地方政府规章及文件
'省农委关于印发《贵州省“一村一品”特色产业发展(三百工程)资金管理使用情况专项整治工作方案》的通知',贵州省农业委员会,2014-02-17,现行有效,地方政府规章及文件
'贵阳市旅游产业发展委员会开展党的群众路线教育实践活动实施方案',贵阳市旅游产业发展委员会,2014-02-12,现行有效,地方政府规章及文件
'市人民政府办公厅关于印发贵阳市产业园区建设“月调度、周专题”工作制度的通知',贵阳市人民政府办公厅,2013-12-05,现行有效,地方政府规章及文件
'市人民政府关于印发贵阳市政府产业扶持引导基金管理暂行办法的通知',贵阳市人民政府,2013-10-28,现行有效,地方政府规章及文件
'市人民政府关于印发贵阳市加快旅游产业发展若干政策措施的通知',贵阳市人民政府,2013-10-28,现行有效,地方政府规章及文件
'市人民政府印发关于支持贵阳电子商务产业园发展的优惠政策(试行)的通知',贵阳市人民政府,2013-09-04,现行有效,地方政府规章及文件
'毕节市人民政府关于深入推进毕节市产业园区培育工程的实施意见',毕节市人民政府,2013-08-18,现行有效,地方政府规章及文件
'省人民政府办公厅关于实施妇女特色手工产业锦绣计划的意见',贵州省人民政府办公厅,2013-07-29,已被修正,地方政府规章及文件
'省人民政府办公厅关于落实民贸民品优惠政策推动民族地区加快产业发展的意见',贵州省人民政府办公厅,2013-06-17,现行有效,地方政府规章及文件
'关于印发《贯彻落实<关于加强战略性新兴产业知识产权工作若干意见>的实施意见》的通知',贵州省知识产权局,2013-06-05,现行有效,地方政府规章及文件
'市人民政府办公厅关于印发贵阳高新信息产业园建设方案的通知',贵阳市人民政府办公厅,2013-05-28,现行有效,地方政府规章及文件
'省人民政府办公厅关于印发贵州产业技术发展研究院机构编制方案的通知',贵州省人民政府办公厅,2013-05-16,现行有效,地方政府规章及文件
'毕节市人民政府关于加快白酒产业发展的实施意见',毕节市人民政府,2013-04-18,现行有效,地方政府规章及文件
'贵阳市旅游产业发展委员会关于改进工作作风、密切联系群众的实施办法',贵阳市旅游产业发展委员会,2013-04-07,现行有效,地方政府规章及文件
'州人民政府办公室关于印发黔西南州推进“273”产业园区建设实施方案的通知',黔西南布依族苗族自治州人民政府办公室,2013-03-07,现行有效,地方政府规章及文件
'省人民政府关于印发贵州生态文化旅游创新区产业发展规划(2012—2020)的通知',贵州省人民政府,2012-12-07,现行有效,地方政府规章及文件
'关于转发《关于印发〈贵州省文化产业示范基地申报评选管理试行办法〉的通知》的通知',贵州省新闻出版局,2012-10-08,现行有效,地方政府规章及文件
'贵阳市人民政府关于加快茶产业发展的意见',贵阳市人民政府,2012-09-24,现行有效,地方政府规章及文件
'市人民政府办公厅关于印发贵阳市完善医药产业发展政策规范生产流通秩序工作实施方案的通知',贵阳市人民政府办公厅,2012-09-14,现行有效,地方政府规章及文件
'毕节市人民政府办公室关于印发毕节市“十二五”民族医药和特色食品及旅游商品特色产业发展规划的通知',毕节市人民政府办公室,2012-09-12,现行有效,地方政府规章及文件
'省人民政府关于加快民族药业和特色食品产业发展的意见',贵州省人民政府,2012-09-03,现行有效,地方政府规章及文件
'市人民政府办公厅关于进一步加快全市产业园区标准厂房建设的通知',贵阳市人民政府办公厅,2012-06-05,现行有效,地方政府规章及文件
'关于印发《2012年广东贵州省马铃薯产业推介会工作方案》的通知',贵州省农业委员会,2012-05-11,现行有效,地方政府规章及文件
'毕节市人民政府关于加快培育和发展战略性新兴产业的实施意见',毕节市人民政府,2012-04-09,现行有效,地方政府规章及文件
'关于印发《2012年农业结构调整蔬菜产业建设实施方案》的通知',贵州省农业委员会,2012-03-16,现行有效,地方政府规章及文件
'关于印发《2012年农业结构调整精品水果产业建设实施方案》的通知',贵州省农业委员会,2012-03-16,现行有效,地方政府规章及文件
'州人民政府办公室关于印发黔西南州“十二五”文化事业和文化产业发展专项规划的通知',黔西南布依族苗族自治州人民政府办公室,2012-01-04,现行有效,地方政府规章及文件
'市人民政府关于印发贵阳市人民政府关于大力发展数字内容产业的意见的通知',贵阳市人民政府,2011-12-31,现行有效,地方政府规章及文件
'省人民政府办公厅关于印发贵州省LED产业发展规划(2011—2020年)的通知',贵州省人民政府办公厅,2011-12-31,现行有效,地方政府规章及文件
'州人民政府办公室关于印发黔西南州“十二五”油茶产业发展规划的通知',黔西南布依族苗族自治州人民政府办公室,2011-12-09,现行有效,地方政府规章及文件
'州人民政府办公室关于印发黔西南州“十二五”金银花产业发展规划的通知',黔西南布依族苗族自治州人民政府办公室,2011-12-09,现行有效,地方政府规章及文件
'州人民政府办公室关于印发黔西南州“十二五”小油桐产业发展规划的通知',黔西南布依族苗族自治州人民政府办公室,2011-12-09,现行有效,地方政府规章及文件
'州人民政府办公室关于印发黔西南州“十二五”花椒产业发展规划的通知',黔西南布依族苗族自治州人民政府办公室,2011-12-09,现行有效,地方政府规章及文件
'州人民政府办公室关于印发黔西南州“十二五”油桐产业发展规划的通知',黔西南布依族苗族自治州人民政府办公室,2011-12-09,现行有效,地方政府规章及文件
'州人民政府办公室关于印发黔西南州“十二五”芭蕉芋产业发展规划的通知',黔西南布依族苗族自治州人民政府办公室,2011-12-09,现行有效,地方政府规章及文件
'州人民政府办公室关于印发黔西南州“十二五”薏苡产业发展规划的通知',黔西南布依族苗族自治州人民政府办公室,2011-12-09,现行有效,地方政府规章及文件
'州人民政府办公室关于印发黔西南州“十二五”桉树产业发展规划的通知',黔西南布依族苗族自治州人民政府办公室,2011-12-09,现行有效,地方政府规章及文件
'州人民政府办公室关于印发黔西南州“十二五”精品水果产业发展规划的通知',黔西南布依族苗族自治州人民政府办公室,2011-12-09,现行有效,地方政府规章及文件
'州人民政府办公室关于印发黔西南州核桃产业发展规划(2011-2018年)的通知',黔西南布依族苗族自治州人民政府办公室,2011-12-09,现行有效,地方政府规章及文件
'州人民政府办公室关于印发黔西南州“十二五”科学技术和高新技术产业发展规划的通知',黔西南布依族苗族自治州人民政府办公室,2011-12-08,现行有效,地方政府规章及文件
'州人民政府办公室关于印发黔西南州“十二五”火龙果产业发展规划的通知',黔西南布依族苗族自治州人民政府办公室,2011-12-02,现行有效,地方政府规章及文件
'州人民政府办公室关于印发黔西南州“十二五”花卉产业发展规划的通知',黔西南布依族苗族自治州人民政府办公室,2011-12-02,现行有效,地方政府规章及文件
'州人民政府办公室关于印发黔西南州“十二五”板栗产业发展规划的通知',黔西南布依族苗族自治州人民政府办公室,2011-12-02,现行有效,地方政府规章及文件
'州人民政府办公室关于印发黔西南州“十二五”蔗糖产业发展规划的通知',黔西南布依族苗族自治州人民政府办公室,2011-12-02,现行有效,地方政府规章及文件
'州人民政府办公室关于印发黔西南州“十二五”蔬菜产业发展规划的通知',黔西南布依族苗族自治州人民政府办公室,2011-12-02,现行有效,地方政府规章及文件
'州人民政府办公室关于印发黔西南州“十二五”茶产业发展规划的通知',黔西南布依族苗族自治州人民政府办公室,2011-12-02,现行有效,地方政府规章及文件
'州人民政府办公室关于印发黔西南州“十二五”马铃薯产业发展规划的通知',黔西南布依族苗族自治州人民政府办公室,2011-12-02,现行有效,地方政府规章及文件
'州人民政府办公室关于印发黔西南州“十二五”中药产业发展规划的通知',黔西南布依族苗族自治州人民政府办公室,2011-11-14,现行有效,地方政府规章及文件
'省人民政府关于加快培育和发展战略性新兴产业的若干意见',贵州省人民政府,2011-09-27,现行有效,地方政府规章及文件
'州人民政府办公室关于印发黔西南州“十二五”服务业重点产业发展专项规划的通知',黔西南布依族苗族自治州人民政府办公室,2011-09-18,现行有效,地方政府规章及文件
'省人民政府办公厅转发省财政厅等单位《关于发展白酒产业有关税收政策的意见》的通知',贵州省人民政府办公厅,2011-09-01,已失效,地方政府规章及文件
'州人民政府关于进一步加大煤矿建设扶持力度促进煤炭产业健康发展的意见',黔西南布依族苗族自治州人民政府,2011-08-09,现行有效,地方政府规章及文件
'毕节地区行政公署办公室关于印发第六届全国辣椒产业大会暨贵州国际辣椒节毕节地区组团参展实施方案的通知',毕节地区行政公署办公室,2011-07-18,现行有效,地方政府规章及文件
'州人民政府关于2011年特色农业产业建设的实施意见',黔西南布依族苗族自治州人民政府,2011-06-27,现行有效,地方政府规章及文件
'市人民政府关于加快产业园区建设的意见',六盘水市人民政府,2011-06-11,现行有效,地方政府规章及文件
'市人民政府关于推进中药现代化科技产业发展的实施意见',六盘水市人民政府,2011-05-31,现行有效,地方政府规章及文件
'省人民政府关于振兴文化产业的意见',贵州省人民政府,2011-05-17,已被修正,地方政府规章及文件
'省人民政府办公厅关于转发《贵州省蔬菜产业发展规划（2011—2015年）》的通知',贵州省人民政府办公厅,2011-04-20,现行有效,地方政府规章及文件
'毕节地区行政公署办公室关于印发毕节地区蔬菜产业发展实施方案的通知',毕节地区行政公署办公室,2011-03-29,现行有效,地方政府规章及文件
'关于转发《贵州省产业园区安全生产基础管理指导意见》的通知',贵州省住房和城乡建设厅,2011-03-07,现行有效,地方政府规章及文件
'省人民政府办公厅关于印发贵州省“十二五”钢铁产业发展规划的通知',贵州省人民政府办公厅,2011-01-31,现行有效,地方政府规章及文件
'省人民政府办公厅关于印发贵州省十二五新兴产业发展规划的通知',贵州省人民政府办公厅,2011-01-30,现行有效,地方政府规章及文件
'省人民政府办公厅关于印发贵州省电力产业十二五发展规划的通知',贵州省人民政府办公厅,2011-01-20,现行有效,地方政府规章及文件
'市人民政府关于印发六盘水市工业六大产业振兴规划的通知',六盘水市人民政府,2011-01-16,现行有效,地方政府规章及文件
'省人民政府办公厅关于印发贵州省“十二五”有色金属产业发展规划的通知',贵州省人民政府办公厅,2011-01-11,现行有效,地方政府规章及文件
'省人民政府办公厅关于印发贵州省“十二五”烟酒产业发展规划的通知',贵州省人民政府办公厅,2011-01-11,现行有效,地方政府规章及文件
'省人民政府办公厅关于印发贵州省“十二五”化工产业发展规划的通知',贵州省人民政府办公厅,2011-01-11,现行有效,地方政府规章及文件
'省人民政府办公厅关于印发贵州省“十二五”民族医药和特色食品及旅游商品特色产业发展规划的通知',贵州省人民政府办公厅,2011-01-11,现行有效,地方政府规章及文件
'市人民政府关于印发贵阳市促进旅游产业发展奖励措施（暂行）的通知',贵阳市人民政府,2010-08-16,现行有效,地方政府规章及文件
'关于印发《贵阳市旅游产业发展委员会行政处罚自由裁量权指导标准》（试行）的通知',贵阳市旅游产业发展委员会,2010-07-21,现行有效,地方政府规章及文件
'毕节地区行政公署办公室关于印发毕节地区茶产业发展实施方案的通知',毕节地区行政公署办公室,2010-05-26,现行有效,地方政府规章及文件
'铜仁地区行政公署关于加快梵净山大鲵特色产业发展的意见',铜仁地区行政公署,2010-03-19,现行有效,地方政府规章及文件
'中共贵阳市委、贵阳市人民政府关于进一步加快贵阳国家高新技术产业开发区发展的决定',中共贵阳市委;贵阳市人民政府,2009-03-26,现行有效,地方政府规章及文件
'市人民政府办公室关于认真做好2010年中医药现代化科技产业工作的通知',遵义市人民政府办公室,2010-03-16,现行有效,地方政府规章及文件
'关于2009年省级茶产业项目的批复',贵州省农业委员会,2010-02-22,已失效,地方政府规章及文件
'州人民政府办公室转发州渔业局《关于发展大鲵养殖产业的意见》的通知',黔西南布依族苗族自治州人民政府办公室,2009-11-13,现行有效,地方政府规章及文件
'黔东南州人民政府关于扩大住房消费促进房地产业平稳健康发展的意见',黔东南苗族侗族自治州人民政府,2009-08-11,现行有效,地方政府规章及文件
'市人民政府关于印发贵阳市铝及铝加工产业振兴与发展实施计划的通知',贵阳市人民政府,2009-06-20,现行有效,地方政府规章及文件
'市人民政府关印发贵阳市烟草和特色食品产业振兴与发展实施计划的通知',贵阳市人民政府,2009-06-20,现行有效,地方政府规章及文件
'市人民政府关于印发贵阳市磷煤化工产业振兴与发展实施计划的通知',贵阳市人民政府,2009-06-20,现行有效,地方政府规章及文件
'关于印发《市州地文化事业和文化产业工作的定性评价标准》的通知',贵州省文化厅,2009-05-11,现行有效,地方政府规章及文件
'省人民政府关于印发贵州省特色食品产业振兴计划的通知',贵州省人民政府,2009-05-08,现行有效,地方政府规章及文件
'省人民政府关于印发贵州省旅游商品产业振兴计划的通知',贵州省人民政府,2009-05-08,现行有效,地方政府规章及文件
'省人民政府关于印发贵州省白酒产业振兴计划的通知',贵州省人民政府,2009-05-08,现行有效,地方政府规章及文件
'省人民政府关于印发贵州省医药产业振兴计划的通知',贵州省人民政府,2009-05-08,现行有效,地方政府规章及文件
'关于转发《现代农业产业技术体系建设专项资金管理试行办法》的通知',贵州省财政厅;贵州省农业厅,2009-05-06,现行有效,地方政府规章及文件
'州人民政府关于公布矿产资源及其产业管理行政规范性文件清理结果的通知',黔西南布依族苗族自治州人民政府,2009-05-04,现行有效,地方政府规章及文件
'省人民政府关于印发贵州省煤炭产业振兴计划的通知',贵州省人民政府,2009-04-23,现行有效,地方政府规章及文件
'州人民政府办公室关于印发黔东南州关于规范州级财政产业发展专项资金管理的意见的通知',黔东南苗族侗族自治州人民政府办公室,2009-04-09,现行有效,地方政府规章及文件
'水城县人民政府办公室关于印发水城县2009年优质粮食产业工程实施方案的通知',六盘水市水城县人民政府办公室,2009-04-02,已失效,地方政府规章及文件
'毕节地区行政公署办公室关于印发毕节地区马铃薯产业科技联合专项资金管理办法的通知',毕节地区行政公署办公室,2009-03-20,现行有效,地方政府规章及文件
'市人民政府办公室关于印发2009年全市优质粮食产业工程实施方案的通知',六盘水市人民政府办公室,2009-03-09,现行有效,地方政府规章及文件
'省人民政府办公厅印发关于加强我省旅游产业知识产权工作意见的通知',贵州省人民政府办公厅,2009-03-04,现行有效,地方政府规章及文件
'关于印发《贵州省现代农业产业技术体系建设实施方案》的通知',贵州省农业厅,2009-03-03,现行有效,地方政府规章及文件
'市政府办关于印发《安顺市促进房地产业健康稳定发展的若干意见(暂行)》的通知',安顺市人民政府办公室,2009-02-26,现行有效,地方政府规章及文件
'省人民政府办公厅印发关于推动我省动漫产业发展意见的通知',贵州省人民政府办公厅,2009-01-09,现行有效,地方政府规章及文件
'关于积极应对当前经济形势促进我市房地产业健康有序发展的意见',遵义市人民政府,2008-11-27,已失效,地方政府规章及文件
'省人民政府办公厅关于构建大煤矿带小煤矿产业体系促进煤炭工业安全持续健康发展的指导意见',贵州省人民政府办公厅,2008-10-15,现行有效,地方政府规章及文件
'州人民政府办公室关于开展矿产资源及其产业管理行政规范性文件清理工作的通知',黔西南布依族苗族自治州人民政府办公室,2008-09-22,已失效,地方政府规章及文件
'铜仁地区行政公署关于印发《铜仁地区促进文化旅游产业建设的扶持奖励暂行办法》的通知',铜仁地区行政公署,2008-09-03,现行有效,地方政府规章及文件
'市人民政府关于印发贵阳市促进旅游产业发展奖励措施(暂行)的通知',贵阳市人民政府,2008-08-22,已失效,地方政府规章及文件
'毕节地区行政公署办公室关于贯彻落实贵州省科技厅关于实施贵州省材料产业2008-2012年科技发展规划及实施方案的通知的通知',毕节地区行政公署办公室,2008-08-14,现行有效,地方政府规章及文件
'省国防科工办关于开展军民结合产业中长期发展规划编制工作的通知',贵州省国防科学技术工业办公室,2008-07-22,现行有效,地方政府规章及文件
'市人民政府办公室关于印发六盘水市马铃薯产业科技联合专项资金管理暂行办法的通知',六盘水市人民政府办公室,2008-06-17,现行有效,地方政府规章及文件
'毕节地区行政公署关于振兴毕节白酒产业的意见',毕节地区行政公署,2008-05-27,现行有效,地方政府规章及文件
'贵阳市人民政府办公厅关于印发《关于做好2008年蔬菜产业发展的意见》的通知',贵阳市人民政府办公厅,2008-05-20,现行有效,地方政府规章及文件
'市人民政府办公室关于对2008年安顺市民用航空产业国家高技术产业基地建设工作建立责任制的通知',安顺市人民政府办公室,2008-05-11,已失效,地方政府规章及文件
'中共黔西南州委、黔西南州人民政府关于完善财政政策促进产业发展的意见',中共黔西南布依族苗族自治州委;黔西南布依族苗族自治州人民政府,2008-04-28,现行有效,地方政府规章及文件
'关于2008年白酒产业发展的意见',遵义市人民政府,2008-04-11,已失效,地方政府规章及文件
'市人民政府办公室转发市农业局2008年全市优质粮食产业工程实施方案的通知',六盘水市人民政府办公室,2008-04-10,已失效,地方政府规章及文件
'州人民政府办公室关于印发第三届贵州旅游产业发展大会旅游配套设施建设项目实施组项目实施方案的通知',黔东南苗族侗族自治州人民政府办公室,2008-03-26,已失效,地方政府规章及文件
'贵州省人民政府关于鼓励和支持军民结合产业发展的指导意见',贵州省人民政府,2008-03-21,现行有效,地方政府规章及文件
'关于做好2008年中医药现代化科技产业工作的通知',遵义市人民政府办公室,2008-03-05,已失效,地方政府规章及文件
'贵州省材料产业2008—2012年科技发展规划及实施方案',贵州省科技厅,2008-03,现行有效,地方政府规章及文件
'州人民政府办公室关于印发第三届贵州旅游产业发展大会旅游文化建设项目实施组项目分解方案的通知',黔东南苗族侗族自治州人民政府办公室,2008-02-28,已失效,地方政府规章及文件
'关于做好灾后蔬菜生产恢复和2008年产业发展的意见',贵阳市蔬菜工作办公室,2008-02-21,现行有效,地方政府规章及文件
'黔东南州人民政府关于扎实推进农业产业基地建设的实施意见',黔东南苗族侗族自治州人民政府,2008-02-16,现行有效,地方政府规章及文件
'贵州省人民政府关于推进马铃薯产业发展的意见',贵州省人民政府,2008-01-23,现行有效,地方政府规章及文件
'贵阳市人民政府关于印发《贵阳市加快茶产业发展实施意见》的通知',贵阳市人民政府,2008-01-22,现行有效,地方政府规章及文件
'贵阳市城镇集体工业联社关于转变经济发展方式促进高新技术产业和服务业发展的工作思路和措施',贵阳市城镇集体工业联社,2008-01-22,现行有效,地方政府规章及文件
'贵州省国防科工办关于贯彻落实《省人民政府关于鼓励和支持军民结合产业发展的指导意见》的通知',贵州省国防科学技术工业办公室,2008,现行有效,地方政府规章及文件
'贵阳市人民政府关于印发《关于推进城乡一体化——优化农业产业布局及产业化经营发展规划》的通知',贵阳市人民政府,2007-12-27,现行有效,地方政府规章及文件
'关于大力发展薯类产业积极建设生物能源原材料基地的实施意见',遵义市人民政府办公室,2007-12-20,现行有效,地方政府规章及文件
'贵州省人民政府关于促进贵州白酒产业又好又快发展的指导意见',贵州省人民政府,2007-12-13,现行有效,地方政府规章及文件
'贵州省人民政府关于促进煤炭电力化工产业和谐持续发展的意见',贵州省人民政府,2007-11-01,现行有效,地方政府规章及文件
'六盘水市人民政府办公室转发人行六盘水市中心支行关于促进六盘水市银行卡产业发展实施意见的通知',六盘水市人民政府办公室,2007-08-22,现行有效,地方政府规章及文件
'贵阳市人民政府办公厅关于印发贵阳市旅游产业发展大会申办评审试行办法的通知',贵阳市人民政府办公厅,2007-07-06,现行有效,地方政府规章及文件
'市人民政府办公室关于印发六盘水市2007年优质粮食产业工程实施方案的通知',六盘水市人民政府办公室,2007-05-16,现行有效,地方政府规章及文件
'贵州省人民政府关于印发贵州省“十一五”中药现代化产业发展意见的通知',贵州省人民政府,2007-04-20,现行有效,地方政府规章及文件
'关于做好2007年中医药现代化科技产业工作的通知',遵义市人民政府办公室,2007-04-02,已失效,地方政府规章及文件
'遵义市人民政府办公室关于开展非普查年份第三产业统计调查的通知',遵义市人民政府办公室,2007-03-27,现行有效,地方政府规章及文件
'毕节地区行政公署关于推进马铃薯产业发展的意见',毕节地区行政公署,2007-01-16,现行有效,地方政府规章及文件
'贵州省人民政府办公厅关于开展非普查年份第三产业统计调查工作的通知',贵州省人民政府办公厅,2007-01-11,现行有效,地方政府规章及文件
'六盘水市人民政府关于大力发展马铃薯产业的意见',六盘水市人民政府,2006-11-23,现行有效,地方政府规章及文件
'贵州省人民政府办公厅关于印发贵州旅游产业发展大会申办评审试行办法的通知',贵州省人民政府办公厅,2006-07-28,现行有效,地方政府规章及文件
'贵州省信息产业厅、省人事厅关于印发《贵州省计算机技术与软件专业技术资格（水平）证书登记管理实施办法》的通知',贵州省信息产业厅;贵州省人事厅,2006-07-11,现行有效,地方政府规章及文件
'贵州省人民政府办公厅转发中国人民银行贵阳中心支行关于贵州省银行卡产业发展指导意见的通知',贵州省人民政府办公厅,2006-06-13,现行有效,地方政府规章及文件
'市人民政府办公室关于印发六盘水市2006年优质粮食产业工程实施方案的通知',六盘水市人民政府办公室,2006-05-18,已失效,地方政府规章及文件
'贵州省信息产业厅关于申报2006年度电子信息产业发展基金项目的通知',贵州省信息产业厅,2006-05-16,现行有效,地方政府规章及文件
'市人民政府办公室关于做好2006年中医药现代化科技产业工作的通知',遵义市人民政府办公室,2006-05-08,已失效,地方政府规章及文件
'关于开展加快我省茶产业发展调研工作的通知',贵州省农业厅,2006-03-24,现行有效,地方政府规章及文件
'六盘水市人民政府关于加快焦化洗煤等行业结构调整促进产业结构优化升级的通知',六盘水市人民政府,2006-01-19,现行有效,地方政府规章及文件
