'中共重庆市涪陵区房地产业管理局党组关于认真开展“三抓三比”活动有关工作的通知',中共重庆市涪陵区房地产业管理局党组,2014-03-05,现行有效,团体规定
'中共重庆市涪陵区房地产业管理局党组关于2012年党风廉政建设工作意见的通知',中共重庆市涪陵区房地产业管理局党组,2012-05-09,现行有效,团体规定
'关于加快蔬菜产业发展的意见',中共重庆市梁平县委,2007-10-18,现行有效,团体规定
'关于加快梁平县烟花爆竹产业发展的实施意见',中共重庆市梁平县委办公室,2006-09-13,现行有效,团体规定
'重庆市人民政府办公厅关于印发重庆市推进建筑产业现代化促进建筑业高质量发展若干政策措施的通知',重庆市人民政府办公厅,2020-09-02,现行有效,地方政府规章及文件
'重庆市人民政府关于向重庆高新技术产业开发区下放一批市级行政权力事项的决定',重庆市人民政府,2020-07-08,现行有效,地方政府规章及文件
'重庆市人民政府关于印发重庆市促进大健康产业高质量发展行动计划(2020—2025年)的通知',重庆市人民政府,2020-04-24,现行有效,地方政府规章及文件
'重庆市农业农村委员会关于印发《重庆市现代农业产业园建设管理办法(试行)》的通知',重庆市农业农村委员会,2020-03-24,现行有效,地方政府规章及文件
'重庆市农业农村委员会、重庆市扶贫开发办公室、重庆市林业局转发《关于加强产业扶贫风险防范的指导意见》的通知',重庆市农业农村委员会;重庆市扶贫开发办公室;重庆市林业局,2019-12-30,现行有效,地方政府规章及文件
'重庆市经济和信息化委员会关于印发重庆市软件产业园认定管理办法(暂行)的通知',重庆市经济和信息化委员会,2019-12-17,现行有效,地方政府规章及文件
'重庆市体育局关于加快发展体育竞赛表演产业的实施意见',重庆市体育局,2019-10-21,现行有效,地方政府规章及文件
'重庆市农业农村委员会关于印发全市乡村特色产业发展实施方案的通知',重庆市农业农村委员会,2019-09-20,现行有效,地方政府规章及文件
'关于印发《重庆市体育产业发展专项资金管理办法》的通知',重庆市体育局;重庆市财政局,2019-08-20,现行有效,地方政府规章及文件
'重庆市发展和改革委员会关于印发重庆市汽车产业投资项目备案服务指南的通知',重庆市发展和改革委员会,2019-07-30,现行有效,地方政府规章及文件
'重庆市人民政府关于加快电子商务产业发展的意见',重庆市人民政府,2019-06-28,现行有效,地方政府规章及文件
'重庆市人民政府办公厅关于印发重庆市加快生物医药产业发展若干政策的通知',重庆市人民政府办公厅,2019-05-10,现行有效,地方政府规章及文件
'重庆市人民政府办公厅关于加快生物医药产业发展的指导意见',重庆市人民政府办公厅,2019-04-30,现行有效,地方政府规章及文件
'重庆市人民政府办公厅关于印发重庆市加快新能源和智能网联汽车产业发展若干政策措施(2018—2022年)的通知',重庆市人民政府办公厅,2018-12-14,现行有效,地方政府规章及文件
'重庆市人民政府办公厅关于加快汽车产业转型升级的指导意见',重庆市人民政府办公厅,2018-12-13,现行有效,地方政府规章及文件
'重庆市体育局关于印发《重庆市体育产业加快发展行动计划(2018-2022年)》的通知',重庆市体育局,2018-10-08,现行有效,地方政府规章及文件
'重庆市体育局关于印发《重庆市体育产业基地管理办法(试行)》的通知',重庆市体育局,2018-06-20,现行有效,地方政府规章及文件
'重庆市人民政府办公厅关于大力发展粮食产业经济的实施意见',重庆市人民政府办公厅,2018-02-24,现行有效,地方政府规章及文件
'重庆市发展和改革委员会关于开展建设国家产业创新中心工作的通知',重庆市发展和改革委员会,2018-02-06,现行有效,地方政府规章及文件
'重庆市发展和改革委员会关于印发《重庆市国家重点生态功能区产业准入负面清单(试行)》的通知',重庆市发展和改革委员会,2017-12-27,现行有效,地方政府规章及文件
'重庆市农业委员会关于印发《开展农村“三变”改革试点促进农民增收产业增效生态增值的实施方案》的通知',重庆市农业委员会,2017-12-06,现行有效,地方政府规章及文件
'重庆市农业委员会关于深化脱贫攻坚扎实推进产业扶贫的实施意见',重庆市农业委员会,2017-10-30,现行有效,地方政府规章及文件
'重庆市人民政府办公厅关于印发重庆市市级高新技术产业开发区认定和管理办法(修订)的通知',重庆市人民政府办公厅,2017-10-12,已失效,地方政府规章及文件
'奉节县人民政府办公室关于进一步加快油橄榄和中药材产业发展的通知',重庆市奉节县人民政府办公室,2017-10-09,现行有效,地方政府规章及文件
'重庆市开州区人民政府办公室关于印发《开州区农业产业技术体系首席专家管理办法(试行)》的通知',重庆市开州区人民政府办公室,2017-09-14,现行有效,地方政府规章及文件
'重庆市潼南区人民政府办公室关于成立创建国家新型工业化产业示范基地工作领导小组的通知',重庆市潼南区人民政府办公室,2017-09-04,现行有效,地方政府规章及文件
'转发《工业和信息化部办公厅关于开展2017年产业集群区域品牌建设试点申报工作的通知》',重庆市经济和信息化委员会,2017-08-03,现行有效,地方政府规章及文件
'重庆市万州区人民政府办公室关于鼓励支持引导使用产业用地政策的通知',重庆市万州区人民政府办公室,2017-07-21,现行有效,地方政府规章及文件
'转发《关于做好2017年产业技术基础公共服务平台申报工作的通知》',重庆市经济和信息化委员会,2017-07-05,现行有效,地方政府规章及文件
'重庆市能源局关于引导全市光伏发电产业有序发展的通知',重庆市能源局,2017-07-05,现行有效,地方政府规章及文件
'关于组织申报重庆市2017年度产业技术创新专项资金项目的通知',重庆市经济和信息化委员会;重庆市财政局,2017-06-29,现行有效,地方政府规章及文件
'重庆市人民政府办公厅贯彻落实国务院关于加快发展康复辅助器具产业若干意见任务分工的通知',重庆市人民政府办公厅,2017-06-20,现行有效,地方政府规章及文件
'重庆市经济和信息化委员会关于开展重庆市“互联网+”产业基地创建工作的通知',重庆市经济和信息化委员会,2017-06-19,现行有效,地方政府规章及文件
'重庆市大渡口区人民政府办公室关于印发大渡口区文体旅产业融合发展规划(2016—2020)的通知',重庆市大渡口区人民政府办公室,2017-06-19,现行有效,地方政府规章及文件
'重庆市经济和信息化委员会关于进一步加强技术改造促进产业转型升级的指导意见',重庆市经济和信息化委员会,2017-06-07,现行有效,地方政府规章及文件
'重庆市万州区人民政府办公室关于印发万州区加快第三产业发展工作方案的通知',重庆市万州区人民政府办公室,2017-05-26,现行有效,地方政府规章及文件
'重庆市梁平区人民政府关于加快发展体育产业促进体育消费的实施意见',重庆市梁平区人民政府,2017-05-12,现行有效,地方政府规章及文件
'丰都县人民政府办公室关于印发丰都县金融扶贫支持肉牛产业发展实施方案(试行)的通知',重庆市丰都县人民政府办公室,2017-05-05,现行有效,地方政府规章及文件
'重庆市经济和信息化委员会关于印发重庆市加快传感器产业发展专项行动计划(2017—2020年)的通知',重庆市经济和信息化委员会,2017-05-04,现行有效,地方政府规章及文件
'重庆市梁平区人民政府关于促进网络零售产业加快发展的实施意见',重庆市梁平区人民政府,2017-05-03,现行有效,地方政府规章及文件
'重庆市农业委员会、重庆市财政局关于做好2017年农村一二三产业融合发展试点扩面有关工作的通知',重庆市农业委员会;重庆市财政局,2017-04-24,现行有效,地方政府规章及文件
'重庆市经济和信息化委员会、重庆市科学技术委员会、重庆市教育委员会、重庆市地方税务局、重庆市知识产权局、重庆市国家税务局关于印发重庆市推动建设产业技术创新联盟实施方案的通知',重庆市经济和信息化委员会;重庆市科学技术委员会;重庆市教育委员会;重庆市地方税务局;重庆市知识产权局;重庆市国家税务局,2017-04-01,现行有效,地方政府规章及文件
'重庆市潼南区人民政府关于印发重庆市潼南区“十三五”农业产业精准扶贫规划的通知',重庆市潼南区人民政府,2017-04-01,现行有效,地方政府规章及文件
'重庆市农业委员会关于进一步优化调整粮油产业结构的意见',重庆市农业委员会,2017-03-27,现行有效,地方政府规章及文件
'重庆市农业委员会关于印发《重庆市粮油产业发展“十三五”规划》的通知',重庆市农业委员会,2017-02-28,现行有效,地方政府规章及文件
'重庆市农业委员会办公室关于印发2017年全市蔬菜产业发展工作要点的通知',重庆市农业委员会办公室,2017-02-20,现行有效,地方政府规章及文件
'重庆两江新区管理委员会关于印发重庆两江新区产业发展专项资金管理办法的通知',重庆两江新区管理委员会,2017-02-16,已失效,地方政府规章及文件
'重庆市农业委员会关于印发《重庆市蔬菜产业发展十三五规划》的通知',重庆市农业委员会,2017-02-08,现行有效,地方政府规章及文件
'重庆市体育局、重庆市统计局联合发布2015年重庆市体育产业规模及增加值数据的公告',重庆市体育局;重庆市统计局,2017-02-08,现行有效,地方政府规章及文件
'重庆市农业委员会、重庆市财政局关于支持农村一二三产业融合发展试点扩面申报有关工作的通知',重庆市农业委员会;重庆市财政局,2017-02-07,现行有效,地方政府规章及文件
'丰都县人民政府办公室关于印发丰都县新引进骨干企业产业扶持暂行办法的通知',重庆市丰都县人民政府办公室,2017-01-25,现行有效,地方政府规章及文件
'重庆市九龙坡区人民政府办公室关于印发《九龙坡区工业(战略性新兴产业)发展扶持办法实施细则(修订)》的通知',重庆市九龙坡区人民政府办公室,2017-01-24,现行有效,地方政府规章及文件
'重庆市城乡建设委员会关于印发《2015年重庆市建筑产业现代化工程建设标准设计图集编制计划》的通知',重庆市城乡建设委员会,2015-09-21,现行有效,地方政府规章及文件
'关于开展2015年度重庆市特色产业基地创建工作的通知',重庆市经济和信息化委员会,2014-11-18,现行有效,地方政府规章及文件
'重庆市人民政府关于印发重庆市促进国际服务外包产业发展若干政策措施实施办法的通知',重庆市人民政府,2009-08-13,现行有效,地方政府规章及文件
'重庆市人民政府关于促进服务外包产业发展的意见',重庆市人民政府,2008-02-04,现行有效,地方政府规章及文件
'重庆市綦江区人民政府关于印发《重庆市綦江区商贸流通产业“十三五”发展规划(2016—2020)》的通知',重庆市綦江区人民政府,2016-11-16,现行有效,地方政府规章及文件
'奉节县人民政府关于印发奉节县烟草产业“十三五”发展规划的通知',重庆市奉节县人民政府,2016-11-15,现行有效,地方政府规章及文件
'奉节县人民政府办公室关于做好2017年烟草产业发展工作的通知',重庆市奉节县人民政府办公室,2016-11-08,现行有效,地方政府规章及文件
'重庆市渝北区人民政府办公室关于印发渝北区促进商贸流通产业发展扶持办法的通知',重庆市渝北区人民政府办公室,2016-10-17,现行有效,地方政府规章及文件
'重庆市农业委员会转发《农业部关于加大贫困地区项目资金倾斜支持力度促进特色产业精准扶贫的意见》的通知',重庆市农业委员会,2016-10-17,现行有效,地方政府规章及文件
'重庆市经济和信息化委员会印发《关于加快推进可穿戴设备产业发展的工作意见》的通知',重庆市经济和信息化委员会,2016-10-10,现行有效,地方政府规章及文件
'重庆市九龙坡区人民政府办公室关于印发《九龙坡区“十三五”战略性新兴产业发展规划》的通知',重庆市九龙坡区人民政府办公室,2016-09-28,现行有效,地方政府规章及文件
'重庆市大足区人民政府关于进一步加快发展体育产业促进体育消费的实施意见',重庆市大足区人民政府,2016-09-22,现行有效,地方政府规章及文件
'重庆市大渡口区人民政府办公室关于大力发展生物医疗科技产业的实施意见',重庆市大渡口区人民政府办公室,2016-09-21,现行有效,地方政府规章及文件
'重庆市财政局、重庆市体育局关于印发重庆市体育产业发展专项资金管理暂行办法的通知',重庆市财政局;重庆市体育局,2016-09-12,现行有效,地方政府规章及文件
'巫山县人民政府关于加快发展体育产业促进体育消费的实施意见',重庆市巫山县人民政府,2016-09-05,现行有效,地方政府规章及文件
'重庆市农业委员会办公室关于建立健全产业扶贫工作推进机制的通知',重庆市农业委员会办公室,2016-08-30,现行有效,地方政府规章及文件
'重庆市农业委员会、重庆市财政局关于实施2016年农村一二三产业融合发展试点项目的指导意见',重庆市农业委员会;重庆市财政局,2016-07-27,现行有效,地方政府规章及文件
'重庆市九龙坡区人民政府办公室关于印发九龙坡区推动房地产业健康有序发展的实施意见的通知',重庆市九龙坡区人民政府办公室,2016-06-27,现行有效,地方政府规章及文件
'重庆市渝北区人民政府办公室关于印发渝北区加快推进工业机器人产业发展工作意见(试行)的通知',重庆市渝北区人民政府办公室,2016-06-15,现行有效,地方政府规章及文件
'重庆市经济和信息化委员会印发关于加快推进无人机产业发展的意见的通知',重庆市经济和信息化委员会,2016-06-12,现行有效,地方政府规章及文件
'重庆市经济和信息化委员会关于转发《国家对软件和集成电路产业企业实施所得税优惠政策》相关文件的通知',重庆市经济和信息化委员会,2016-06-08,现行有效,地方政府规章及文件
'重庆市经济和信息化委员会关于印发《重庆市产业关键共性技术发展指南(2016年)》的通知',重庆市经济和信息化委员会,2016-05-31,现行有效,地方政府规章及文件
'重庆市渝北区人民政府办公室关于印发《渝北区国有企业投资产业项目管理暂行办法》的通知',重庆市渝北区人民政府办公室,2016-05-25,现行有效,地方政府规章及文件
'重庆市万州区人民政府关于印发万州区加快发展体育产业促进体育消费的实施细则的通知',重庆市万州区人民政府,2016-05-12,现行有效,地方政府规章及文件
'沙坪坝区人民政府办公室关于印发《沙坪坝区文化产业发展扶持暂行办法》的通知',重庆市沙坪坝区人民政府办公室,2016-05-05,已失效,地方政府规章及文件
'重庆市涪陵区人民政府办公室关于印发《涪陵区电子商务产业园及农村电子商务建设方案》的通知',重庆市涪陵区人民政府办公室,2016-04-26,现行有效,地方政府规章及文件
'重庆市经济和信息化委员会关于印发《重庆市产业技术创新专项资金2016年度申报指南》的通知',重庆市经济和信息化委员会,2016-04-14,现行有效,地方政府规章及文件
'重庆市九龙坡区人民政府关于加快发展战略性新兴产业的实施意见',重庆市九龙坡区人民政府,2016-04-12,现行有效,地方政府规章及文件
'重庆市荣昌区人民政府办公室关于印发荣昌区旅游产业发展营销奖励办法(试行)的通知',重庆市荣昌区人民政府办公室,2016-04-12,已失效,地方政府规章及文件
'石柱土家族自治县人民政府办公室关于2016年一二三产业融合发展的工作意见',重庆市石柱土家族自治县人民政府办公室,2016-04-01,现行有效,地方政府规章及文件
'城口县人民政府办公室关于印发《城口县2016-2017年煤矿关闭退出优化煤炭产业结构工作实施方案》的通知',重庆市城口县人民政府办公室,2016-04-01,现行有效,地方政府规章及文件
'石柱土家族自治县人民政府办公室关于做好2016年四大战略性新兴产业发展工作的通知',重庆市石柱土家族自治县人民政府办公室,2016-03-28,现行有效,地方政府规章及文件
'忠县人民政府办公室关于鼓励企业加大研发投入推动产业转型升级发展的实施意见',重庆市忠县人民政府办公室,2016-03-18,现行有效,地方政府规章及文件
'重庆市人民政府办公厅关于印发重庆市市级高新技术产业开发区认定和管理办法的通知',重庆市人民政府办公厅,2016-03-15,现行有效,地方政府规章及文件
'武隆县人民政府关于加快发展体育产业促进体育消费的实施意见',重庆市武隆县人民政府,2016-03-13,现行有效,地方政府规章及文件
'重庆市财政局、重庆市经济和信息化委员会关于印发重庆市产业技术创新专项资金管理暂行办法的通知',重庆市财政局;重庆市经济和信息化委员会,2016-02-02,现行有效,地方政府规章及文件
'重庆市璧山区人民政府转发《重庆市人民政府关于加快钢结构推广应用及产业创新发展的指导意见》的通知',重庆市璧山区人民政府,2016-01-22,现行有效,地方政府规章及文件
'重庆市黔江区人民政府办公室关于印发黔江区促进电子商务产业发展扶持办法的通知',重庆市黔江区人民政府办公室,2016-01-18,现行有效,地方政府规章及文件
'重庆市人民政府关于加快钢结构推广应用及产业创新发展的指导意见',重庆市人民政府,2016-01-07,现行有效,地方政府规章及文件
'重庆市合川区人民政府办公室关于印发《合川区加快推进医药产业发展若干措施(试行)》的通知',重庆市合川区人民政府办公室,2015-12-14,现行有效,地方政府规章及文件
'垫江县人民政府关于加快推进商贸流通产业发展的意见',重庆市垫江县人民政府,2015-12-07,现行有效,地方政府规章及文件
'奉节县人民政府办公室关于印发《奉节县农业产业发展资金帮扶贫困户办法(试行)》的通知',重庆市奉节县人民政府办公室,2015-12-04,现行有效,地方政府规章及文件
'重庆市城乡建设委员会关于印发重庆市建筑产业现代化综合试点区县和示范基地管理办法的通知',重庆市城乡建设委员会,2015-12-04,现行有效,地方政府规章及文件
'重庆市綦江区人民政府关于加快发展体育产业促进体育消费的实施意见',重庆市綦江区人民政府,2015-12-02,现行有效,地方政府规章及文件
'重庆市潼南区人民政府关于加快发展体育产业促进体育消费的实施意见',重庆市潼南区人民政府,2015-11-24,现行有效,地方政府规章及文件
'重庆市江津区人民政府关于加快发展体育产业促进体育消费的实施意见',重庆市江津区人民政府,2015-11-18,现行有效,地方政府规章及文件
'重庆市人民政府办公厅关于加快木本油料产业发展的实施意见',重庆市人民政府办公厅,2015-11-13,现行有效,地方政府规章及文件
'重庆市城乡建设委员会、重庆市财政局关于印发《重庆市建筑产业现代化示范工程项目补助资金管理办法》的通知',重庆市城乡建设委员会;重庆市财政局,2015-11-11,现行有效,地方政府规章及文件
'巫山县林业局关于印发巫山县林业产业扶贫实施意见的通知',重庆市巫山县林业局,2015-11-09,现行有效,地方政府规章及文件
'重庆市荣昌区人民政府办公室关于印发重庆市荣昌区加快推进重庆(荣昌)农特电子商务产业园建设工作任务分解表的通知',重庆市荣昌区人民政府办公室,2015-11-09,现行有效,地方政府规章及文件
'重庆市荣昌区人民政府关于加快发展体育产业促进体育消费的实施意见',重庆市荣昌区人民政府,2015-10-29,现行有效,地方政府规章及文件
'巫山县农业委员会关于印发《发展特色效益农业实施产业扶贫实施方案》的通知',重庆市巫山县农业委员会,2015-10-28,现行有效,地方政府规章及文件
'重庆市人民政府关于设立重庆永川高新技术产业开发区的批复',重庆市人民政府,2015-10-23,现行有效,地方政府规章及文件
'重庆市黔江区人民政府办公室关于印发加快推进商贸流通产业发展的实施方案的通知',重庆市黔江区人民政府办公室,2015-10-22,现行有效,地方政府规章及文件
'重庆市黔江区人民政府办公室关于印发黔江区推进电子商务产业发展工作方案的通知',重庆市黔江区人民政府办公室,2015-10-16,现行有效,地方政府规章及文件
'巫山县畜牧兽医局关于首批发展山羊产业做好精准扶贫工作的通知',重庆市巫山县畜牧兽医局,2015-09-30,现行有效,地方政府规章及文件
'重庆市大渡口区人民政府办公室关于印发大渡口区节能环保产业发展扶持办法的通知',重庆市大渡口区人民政府办公室,2015-09-30,现行有效,地方政府规章及文件
'重庆市渝北区人民政府办公室关于印发渝北区促进电子商务产业发展扶持办法的通知',重庆市渝北区人民政府办公室,2015-09-25,已失效,地方政府规章及文件
'重庆市渝北区人民政府办公室关于印发渝北区促进电子商务产业发展扶持办法的通知',重庆市渝北区人民政府办公室,2015-09-25,已失效,地方政府规章及文件
'重庆市人民政府办公厅关于鼓励企业加大研发投入推动产业转型升级发展的通知',重庆市人民政府办公厅,2015-09-16,现行有效,地方政府规章及文件
'城口县人民政府办公室关于印发《城口县产业准入负面清单》的通知',重庆市城口县人民政府办公室,2015-09-14,现行有效,地方政府规章及文件
'重庆市科学技术委员会关于印发《重庆市重点产业共性关键技术创新专项实施细则(试行)》的通知',重庆市科学技术委员会,2015-09-14,已失效,地方政府规章及文件
'重庆市綦江区人民政府办公室关于印发重庆市綦江区产业引导投资基金管理暂行办法的通知',重庆市綦江区人民政府办公室,2015-09-09,现行有效,地方政府规章及文件
'中共巫山县委办公室、巫山县人民政府办公室印发《关于发展特色效益农业实施产业扶贫的意见》的通知',中共重庆市巫山县委办公室;重庆市巫山县人民政府办公室,2015-08-25,现行有效,地方政府规章及文件
'酉阳土家族苗族自治县人民政府关于印发《酉阳自治县产业投资禁投清单》的通知',重庆市酉阳土家族苗族自治县人民政府,2015-08-05,现行有效,地方政府规章及文件
'重庆市璧山区人民政府办公室关于转发《重庆市人民政府关于促进云计算创新发展培育信息产业新业态的实施意见》的通知',重庆市璧山区人民政府办公室,2015-08-04,现行有效,地方政府规章及文件
'重庆市涪陵区增福乡人民政府关于印发《增福乡2015年脱贫摘帽土鸡产业项目实施方案》的通知',重庆市涪陵区增福乡人民政府,2015-07-30,现行有效,地方政府规章及文件
'重庆市体育局关于印发《重庆市人民政府关于加快发展体育产业促进体育消费的实施意见》重点任务分工的通知',重庆市体育局,2015-07-28,现行有效,地方政府规章及文件
'重庆市体育局关于学习贯彻《重庆市人民政府关于加快发展体育产业促进体育消费的实施意见》的通知',重庆市体育局,2015-07-27,现行有效,地方政府规章及文件
'重庆市人民政府关于促进云计算创新发展培育信息产业新业态的实施意见',重庆市人民政府,2015-07-16,现行有效,地方政府规章及文件
'重庆市渝北区人民政府办公室关于印发财政投入资金支持农民与业主持股发展产业试点实施方案的通知',重庆市渝北区人民政府办公室,2015-07-03,现行有效,地方政府规章及文件
'开县人民政府办公室关于印发开县2015年大鲵产业发展扶持办法的通知',重庆市开县人民政府办公室,2015-07-02,现行有效,地方政府规章及文件
'重庆市人民政府关于加快发展体育产业促进体育消费的实施意见',重庆市人民政府,2015-06-24,现行有效,地方政府规章及文件
'重庆市璧山区人民政府办公室关于印发《璧山区产业发展专项资金管理暂行办法》的通知',重庆市璧山区人民政府办公室,2015-06-23,现行有效,地方政府规章及文件
'重庆市人民政府关于加快推进商贸流通产业发展的意见',重庆市人民政府,2015-05-19,已失效,地方政府规章及文件
'重庆北部新区管委会办公室关于印发《北部新区互联网产业园项目入驻管理办法》的通知',重庆北部新区管理委员会办公室,2015-05-07,已失效,地方政府规章及文件
'重庆市人民政府关于推进文化创意和设计服务与相关产业融合发展的实施意见',重庆市人民政府,2015-04-28,已失效,地方政府规章及文件
'重庆市巴南区人民政府办公室关于印发产业发展股权投资操作暂行办法的通知',重庆市巴南区人民政府办公室,2015-04-23,已失效,地方政府规章及文件
'重庆市巴南区人民政府办公室关于印发产业发展专项资金管理暂行办法的通知',重庆市巴南区人民政府办公室,2015-04-23,已失效,地方政府规章及文件
'重庆市经济和信息化委员会关于发布《重庆市十大新兴产业集群人才需求指导目录》的通知',重庆市经济和信息化委员会,2015-04-22,现行有效,地方政府规章及文件
'巫山县畜牧兽医局2015年山羊产业发展实施方案',重庆市巫山县畜牧兽医局,2015-04-21,现行有效,地方政府规章及文件
'重庆市人民政府办公厅关于印发重庆市环保产业集群发展规划(2015―2020年)的通知',重庆市人民政府办公厅,2015-04-01,现行有效,地方政府规章及文件
'重庆市发展和改革委员会、重庆市经济和信息化委员会关于进一步鼓励集成电路产业发展企业所得税政策的通知',重庆市发展和改革委员会;重庆市经济和信息化委员会,2015-03-26,现行有效,地方政府规章及文件
'重庆市人民政府办公厅关于印发重庆市页岩气产业发展规划(2015―2020年)的通知',重庆市人民政府办公厅,2015-03-19,现行有效,地方政府规章及文件
'云阳县人民政府关于印发加快农业三大主导产业发展实施意见的通知',重庆市云阳县人民政府,2015-03-19,现行有效,地方政府规章及文件
'关于印发《重庆市江津区2015年富硒产业发展工作要点》的通知',重庆市江津区人民政府办公室,2015-03-04,现行有效,地方政府规章及文件
'重庆北部新区管委会办公室关于印发重庆两江广告产业园管理办法的通知',重庆北部新区管理委员会办公室,2015-02-12,已失效,地方政府规章及文件
'重庆市人民政府办公厅转发市城乡建委《关于加快推进建筑产业现代化意见》的通知',重庆市人民政府办公厅,2014-12-30,现行有效,地方政府规章及文件
'重庆市合川区人民政府关于加快商贸流通产业发展的意见',重庆市合川区人民政府,2014-12-08,现行有效,地方政府规章及文件
'重庆市大足区人民政府办公室关于印发大足区做好信息产业市级重点电子配套企业人力资源保障工作实施方案的通知',重庆市大足区人民政府办公室,2014-12-01,现行有效,地方政府规章及文件
'开县人民政府办公室关于印发重庆市开县工业产业发展规划(2014-2020)的通知',重庆市开县人民政府办公室,2014-11-11,现行有效,地方政府规章及文件
'重庆市渝北区人民政府办公室关于印发重庆市渝北区产业引导股权投资基金管理暂行办法的通知',重庆市渝北区人民政府办公室,2014-10-10,现行有效,地方政府规章及文件
'关于印发《重庆市特色产业基地创建管理办法》的通知',重庆市经济和信息化委员会,2014-09-24,现行有效,地方政府规章及文件
'重庆市巴南区人民政府关于促进网络零售产业发展的意见',重庆市巴南区人民政府,2014-09-22,现行有效,地方政府规章及文件
'重庆市知识产权局关于加强七大战略性新兴产业和“6+1”支柱产业专利布局工作的通知',重庆市知识产权局,2014-09-09,现行有效,地方政府规章及文件
'重庆市发展和改革委员会关于转发《国家能源局关于规范煤制油、煤制天然气产业科学有序发展的通知》的通知',重庆市发展和改革委员会,2014-08-29,现行有效,地方政府规章及文件
'城口县人民政府办公室关于印发《城口县信息消费产业发展专项规划(2014－2016)》的通知',重庆市城口县人民政府办公室,2014-08-22,现行有效,地方政府规章及文件
'重庆市九龙坡区人民政府办公室、重庆高新区管理委员会办公室关于进一步推动我区重点产业配套企业招工服务工作的通知',重庆市九龙坡区人民政府办公室;重庆高新区管理委员会办公室,2014-08-15,现行有效,地方政府规章及文件
'重庆市农业委员会、重庆市财政局关于下达2014年现代农业及特色效益农业产业链项目建设任务的通知',重庆市农业委员会;重庆市财政局,2014-08-13,现行有效,地方政府规章及文件
'重庆市巴南区人民政府办公室关于印发产业引导股权投资基金管理暂行办法的通知',重庆市巴南区人民政府办公室,2014-08-12,现行有效,地方政府规章及文件
'中共重庆市万州区委、重庆市万州区人民政府关于加快旅游产业发展的意见',中共重庆市万州区委;重庆市万州区人民政府,2014-08-08,现行有效,地方政府规章及文件
'重庆市江津区人民政府办公室关于印发《江津区富硒产业发展规划》的通知',重庆市江津区人民政府办公室,2014-07-31,现行有效,地方政府规章及文件
'重庆市林业局关于切实做好林业产业年鉴工作的通知',重庆市林业局,2014-07-28,现行有效,地方政府规章及文件
'酉阳土家族苗族自治县人民政府关于山羊产业发展的意见',重庆市酉阳土家族苗族自治县人民政府,2014-07-26,现行有效,地方政府规章及文件
'开县人民政府办公室关于切实抓好种桑养畜(禽)产业发展工作的通知',重庆市开县人民政府办公室,2014-07-17,现行有效,地方政府规章及文件
'中共重庆市涪陵区委、重庆市涪陵区人民政府关于加快涪陵水运产业发展的意见',中共重庆市涪陵区委;重庆市涪陵区人民政府,2014-06-30,现行有效,地方政府规章及文件
'重庆市物价局关于转发国家发展和改革委员会、工业和信息化部、国家质量监督检验检疫总局《关于运用价格手段促进水泥行业产业结构调整有关事项的通知》',重庆市物价局,2014-06-30,现行有效,地方政府规章及文件
'重庆市涪陵区财政局、重庆市涪陵区文化广电新闻出版局关于印发《涪陵区文化产业发展专项资金暂行管理办法》的通知',重庆市涪陵区财政局;重庆市涪陵区文化广电新闻出版局,2014-06-16,现行有效,地方政府规章及文件
'渝中区旅游局关于两江游产业扶持政策的实施细则(试行)',重庆市渝中区旅游局,2014-06-09,现行有效,地方政府规章及文件
'重庆市教育委员会转发《教育部、商务部关于创新服务外包人才培养机制提升服务外包产业发展能力的意见》的通知',重庆市教育委员会,2014-05-26,现行有效,地方政府规章及文件
'巫山县畜牧兽医局关于2014年山羊产业发展实施方案的通知',重庆市巫山县畜牧兽医局,2014-05-20,现行有效,地方政府规章及文件
'重庆市人民政府关于发展通用航空产业的意见',重庆市人民政府,2014-05-15,现行有效,地方政府规章及文件
'重庆市涪陵区房地产业管理局关于转发《重庆市党政机关工作人员效能问责办法》的通知',重庆市涪陵区房地产业管理局,2014-05-04,现行有效,地方政府规章及文件
'重庆市涪陵区房地产业管理局关于印发2014年度物业管理工作考核标准的通知',重庆市涪陵区房地产业管理局,2014-04-28,现行有效,地方政府规章及文件
'重庆市涪陵区房地产业管理局关于开展“压事故、保安全”百日攻坚行动的通知',重庆市涪陵区房地产业管理局,2014-04-22,现行有效,地方政府规章及文件
'重庆市人民政府办公厅关于印发重庆市产业引导股权投资基金管理暂行办法的通知',重庆市人民政府办公厅,2014-04-11,已失效,地方政府规章及文件
'重庆市涪陵区房地产业管理局关于印发2014年度物业管理工作要点的通知',重庆市涪陵区房地产业管理局,2014-03-27,现行有效,地方政府规章及文件
'城口县人民政府关于印发城口县特色效益农业产业扶持政策实施办法的通知',重庆市城口县人民政府,2014-03-25,现行有效,地方政府规章及文件
'重庆市涪陵区房地产业管理局关于做好2014年干部接访下访群众工作的通知',重庆市涪陵区房地产业管理局,2014-03-24,现行有效,地方政府规章及文件
'重庆市涪陵区房地产业管理局关于印发《开展房屋纠纷大调解活动的实施方案》的通知',重庆市涪陵区房地产业管理局,2014-03-24,现行有效,地方政府规章及文件
'重庆市巴南区人民政府办公室关于加强重点产业人力资源保障工作的通知',重庆市巴南区人民政府办公室,2014-03-12,现行有效,地方政府规章及文件
'重庆市涪陵区房地产业管理局关于2014年信访稳定工作方案的通知',重庆市涪陵区房地产业管理局,2014-03-11,现行有效,地方政府规章及文件
'重庆市涪陵区房地产业管理局关于印发2014年安全工作要点的通知',重庆市涪陵区房地产业管理局,2014-03-11,现行有效,地方政府规章及文件
'中共重庆市涪陵区房地产业管理局党组关于认真开展“三抓三比”活动有关工作的通知',中共重庆市涪陵区房地产业管理局党组,2014-03-05,现行有效,地方政府规章及文件
'重庆北部新区管委会办公室关于印发重庆北部新区软件产业中心(B栋)招商项目入驻管理办法的通知',重庆北部新区管理委员会办公室,2014-03-05,已失效,地方政府规章及文件
'重庆市人民政府办公厅关于促进网络零售产业发展重点工作分工及政策措施落实责任分解的通知',重庆市人民政府办公厅,2014-03-03,现行有效,地方政府规章及文件
'重庆市涪陵区环境保护局、重庆市涪陵区房地产业管理局关于印发《2014年市级安静居住小区创建方案》的通知',重庆市涪陵区环境保护局;重庆市涪陵区房地产业管理局,2014-02-28,现行有效,地方政府规章及文件
'重庆市涪陵区房地产业管理局关于2014年度信息工作考核办法的通知',重庆市涪陵区房地产业管理局,2014-02-26,现行有效,地方政府规章及文件
'重庆市涪陵区房地产业管理局关于印发《节前消防安全大检查实施方案》的通知',重庆市涪陵区房地产业管理局,2014-01-24,现行有效,地方政府规章及文件
'重庆市渝北区人民政府办公室关于印发重庆市渝北区产业投资项目准入管理暂行办法的通知',重庆市渝北区人民政府办公室,2014-01-21,现行有效,地方政府规章及文件
'重庆市江津区人民政府办公室关于印发《重庆市江津区2014年南部山区富硒绿色大米产业发展实施方案》的通知',重庆市江津区人民政府办公室,2014-01-20,现行有效,地方政府规章及文件
'重庆市涪陵区房地产业管理局关于印发2014年春节期间燃放烟花爆竹安全管理工作方案的通知',重庆市涪陵区房地产业管理局,2014-01-20,已失效,地方政府规章及文件
'重庆市涪陵区房地产业管理局关于转发区委办、区府办《关于做好2014年春节期间值班工作的通知》的通知',重庆市涪陵区房地产业管理局,2014-01-16,现行有效,地方政府规章及文件
'关于转发商务部产业司《中国机电企业跨国并购指南》的通知',重庆市对外贸易经济委员会,2014-01-08,现行有效,地方政府规章及文件
'巫山县畜牧兽医局畜牧产业发展项目管理办法(试行)',重庆市巫山县畜牧兽医局,2014,现行有效,地方政府规章及文件
'重庆市涪陵区房地产业管理局关于切实加强2013年末及2014年元旦节期间安全生产工作的通知',重庆市涪陵区房地产业管理局,2013-12-13,现行有效,地方政府规章及文件
'武隆县人民政府办公室关于印发武隆县特色效益农业产业扶持政策(试行)的通知',重庆市武隆县人民政府办公室,2013-12-11,现行有效,地方政府规章及文件
'重庆市涪陵区房地产业管理局关于印发《涪陵区房管局开展2013年“12·4”全国法制宣传活动实施方案》的通知',重庆市涪陵区房地产业管理局,2013-12-03,现行有效,地方政府规章及文件
'武隆县仙女山镇人民政府关于做好信息产业招工工作的紧急通知',重庆市武隆县仙女山镇人民政府,2013-11-29,现行有效,地方政府规章及文件
'重庆市涪陵区房地产业管理局关于印发《安全生产专项整治行动方案》的通知',重庆市涪陵区房地产业管理局,2013-11-25,现行有效,地方政府规章及文件
'武隆县人民政府办公室关于进一步做好信息产业招工工作的紧急通知',重庆市武隆县人民政府办公室,2013-11-22,现行有效,地方政府规章及文件
'重庆市长寿区人民政府关于促进电子商务产业发展的意见',重庆市长寿区人民政府,2013-11-14,已失效,地方政府规章及文件
'重庆市长寿区人民政府办公室关于印发长寿电子商务产业园实施方案的通知',重庆市长寿区人民政府办公室,2013-11-14,现行有效,地方政府规章及文件
'重庆市涪陵区房地产业管理局关于加强物业管理工作的实施意见的宣传活动方案',重庆市涪陵区房地产业管理局,2013-11-12,现行有效,地方政府规章及文件
'重庆市涪陵区房地产业管理局关于集中开展安全生产重特大事故防控专项行动工作方案',重庆市涪陵区房地产业管理局,2013-11-11,已失效,地方政府规章及文件
'重庆市万州区人民政府关于加快医药产业发展的意见',重庆市万州区人民政府,2013-11-11,现行有效,地方政府规章及文件
'重庆市涪陵区房地产业管理局关于印发《“119”消防宣传周活动方案》的通知',重庆市涪陵区房地产业管理局,2013-11-05,已失效,地方政府规章及文件
'重庆市涪陵区房地产业管理局关于印发涪陵城区房屋拆除工程施工扬尘控制整治实施方案的通知',重庆市涪陵区房地产业管理局,2013-10-28,现行有效,地方政府规章及文件
'重庆市人民政府关于推进机器人产业发展的指导意见',重庆市人民政府,2013-10-26,已失效,地方政府规章及文件
'重庆市涪陵区房地产业管理局关于开展房屋拆除工程施工防控重特大事故专项整治工作的通知',重庆市涪陵区房地产业管理局,2013-10-24,现行有效,地方政府规章及文件
'重庆市涪陵区房地产业管理局关于落实应急管理一岗双责责任制的通知',重庆市涪陵区房地产业管理局,2013-10-08,现行有效,地方政府规章及文件
'重庆市涪陵区房地产业管理局关于做好2013年第四季度保障性住房建设安全生产工作的通知',重庆市涪陵区房地产业管理局,2013-10-08,现行有效,地方政府规章及文件
'城口县人民政府关于加快互联网产业发展的实施意见',重庆市城口县人民政府,2013-09-30,现行有效,地方政府规章及文件
'重庆市涪陵区房地产业管理局关于印发《开展“梦想课堂”活动的实施方案》的通知',重庆市涪陵区房地产业管理局,2013-09-27,现行有效,地方政府规章及文件
'重庆市万州区人民政府办公室转发《2013年全市战略性新兴产业知识产权工作要点的通知》',重庆市万州区人民政府办公室,2013-09-26,现行有效,地方政府规章及文件
'重庆市涪陵区房地产业管理局关于印发《2013年涪陵区环保五大行动进小区宣传工作方案》的通知',重庆市涪陵区房地产业管理局,2013-09-25,现行有效,地方政府规章及文件
'关于开展市级大数据试点产业园申报工作的通知',重庆市经济和信息化委员会,2013-09-22,现行有效,地方政府规章及文件
'梁平县人民政府关于促进网络零售产业加快发展的意见',重庆市梁平县人民政府,2013-09-17,已失效,地方政府规章及文件
'重庆两江新区管理委员会关于印发《两江新区工业开发区产业扶持项目财政资金管理暂行办法》的通知',重庆两江新区管理委员会,2013-09-10,现行有效,地方政府规章及文件
'重庆市涪陵区房地产业管理局关于印发《涪陵区房管局开展反邪教法制知识竞赛活动实施方案》的通知',重庆市涪陵区房地产业管理局,2013-09-09,现行有效,地方政府规章及文件
'关于重庆市(江津)现代农业园区农业产业发展实施奖扶的通知',重庆市江津区人民政府办公室,2013-09-09,现行有效,地方政府规章及文件
'重庆市涪陵区房地产业管理局关于强化房屋拆除工程管理控制施工扬尘污染的通知',重庆市涪陵区房地产业管理局,2013-09-04,现行有效,地方政府规章及文件
'忠县人民政府关于加快发展建筑节能产业的实施意见',重庆市忠县人民政府,2013-08-19,现行有效,地方政府规章及文件
'重庆市涪陵区房地产业管理局关于转发市综治办《关于进一步加强治安防控切实维护社会稳定的通知》的通知',重庆市涪陵区房地产业管理局,2013-08-08,现行有效,地方政府规章及文件
'巫溪县人民政府办公室关于印发2013年特色产业及示范工程扶持办法的通知',重庆市巫溪县人民政府办公室,2013-08-08,现行有效,地方政府规章及文件
'重庆市涪陵区房地产业管理局办公室关于转发市局办《关于进一步加强政务值班工作的通知》的通知',重庆市涪陵区房地产业管理局办公室,2013-08-01,现行有效,地方政府规章及文件
'重庆市涪陵区房地产业管理局关于转发市安委办《关于贯彻落实<重庆市防暑降温措施管理办法>加强高温作业、高温天气作业劳动保护工作的通知》的通知',重庆市涪陵区房地产业管理局,2013-07-30,现行有效,地方政府规章及文件
'重庆市涪陵区房地产业管理局关于转发《市政府办公厅关于切实做好高温天气防范应对工作的通知》的通知',重庆市涪陵区房地产业管理局,2013-07-24,现行有效,地方政府规章及文件
'重庆市永川区人民政府转发《重庆市人民政府关于进一步推动互联网产业发展若干政策的意见》的通知',重庆市永川区人民政府,2013-07-08,现行有效,地方政府规章及文件
'重庆市涪陵区房地产业管理局关于印发消防安全大排查大整治大执法大督查专项行动工作方案的通知',重庆市涪陵区房地产业管理局,2013-06-25,现行有效,地方政府规章及文件
'重庆市涪陵区房地产业管理局关于切实加强汛期房屋住用安全工作的通知',重庆市涪陵区房地产业管理局,2013-06-09,现行有效,地方政府规章及文件
'重庆市人民政府关于促进网络零售产业加快发展的意见',重庆市人民政府,2013-06-05,已失效,地方政府规章及文件
'重庆市人民政府关于进一步推动互联网产业发展若干政策的意见',重庆市人民政府,2013-06-05,现行有效,地方政府规章及文件
'忠县人民政府办公室关于印发忠县肉兔产业资金补助办法(试行)的通知',重庆市忠县人民政府办公室,2013-06-03,现行有效,地方政府规章及文件
'重庆市涪陵区房地产业管理局关于印发《安全培训大宣传工作方案》的通知',重庆市涪陵区房地产业管理局,2013-05-15,现行有效,地方政府规章及文件
'重庆市财政局关于重新修订印发《重庆市文化产业发展专项资金管理办法》的通知',重庆市财政局,2013-05-15,现行有效,地方政府规章及文件
'重庆市涪陵区人民政府办公室关于继续做好房地产市场调控促进房地产业健康发展的通知',重庆市涪陵区人民政府办公室,2013-04-28,现行有效,地方政府规章及文件
'忠县人民政府办公室关于印发《忠县肉兔产业发展三年行动计划(2013-2015年)》的通知',重庆市忠县人民政府办公室,2013-04-22,现行有效,地方政府规章及文件
'城口县人民政府关于印发城口县2013年特色效益农业产业扶持政策实施办法的通知',重庆市城口县人民政府,2013-04-12,现行有效,地方政府规章及文件
'开县人民政府办公室转发《重庆市人民政府关于加快医药产业发展的意见》的通知',重庆市开县人民政府办公室,2013-04-07,现行有效,地方政府规章及文件
'忠县人民政府关于加快笋竹产业发展的意见',重庆市忠县人民政府,2013-04-03,现行有效,地方政府规章及文件
'重庆市发展和改革委员会关于转发国家能源局《煤层气产业政策》的通知',重庆市发展和改革委员会,2013-03-29,现行有效,地方政府规章及文件
'重庆市人民政府关于加快医药产业发展的意见',重庆市人民政府,2013-03-11,现行有效,地方政府规章及文件
'重庆市涪陵区房地产业管理局关于2013年度信访稳定工作要点的通知',重庆市涪陵区房地产业管理局,2013-02-27,现行有效,地方政府规章及文件
'忠县人民政府关于印发忠县促进医药产业振兴发展若干政策的通知',重庆市忠县人民政府,2013-02-26,现行有效,地方政府规章及文件
'重庆市九龙坡区人民政府办公室关于印发重庆市九龙坡区产业发展扶持办法实施细则的通知',重庆市九龙坡区人民政府办公室,2013-02-24,现行有效,地方政府规章及文件
'重庆市人民政府办公厅关于加快大鲵产业发展的意见',重庆市人民政府办公厅,2013-02-19,已失效,地方政府规章及文件
'重庆市渝北区人民政府办公室关于印发重庆市渝北区“十二五”文化产业发展规划纲要的通知',重庆市渝北区人民政府办公室,2013-02-16,现行有效,地方政府规章及文件
'重庆市涪陵区房地产业管理局关于2013年春节期间燃放烟花爆竹安全管理工作的通知',重庆市涪陵区房地产业管理局,2013-02-07,现行有效,地方政府规章及文件
'忠县人民政府办公室关于印发忠县医药产业振兴发展三年行动计划的通知',重庆市忠县人民政府办公室,2013-02-01,现行有效,地方政府规章及文件
'重庆北部新区管委会办公室关于印发重庆北部新区产业发展专项资金管理办法的通知',重庆北部新区管理委员会办公室,2013-01-31,已失效,地方政府规章及文件
'重庆高新区管理委员会办公室关于印发重庆高新技术产业开发区科技计划项目管理办法的通知',重庆高新区管理委员会办公室,2013-01-29,现行有效,地方政府规章及文件
'重庆市涪陵区房地产业管理局关于认真做好2013年春节两会期间安全稳定工作的通知',重庆市涪陵区房地产业管理局,2013-01-25,现行有效,地方政府规章及文件
'丰都县人民政府关于切实抓好2013年烟叶产业发展工作的通知',重庆市丰都县人民政府,2013-01-17,现行有效,地方政府规章及文件
'重庆市江津区人民政府办公室关于印发江津区三峡后续工作库区产业结构战略调整及发展扶持类项目专项资金使用管理实施细则的通知',重庆市江津区人民政府办公室,2013-01-04,已失效,地方政府规章及文件
'重庆市涪陵区房地产业管理局关于加强房屋拆除工程安全监管的通知',重庆市涪陵区房地产业管理局,2012-12-17,现行有效,地方政府规章及文件
'重庆市扶贫开发办公室、重庆市烟草专卖局关于发展现代烟草扶贫产业加快贫困地区脱贫致富的实施意见',重庆市扶贫开发办公室;重庆市烟草专卖局,2012-12-05,现行有效,地方政府规章及文件
'重庆市长寿区人民政府关于商贸流通产业扶持政策的通知',重庆市长寿区人民政府,2012-12-03,现行有效,地方政府规章及文件
'重庆市江津区人民政府关于加快富硒特色产业发展的意见',重庆市江津区人民政府,2012-10-19,现行有效,地方政府规章及文件
'武隆县人民政府办公室转发《重庆市人民政府办公厅关于印发重庆市产业集群商标品牌培育基地认定和管理管理办法的通知》的通知',重庆市武隆县人民政府办公室,2012-10-19,现行有效,地方政府规章及文件
'关于促进花椒产业特色高效发展的意见',重庆市江津区人民政府,2012-10-19,现行有效,地方政府规章及文件
'重庆市涪陵区房地产业管理局关于认真做好“中秋”“国庆”长假期间物业服务区域安全稳定工作的通知',重庆市涪陵区房地产业管理局,2012-09-26,现行有效,地方政府规章及文件
'重庆市渝北区人民政府办公室关于印发渝北区加快推进文化产业和文化事业项目建设工作方案的通知',重庆市渝北区人民政府办公室,2012-09-24,现行有效,地方政府规章及文件
'重庆市人民政府办公厅关于印发重庆市产业集群商标品牌培育基地认定和管理办法的通知',重庆市人民政府办公厅,2012-09-24,现行有效,地方政府规章及文件
'重庆市涪陵区房地产业管理局关于规范全区廉租房调整为公租房具体操作程序的通知',重庆市涪陵区房地产业管理局,2012-09-17,现行有效,地方政府规章及文件
'重庆市万州区人民政府办公室转发市知识产权局等部门《关于加强重庆战略性新兴产业知识产权工作实施意见》的通知',重庆市万州区人民政府办公室,2012-09-14,现行有效,地方政府规章及文件
'重庆高新区管理委员会办公室关于印发重庆高新技术产业开发区高层次人才引进和激励办法的通知',重庆高新区管理委员会办公室,2012-09-10,现行有效,地方政府规章及文件
'重庆市涪陵区房地产业管理局关于印发《深入开展以“加强从政道德建设，保持党的纯洁性”为主题的“党性党风党纪教育月”活动实施方案》的通知',重庆市涪陵区房地产业管理局,2012-08-31,已失效,地方政府规章及文件
'重庆市九龙坡区人民政府办公室关于黄桷坪艺术品产业微型企业孵化园扩容升级和产业扶持的实施意见',重庆市九龙坡区人民政府办公室,2012-08-31,现行有效,地方政府规章及文件
'重庆市涪陵区房地产业管理局关于进一步加强当前至十八大期间信访稳定工作的通知',重庆市涪陵区房地产业管理局,2012-07-30,现行有效,地方政府规章及文件
'重庆市经济和信息化委员会关于印发《创建重庆市新型工业化产业示范基地管理办法(试行)》的通知',重庆市经济和信息化委员会,2012-07-30,现行有效,地方政府规章及文件
'巫山县人民政府关于加快商贸流通产业发展的意见',重庆市巫山县人民政府,2012-07-27,现行有效,地方政府规章及文件
'重庆市涪陵区房地产业管理局关于将人口计划生育工作纳入物业小区管理重要内容的通知',重庆市涪陵区房地产业管理局,2012-07-05,现行有效,地方政府规章及文件
'重庆市九龙坡区人民政府办公室、重庆高新区管理委员会办公室关于印发重点产业配套企业招聘补贴方案的通知',重庆市九龙坡区人民政府办公室;重庆高新区管理委员会办公室,2012-06-27,现行有效,地方政府规章及文件
'关于印发《促进青羊镇特色农业产业发展政策措施的意见》的通知',重庆市涪陵区青羊镇人民政府,2012-06-25,现行有效,地方政府规章及文件
'重庆市发展和改革委员会关于组织实施2012年高技术产业发展专项的通知',重庆市发展和改革委员会,2012-06-25,现行有效,地方政府规章及文件
'重庆市涪陵区房地产业管理局关于印发《重庆市涪陵区房管局2012年党风廉政建设和反腐败分工责任制》的通知',重庆市涪陵区房地产业管理局,2012-06-12,现行有效,地方政府规章及文件
'重庆市永川区人民政府关于印发促进永川旅游产业发展的若干奖励政策的通知',重庆市永川区人民政府,2012-05-30,现行有效,地方政府规章及文件
'重庆市经济和信息化委员会关于开展利用云计算改造和提升传统产业试点工作的通知',重庆市经济和信息化委员会,2012-05-28,现行有效,地方政府规章及文件
'重庆市涪陵区房地产业管理局关于加强汛期房屋住用安全工作的通知',重庆市涪陵区房地产业管理局,2012-05-23,现行有效,地方政府规章及文件
'城口县人民政府办公室关于加强干果产业病虫害防治工作的紧急通知',重庆市城口县人民政府办公室,2012-05-16,现行有效,地方政府规章及文件
'关于印发《涪陵区房地产业管理局会议议事事规则(试行)》的通知',重庆市涪陵区房地产业管理局,2012-05-08,现行有效,地方政府规章及文件
'重庆市綦江区人民政府办公室关于印发2012年蔬菜产业发展意见的通知',重庆市綦江区人民政府办公室,2012-05-02,现行有效,地方政府规章及文件
'关于印发《乡村旅游扶贫产业项目实施意见(试行)》的通知',重庆市扶贫开发办公室,2012-04-27,现行有效,地方政府规章及文件
'奉节县人民政府关于印发奉节县“十二五”文化事业和文化产业发展规划的通知',重庆市奉节县人民政府,2012-04-23,现行有效,地方政府规章及文件
'奉节县人民政府关于印发奉节县“十二五”渝东商贸物流园产业发展规划的通知',重庆市奉节县人民政府,2012-04-23,现行有效,地方政府规章及文件
'奉节县人民政府关于印发奉节县“十二五”旅游产业发展规划的通知',重庆市奉节县人民政府,2012-04-23,现行有效,地方政府规章及文件
'奉节县人民政府关于印发奉节县“十二五”脐橙产业发展规划的通知',重庆市奉节县人民政府,2012-04-23,现行有效,地方政府规章及文件
'重庆市涪陵区房地产业管理局关于印发《“我为城市突破年作贡献”竞赛活动实施方案》的通知',重庆市涪陵区房地产业管理局,2012-04-22,已失效,地方政府规章及文件
'重庆市涪陵区房地产业管理局关于印发开展打非治违专项行动方案的通知',重庆市涪陵区房地产业管理局,2012-04-20,现行有效,地方政府规章及文件
'中共巫山县委办公室、巫山县人民政府办公室关于印发《巫山县2012年农户增收工程产业奖励扶持办法》的通知',中共重庆市巫山县委办公室;重庆市巫山县人民政府办公室,2012-03-30,现行有效,地方政府规章及文件
'重庆市涪陵区房地产业管理局关于开展全区房屋住用安全和房屋拆除工程大宣教大排查大整治大执法专项行动的通知',重庆市涪陵区房地产业管理局,2012-03-20,已失效,地方政府规章及文件
'重庆市经济和信息化委员会关于印发《重庆市促进第三方支付产业发展的指导意见(暂行)》的通知',重庆市经济和信息化委员会,2012-03-12,现行有效,地方政府规章及文件
'重庆市永川区人民政府办公室转发《重庆市人民政府办公厅关于加快推进合同能源管理促进节能服务产业发展的意见》的通知',重庆市永川区人民政府办公室,2012-02-09,现行有效,地方政府规章及文件
'重庆市九龙坡区人民政府办公室关于印发《重庆市九龙坡区旅游产业发展扶持办法实施细则》的通知',重庆市九龙坡区人民政府办公室,2012-02-07,现行有效,地方政府规章及文件
"'重庆市大渡口区人民政府关于印发大渡口区""十二五""期间房地产业发展专项规划的通知'",重庆市大渡口区人民政府,2012-02-02,现行有效,地方政府规章及文件
'重庆市涪陵区马武镇人民政府关于做好2012年重点产业企业人力资源保障服务工作的通知',重庆市涪陵区马武镇人民政府,2012-01-19,现行有效,地方政府规章及文件
'重庆市九龙坡区人民政府办公室关于印发重庆市九龙坡区产业发展扶持办法实施细则的通知',重庆市九龙坡区人民政府办公室,2012-01-11,现行有效,地方政府规章及文件
'重庆市长寿区人民政府关于商贸产业聚商选资优惠政策的通知',重庆市长寿区人民政府,2012-01-09,现行有效,地方政府规章及文件
'重庆市涪陵区房地产业管理局关于切实做好2012年“两节两会”期间安全生产工作的通知',重庆市涪陵区房地产业管理局,2012-01-06,现行有效,地方政府规章及文件
'重庆市涪陵区房地产业管理局关于切实做好“两节”期间消防安全工作的通知',重庆市涪陵区房地产业管理局,2011-12-31,现行有效,地方政府规章及文件
'重庆市涪陵区房地产业管理局关于确定廉租住房和公共租赁住房室内装修规范及标准的通知',重庆市涪陵区房地产业管理局,2011-12-29,现行有效,地方政府规章及文件
'重庆市人民政府办公厅关于加快推进合同能源管理促进节能服务产业发展的意见',重庆市人民政府办公厅,2011-12-26,已失效,地方政府规章及文件
'重庆市永川区人民政府办公室关于印发永川区加快电子商务产业发展有关优惠政策的通知',重庆市永川区人民政府办公室,2011-11-30,现行有效,地方政府规章及文件
'重庆市工商行政管理局关于深入贯彻落实十七届六中全会精神助推文化产业大发展大繁荣的实施意见',重庆市工商行政管理局,2011-11-18,现行有效,地方政府规章及文件
'重庆市涪陵区房地产业管理局关于贯彻《重庆市涪陵区保障性住房管理实施办法(暂行)》进一步做好住房保障工作的通知',重庆市涪陵区房地产业管理局,2011-10-27,现行有效,地方政府规章及文件
'云阳县人民政府办公室关于进一步明确柑橘产业发展中几个具体问题的通知',重庆市云阳县人民政府办公室,2011-10-26,已失效,地方政府规章及文件
'重庆市经济和信息化委员会关于印发《重庆市工业重点产业人才队伍建设中长期规划(2011—2020年)》的通知',重庆市经济和信息化委员会,2011-10-25,现行有效,地方政府规章及文件
'重庆市涪陵区清溪镇人民政府关于印发涪陵区清溪镇再生有色金属特色产业园安置房建设征地拆迁工作方案的通知',重庆市涪陵区清溪镇人民政府,2011-10-24,已失效,地方政府规章及文件
'重庆市涪陵区旅游局关于转发区房地产业管理局《关于切实做好国庆期间房屋住用和拆除工程安全工作的通知》的通知',重庆市涪陵区旅游局,2011-09-30,现行有效,地方政府规章及文件
'重庆市涪陵区房地产业管理局关于加强“国庆”期间房屋拆除安全管理的函',重庆市涪陵区房地产业管理局,2011-09-29,现行有效,地方政府规章及文件
'重庆市涪陵区房地产业管理局关于切实做好国庆期间房屋住用和拆除工程安全工作的通知',重庆市涪陵区房地产业管理局,2011-09-29,现行有效,地方政府规章及文件
'重庆市涪陵区房地产业管理局关于印发《落户涪陵大中专毕业生和技能型人才购房补贴发放办法(试行)》的通知',重庆市涪陵区房地产业管理局,2011-09-22,现行有效,地方政府规章及文件
'重庆市涪陵区房地产业管理局关于印发《落户涪陵大中专毕业生和技能型人才公共租赁住房申请工作规程(试行)》的通知',重庆市涪陵区房地产业管理局,2011-09-21,现行有效,地方政府规章及文件
'重庆市人民政府办公厅关于支持海扶超声无创医疗产业发展的通知',重庆市人民政府办公厅,2011-09-14,已失效,地方政府规章及文件
'酉阳土家族苗族自治县人民政府办公室转发重庆市人民政府办公厅《关于印发重庆市加快电子商务产业发展有关优惠政策的通知》',重庆市酉阳土家族苗族自治县人民政府办公室,2011-09-14,现行有效,地方政府规章及文件
'重庆市人民政府办公厅关于印发重庆市加快电子商务产业发展有关优惠政策的通知',重庆市人民政府办公厅,2011-08-26,已失效,地方政府规章及文件
'重庆市发展和改革委员会、重庆市经济和信息化委员会关于印发重庆市重点产业振兴和技术改造专项投资项目竣工验收暂行办法的通知',重庆市发展和改革委员会;重庆市经济和信息化委员会,2011-08-22,现行有效,地方政府规章及文件
'重庆市涪陵区马武镇人民政府关于印发《马武镇2012年榨菜产业工作实施方案》的通知',重庆市涪陵区马武镇人民政府,2011-08-08,已失效,地方政府规章及文件
'酉阳土家族苗族自治县人民政府办公室关于印发酉阳自治县雪龙黑牛产业发展规划(2011—2013)的通知',重庆市酉阳土家族苗族自治县人民政府办公室,2011-08-03,现行有效,地方政府规章及文件
'酉阳土家族苗族自治县人民政府关于加快雪龙黑牛产业发展的决定',重庆市酉阳土家族苗族自治县人民政府,2011-08-03,现行有效,地方政府规章及文件
'关于印发重庆市“十二五”科学技术和战略性新兴产业发展规划的通知',重庆市人民政府,2011-07-29,已失效,地方政府规章及文件
'重庆市发展和改革委员会、重庆市经济和信息化委员会关于开展重点产业振兴和技术改造专项投资项目实施情况监督检查工作的通知',重庆市发展和改革委员会;重庆市经济和信息化委员会,2011-07-18,现行有效,地方政府规章及文件
'重庆市人民政府办公厅转发市经济信息委《关于加快重庆市智能电网装备产业发展实施意见》的通知',重庆市人民政府办公厅,2011-07-12,已失效,地方政府规章及文件
'重庆市渝北区人民政府办公室关于印发《重庆市渝北区“十二五”房地产业发展规划(2011—2015年)》的通知',重庆市渝北区人民政府办公室,2011-07-02,现行有效,地方政府规章及文件
'重庆市涪陵区地方税务局转发《重庆市地方税务局关于调整房地产业企业所得税计税毛利率及核定应税所得率的通知》的通知',重庆市涪陵区地方税务局,2011-06-30,现行有效,地方政府规章及文件
'重庆市江津区人民政府办公室关于促进服务外包产业发展的若干意见(试行)',重庆市江津区人民政府办公室,2011-06-21,现行有效,地方政府规章及文件
'重庆市万盛区人民政府关于设立重庆（万盛）镁产业科技园区的通知',重庆市万盛区人民政府,2011-06-16,现行有效,地方政府规章及文件
'垫江县人民政府关于发展承接生产性劳务外包产业的意见(试行)',重庆市垫江县人民政府,2011-06-16,现行有效,地方政府规章及文件
'重庆高新技术产业开发区管理委员会关于印发重庆高新技术产业开发区政府投资项目管理办法(试行)的通知',重庆高新技术产业开发区管理委员会,2011-05-30,现行有效,地方政府规章及文件
'梁平县人民政府办公室关于印发梁平县产业发展专项资金管理暂行办法的通知',重庆市梁平县人民政府办公室,2011-05-25,现行有效,地方政府规章及文件
'重庆市涪陵区人民政府白涛街道办事处关于2011年特色农业产业发展的实施意见',重庆市涪陵区人民政府白涛街道办事处,2011-05-24,现行有效,地方政府规章及文件
'重庆市发展和改革委员会关于组织实施2011年重庆市战略性新兴产业及国家高技术产业基地专项的通知',重庆市发展和改革委员会,2011-05-05,现行有效,地方政府规章及文件
'重庆市财政局关于统筹资金支持木本油料产业发展实施方案的报告',重庆市财政局,2011-04-29,现行有效,地方政府规章及文件
'重庆高新技术产业开发区管理委员会关于印发重庆高新技术产业开发区科技型中小企业技术创新资金管理暂行办法的通知',重庆高新技术产业开发区管理委员会,2011-04-20,现行有效,地方政府规章及文件
'云阳县人民政府办公室关于切实做好信息产业人力资源保障工作的通知',重庆市云阳县人民政府办公室,2011-04-11,现行有效,地方政府规章及文件
'丰都县人民政府办公室关于切实做好2011年信息产业人力资源保障工作的通知',重庆市丰都县人民政府办公室,2011-04-01,现行有效,地方政府规章及文件
'綦江县人民政府办公室关于印发市信息产业和綦江县主导产业人力资源保障工作联席会议制度的通知',重庆市綦江县人民政府办公室,2011-03-07,现行有效,地方政府规章及文件
'关于进一步推进农业产业结构调整工作的通知',重庆市涪陵区清溪镇人民政府,2011-02-25,现行有效,地方政府规章及文件
'重庆市九龙坡区人民政府关于印发《重庆市九龙坡区文化创意产业示范企业(基地)评选命名管理办法(试行)》的通知',重庆市九龙坡区人民政府,2010-12-27,现行有效,地方政府规章及文件
'重庆市九龙坡区人民政府办公室、重庆高新技术产业开发区管理委员会办公室关于印发渝州路临街房屋综合整治工程组织实施方案的通知',重庆市九龙坡区人民政府办公室;重庆高新技术产业开发区管理委员会办公室,2010-12-21,现行有效,地方政府规章及文件
'关于印发《重庆市工业和信息化发展专项资金产业研发专项项目验收管理办法(暂行)》的通知',重庆市经济和信息化委员会,2010-12-09,现行有效,地方政府规章及文件
'重庆市黔江区人民政府关于金融支持生猪产业发展的意见',重庆市黔江区人民政府,2010-11-30,现行有效,地方政府规章及文件
'重庆市黔江区人民政府办公室转发市政府办公厅《关于切实做好信息产业人力资源保障工作的通知》的通知',重庆市黔江区人民政府办公室,2010-11-23,现行有效,地方政府规章及文件
'重庆市人民政府办公厅关于切实做好信息产业人力资源保障工作的通知',重庆市人民政府办公厅,2010-11-17,现行有效,地方政府规章及文件
'石柱土家族自治县人民政府关于进一步加强蔬菜产业发展的意见',重庆市石柱土家族自治县人民政府,2010-11-04,现行有效,地方政府规章及文件
'酉阳土家族苗族自治县人民政府关于大力发展林下土鸡肉牛山羊等产业的实施意见',重庆市酉阳土家族苗族自治县人民政府,2010-11-01,现行有效,地方政府规章及文件
'重庆市发展和改革委员会关于2010年市级高技术产业发展专项的通知',重庆市发展和改革委员会,2010-10-11,现行有效,地方政府规章及文件
'石柱土家族自治县人民政府关于2011年马铃薯产业发展的意见',重庆市石柱土家族自治县人民政府,2010-09-29,现行有效,地方政府规章及文件
'城口县人民政府关于印发城口县巴山水库移民产业扶持办法的通知',重庆市城口县人民政府,2010-08-23,已失效,地方政府规章及文件
'重庆市财政局关于印发《重庆市地方特色产业中小企业发展资金管理暂行办法》的通知',重庆市财政局,2010-07-20,现行有效,地方政府规章及文件
'重庆市人民政府办公厅转发市知识产权局等部门《关于发挥专利作用促进产业结构调整意见》的通知',重庆市人民政府办公厅,2010-07-06,现行有效,地方政府规章及文件
'重庆市黔江区人民政府办公室关于切实抓好当前生猪产业发展的通知',重庆市黔江区人民政府办公室,2010-06-23,现行有效,地方政府规章及文件
'关于公布有重金属排放的行业产业政策的通知',重庆市经济和信息化委员会,2010-06-09,现行有效,地方政府规章及文件
'关于大力推进农业产业结构调整工作的通知',重庆市涪陵区清溪镇人民政府,2010-04-12,现行有效,地方政府规章及文件
'城口县人民政府关于印发城口县2010年农户万元增收工程产业扶持办法的通知',重庆市城口县人民政府,2010-03-30,现行有效,地方政府规章及文件
'重庆市涪陵区质量技术监督局关于印发“标准助推产业发展”五大行动工作方案的通知',重庆市涪陵区质量技术监督局,2010-03-19,现行有效,地方政府规章及文件
'重庆市人民政府关于印发重庆市促进国际服务外包产业发展若干政策措施实施办法的通知',重庆市人民政府,2009-08-13,现行有效,地方政府规章及文件
'重庆市人民政府关于促进服务外包产业发展的意见',重庆市人民政府,2008-02-04,现行有效,地方政府规章及文件
'巫山县人民政府关于2010年林业特色产业发展的意见',重庆市巫山县人民政府,2010-03-09,现行有效,地方政府规章及文件
'巫山县人民政府关于2010年中药材（金银花）产业发展的意见',重庆市巫山县人民政府,2010-03-09,现行有效,地方政府规章及文件
'巫山县人民政府关于2010年魔芋产业发展的意见',重庆市巫山县人民政府,2010-03-09,现行有效,地方政府规章及文件
'綦江县人民政府关于加快苗圃产业发展的意见',重庆市綦江县人民政府,2010-03-04,现行有效,地方政府规章及文件
'关于2010年马铃薯产业发展的意见',重庆市石柱土家族自治县人民政府,2010-02-10,现行有效,地方政府规章及文件
'重庆市财政局、重庆市发展和改革委员会关于印发《重庆市高技术产业技术研究与开发资金管理办法》的通知',重庆市财政局;重庆市发展和改革委员会,2009-11-23,现行有效,地方政府规章及文件
'重庆市涪陵区旅游局转发区房地产业管理局《关于开展全区房屋住用安全大排查大整治大执法的通知》',重庆市涪陵区旅游局,2009-09-07,现行有效,地方政府规章及文件
'重庆市发展改革委关于组织实施2009年TD为主的大3G产业链发展专项的通知',重庆市发展和改革委员会,2009-09-03,现行有效,地方政府规章及文件
'关于实施国家生物产业基地医疗器械产业集群建设专项的通知',重庆市发展和改革委员会,2009-07-17,现行有效,地方政府规章及文件
'重庆市江津区人民政府办公室关于印发江津区加快烟草产业发展规划（2009-2013年）的通知',重庆市江津区人民政府办公室,2009-07-09,现行有效,地方政府规章及文件
'开县人民政府关于进一步加快柑桔产业发展的意见',重庆市开县人民政府,2009-07-09,现行有效,地方政府规章及文件
'大足县人民政府办公室关于印发大足县2009年枇杷产业扶持奖励办法的通知',重庆市大足县人民政府办公室,2009-05-04,现行有效,地方政府规章及文件
'重庆市涪陵区文化广电新闻出版局关于下发2009年文化新闻出版产业发展计划的通知',重庆市涪陵区文化广电新闻出版局,2009-04-20,已失效,地方政府规章及文件
'重庆市涪陵区马武镇人民政府关于2009年农业产业发展有关扶持政策的通知',重庆市涪陵区马武镇人民政府,2009-04-08,已失效,地方政府规章及文件
'大足县人民政府办公室关于印发“四个百亿级”产业发展规划的通知',重庆市大足县人民政府办公室,2009-04-07,现行有效,地方政府规章及文件
'重庆市黔江区人民政府关于认真做好2009年生猪产业发展工作的通知',重庆市黔江区人民政府,2009-04-03,现行有效,地方政府规章及文件
'垫江县人民政府关于促进房地产业健康发展的实施意见',重庆市垫江县人民政府,2009-03-27,现行有效,地方政府规章及文件
'重庆市永川区人民政府关于加快服务外包产业发展的意见',重庆市永川区人民政府,2009-03-26,现行有效,地方政府规章及文件
'重庆市涪陵区同乐乡人民政府关于大力发展山羊产业的工作意见',重庆市涪陵区同乐乡人民政府,2009-03-24,现行有效,地方政府规章及文件
'重庆市江津区人民政府转发重庆市人民政府《关于扩大内需促进房地产业健康发展的实施意见》的通知',重庆市江津区人民政府,2009-03-17,现行有效,地方政府规章及文件
'垫江县人民政府关于加快全县商贸流通产业发展的决定',重庆市垫江县人民政府办公室,2009-02-09,已失效,地方政府规章及文件
'巫山县人民政府关于2009年柑橘产业发展的意见',重庆市巫山县人民政府,2009-02-06,现行有效,地方政府规章及文件
'丰都县人民政府转发重庆市人民政府《关于加快推进互联网产业发展的指导意见》的通知',重庆市丰都县人民政府,2009-02-05,现行有效,地方政府规章及文件
'开县人民政府办公室关于转发《市政府关于扩大内需促进房地产业健康发展的实施意见》的通知',重庆市开县人民政府办公室,2009-02-04,现行有效,地方政府规章及文件
'重庆市人民政府关于扩大内需促进房地产业健康发展的实施意见',重庆市人民政府,2009-01-12,现行有效,地方政府规章及文件
'云阳县人民政府关于扶持牛羊产业发展的实施意见(试行)',重庆市云阳县人民政府,2009-01-12,现行有效,地方政府规章及文件
'开县人民政府办公室转发《重庆市人民政府关于加快推进互联网产业发展指导意见》的通知',重庆市开县人民政府办公室,2008-12-12,现行有效,地方政府规章及文件
'丰都县人民政府关于加快商贸流通产业发展的意见',重庆市丰都县人民政府,2008-12-11,现行有效,地方政府规章及文件
'重庆市永川区人民政府办公室关于明确镇街特色产业定位的通知',重庆市永川区人民政府办公室,2008-12-05,现行有效,地方政府规章及文件
'重庆市黔江区人民政府转发《市政府关于加快推进互联网产业发展的指导意见》的通知',重庆市黔江区人民政府,2008-11-27,现行有效,地方政府规章及文件
'重庆市人民政府关于加快推进互联网产业发展的指导意见',重庆市人民政府,2008-11-18,现行有效,地方政府规章及文件
'重庆市发展和改革委员会关于印发重庆国家高技术产业基地龙头企业认定申报指南的通知',重庆市发展和改革委员会,2008-10-24,现行有效,地方政府规章及文件
'丰都县人民政府办公室关于印发《丰都县三峡库区产业发展基金项目实施验收办法》的通知',重庆市丰都县人民政府办公室,2008-10-05,现行有效,地方政府规章及文件
'重庆市合川区人民政府办公室关于印发合川区乡村旅游产业发展实施方案的通知',重庆市合川区人民政府办公室,2008-09-23,现行有效,地方政府规章及文件
'重庆市人民政府关于印发重庆市特色工业园区产业定位实施意见的通知',重庆市人民政府,2008-09-22,已失效,地方政府规章及文件
'大足县人民政府关于同意大足县国有资产经营公司向重庆市三峡库区产业信用担保有限公司申请重庆大足工业园区A区（龙水园区）连接道及管网工程项目担保贷款担保的通知',重庆市大足县人民政府,2008-09-18,现行有效,地方政府规章及文件
'云阳县人民政府关于印发《云阳县三峡库区产业发展基金项目验收暂行办法》的通知',重庆市云阳县人民政府,2008-09-09,现行有效,地方政府规章及文件
'重庆市黔江区人民政府关于加快商贸物流产业发展的意见',重庆市黔江区人民政府,2008-08-21,现行有效,地方政府规章及文件
'重庆市涪陵区青羊镇人民政府关于2008年农业产业发展扶持政策的通知',重庆市涪陵区青羊镇人民政府,2008-08-19,现行有效,地方政府规章及文件
'重庆市永川区人民政府办公室关于加快城区有线电视双向网改造促进数字电视产业发展的通知',重庆市永川区人民政府办公室,2008-08-15,现行有效,地方政府规章及文件
'铜梁县人民政府关于同意县广播电视台成立广电文化产业公司的批复',重庆市铜梁县人民政府,2008-08-14,现行有效,地方政府规章及文件
'市发展改革委、市信产局关于转发《国家2008年度集成电路产业研究与开发专项资金申报指南的通知》',重庆市发展和改革委员会;重庆市信息产业局,2008-08-13,现行有效,地方政府规章及文件
'关于切实抓好增福土鸡产业发展的通知',重庆市涪陵区大顺乡人民政府,2008-08-08,现行有效,地方政府规章及文件
'重庆市渝北区人民政府关于推进农村土地承包经营权流转促进产业发展的意见',重庆市渝北区人民政府,2008-08-01,现行有效,地方政府规章及文件
'重庆市经济委员会、重庆市财政局关于组织推荐2008年重庆市产业技术研究与开发资金项目的补充通知',重庆市经济委员会;重庆市财政局,2008-07-16,现行有效,地方政府规章及文件
'重庆市发展和改革委员会关于组织实施重庆市国家高技术产业基地发展专项的通知',重庆市发展和改革委员会,2008-07-15,现行有效,地方政府规章及文件
'巫溪县人民政府关于大力发展蔬菜产业保障市场供应的意见',重庆市巫溪县人民政府,2008-07-10,现行有效,地方政府规章及文件
'重庆市经济委员会关于组织推荐2008年重庆市产业技术研究与开发资金项目的通知',重庆市经济委员会,2008-07-08,现行有效,地方政府规章及文件
'重庆市涪陵区大木乡人民政府关于转发《涪陵区人民政府关于2008年农业产业发展扶持政策的通知》的通知',重庆市涪陵区大木乡人民政府,2008-06-23,现行有效,地方政府规章及文件
'奉节县人民政府关于印发奉节县三峡库区产业发展基金项目验收管理办法的通知',重庆市奉节县人民政府,2008-06-20,现行有效,地方政府规章及文件
'重庆市涪陵区人民政府关于2008年农业产业发展扶持政策的通知',重庆市涪陵区人民政府,2008-06-10,已失效,地方政府规章及文件
'开县人民政府办公室关于争取和落实三峡库区承接产业转移有关政策的通知',重庆市开县人民政府办公室,2008-06-05,现行有效,地方政府规章及文件
'重庆市信息产业局关于印发《2008年重庆市信息产业发展资金项目指南》的通知',重庆市信息产业局,2008-05-29,现行有效,地方政府规章及文件
'重庆市发展改革委、市经委、市信息产业局关于组织开展信息化试点工作的通知',重庆市发展和改革委员会;重庆市经济委员会;重庆市信息产业局,2008-05-21,现行有效,地方政府规章及文件
'重庆市涪陵区人民政府办公室关于印发涪陵区2008年承接“长三角”“珠三角”产业梯度转移和库区劳动力输出主题年活动方案的通知',重庆市涪陵区人民政府办公室,2008-05-16,已失效,地方政府规章及文件
'重庆市永川区人民政府关于进一步加快煤炭产业发展的实施意见',重庆市永川区人民政府,2008-05-05,现行有效,地方政府规章及文件
'彭水苗族土家族自治县人民政府办公室关于发展中药材产业的实施意见',重庆市彭水苗族土家族自治县人民政府办公室,2008-05-04,现行有效,地方政府规章及文件
'重庆市人民政府办公厅转发市信息产业局等部门关于利用信息技术推进节能减排工作意见的通知',重庆市人民政府办公厅,2008-04-22,现行有效,地方政府规章及文件
'重庆市万州区人民政府关于加快推进柑橘产业发展的意见',重庆市万州区人民政府,2008-04-22,现行有效,地方政府规章及文件
'武隆县人民政府关于加快推进100万亩蔬菜产业发展的意见',重庆市武隆县人民政府,2008-04-10,现行有效,地方政府规章及文件
'重庆市巴南区人民政府办公室印发重庆市巴南区承接“长三角”“珠三角”产业梯度转移和库区劳动力输出主题年活动方案的通知',重庆市巴南区人民政府办公室,2008-04-07,已失效,地方政府规章及文件
'开县人民政府关于加快肉兔产业发展的意见',重庆市开县人民政府,2008-04-02,现行有效,地方政府规章及文件
'奉节县人民政府办公室关于印发2008年承接“长三角”“珠三角”产业梯度转移和库区劳动力输出主题年活动方案的通知',重庆市奉节县人民政府办公室,2008-04-01,已失效,地方政府规章及文件
'铜梁县人民政府办公室转发县林业局《关于加快绿色通道和竹产业示范基地建设的意见》的通知',重庆市铜梁县人民政府办公室,2008-02-22,现行有效,地方政府规章及文件
'重庆市巴南区人民政府办公室印发关于贯彻重庆市烟花爆竹产业发展规划的实施意见的通知',重庆市巴南区人民政府办公室,2008-01-28,现行有效,地方政府规章及文件
'彭水苗族土家族自治县人民政府办公室关于发展辣椒产业的实施意见',重庆市彭水苗族土家族自治县人民政府办公室,2008-01-25,现行有效,地方政府规章及文件
'城口县人民政府关于进一步加强锰矿资源管理促进锰矿产业可持续发展的意见',重庆市城口县人民政府,2008-01-17,现行有效,地方政府规章及文件
'重庆市渝北区人民政府办公室关于印发重庆市渝北区房地产业发展规划的通知',重庆市渝北区人民政府办公室,2008-01-03,现行有效,地方政府规章及文件
'重庆市人民政府关于进一步增强重庆高新技术产业开发区自主创新能力的意见',重庆市人民政府,2007-12-30,现行有效,地方政府规章及文件
'重庆市渝北区人民政府关于促进房地产业可持续发展的若干意见',重庆市渝北区人民政府,2007-12-26,现行有效,地方政府规章及文件
'重庆市信息化领导小组办公室、重庆市信息产业局关于印发《关于加强我市信息产业统计工作的意见》的通知',重庆市信息化领导小组办公室;重庆市信息产业局,2007-12-20,现行有效,地方政府规章及文件
'重庆市财政局、重庆市经济委员会关于下达2007年度创意产业发展项目专项资金的通知',重庆市财政局;重庆市经济委员会,2007-12-04,现行有效,地方政府规章及文件
'垫江县人民政府办公室关于印发垫江县2007—2015年生猪产业发展规划的通知',重庆市垫江县人民政府办公室,2007-10-10,现行有效,地方政府规章及文件
'重庆市人民政府办公厅关于进一步加快柑橘产业发展的意见',重庆市人民政府办公厅,2007-09-29,已失效,地方政府规章及文件
'重庆市信息产业局、重庆市财政局关于印发《重庆市软件及信息服务外包发展专项资金管理暂行办法》的通知',重庆市信息产业局;重庆市财政局,2007-09-19,已失效,地方政府规章及文件
'中共丰都县委、丰都县人民政府关于加快特色产业发展的意见',中共重庆市丰都县委;重庆市丰都县人民政府,2007-09-19,现行有效,地方政府规章及文件
'重庆市信息产业局关于印发《2007年重庆市软件及信息服务外包发展资金项目指南》暨申报2007年重庆市软件及信息服务外包发展资金项目的通知',重庆市信息产业局,2007-09-17,现行有效,地方政府规章及文件
'重庆市经济委员会、重庆市创意产业发展领导小组办公室、重庆市建设委员会、重庆市国有文化资产经营管理有限公司、重庆市工商联(总商会)关于印发《2007重庆创意产业活动周总体方案》的通知',重庆市经济委员会;重庆市创意产业发展领导小组办公室;重庆市建设委员会;重庆市国有文化资产经营管理有限公司;重庆市工商业联合会,2007-09-10,已失效,地方政府规章及文件
'重庆市永川区人民政府关于永川区规范矿产资源开发和发展加工型产业的意见',重庆市永川区人民政府,2007-08-28,现行有效,地方政府规章及文件
'重庆市发展改革委、重庆市信产局关于转发《国家2007年度集成电路产业研究与开发专项资金申报指南》的通知',重庆市发展和改革委员会;重庆市信息产业局,2007-08-22,现行有效,地方政府规章及文件
'重庆市发展和改革委员会关于组织实施高技术产业重大专项的通知',重庆市发展和改革委员会,2007-08-08,现行有效,地方政府规章及文件
'重庆市渝北区人民政府办公室关于印发重庆市渝北区水果产业规模种植补助（暂行）办法的通知',重庆市渝北区人民政府办公室,2007-07-26,现行有效,地方政府规章及文件
'重庆市渝北区人民政府办公室关于印发重庆市渝北区蔬菜产业规模种植补助（暂行）办法的通知',重庆市渝北区人民政府办公室,2007-07-25,现行有效,地方政府规章及文件
'重庆市涪陵区人民政府关于加快蔬菜产业发展的实施意见',重庆市涪陵区人民政府,2007-07-24,现行有效,地方政府规章及文件
'重庆市财政局、重庆市监察局、重庆市信息产业局关于印发《重庆市网上政府采购管理暂行办法》的通知',重庆市财政局;重庆市监察局;重庆市信息产业局,2007-07-13,现行有效,地方政府规章及文件
'重庆市永川区人民政府关于加快创意产业发展的通知',重庆市永川区人民政府,2007-06-18,现行有效,地方政府规章及文件
'垫江县人民政府关于进一步促进房地产业健康发展的意见',重庆市垫江县人民政府,2007-06-15,现行有效,地方政府规章及文件
'大足县人民政府办公室转发市政府《关于促进大足五金产业发展有关问题的会议纪要》的通知',重庆市大足县人民政府办公室,2007-05-31,现行有效,地方政府规章及文件
'重庆市涪陵区人民政府批转区扶贫办等3单位《关于稳步推进我区增福土鸡产业发展的实施意见》的通知',重庆市涪陵区人民政府,2007-05-29,现行有效,地方政府规章及文件
'武隆县人民政府办公室关于下达2007年中药材产业发展指导性计划的通知',重庆市武隆县人民政府办公室,2007-05-11,现行有效,地方政府规章及文件
'重庆市人民政府印发关于加快我市软件及信息服务外包产业发展暂行规定的通知',重庆市人民政府,2007-05-08,现行有效,地方政府规章及文件
'梁平县人民政府关于加快蚕桑产业发展的意见',重庆市梁平县人民政府,2007-03-30,现行有效,地方政府规章及文件
'重庆市涪陵区人民政府办公室转发市政府办公厅《关于印发重庆市创意产业基地（园区）认定暂行办法的通知》的通知',重庆市涪陵区人民政府办公室,2007-03-23,现行有效,地方政府规章及文件
'重庆市人民政府办公厅关于印发重庆市创意产业基地（园区）认定暂行办法的通知',重庆市人民政府办公厅,2007-03-05,现行有效,地方政府规章及文件
'綦江县人民政府办公室关于转发市信息产业局《关于开展重庆市新农村信息化·百镇建网工程的通知》的通知',重庆市綦江县人民政府办公室,2007-02-26,现行有效,地方政府规章及文件
'重庆市涪陵区人民政府批转区商委关于《重庆市涪陵区商贸流通产业发展“十一五”规划》的通知',重庆市涪陵区人民政府,2007-02-01,现行有效,地方政府规章及文件
'丰都县人民政府关于印发《丰都县三峡库区产业发展基金项目管理实施细则》和《丰都县三峡库区产业发展基金使用管理实施细则》的通知',重庆市丰都县人民政府,2007-01-19,现行有效,地方政府规章及文件
'重庆市发展改革委、重庆市经委关于印发重庆市高技术产业发展项目管理暂行办法的通知',重庆市发展和改革委员会;重庆市经济委员会,2006-12-30,现行有效,地方政府规章及文件
'云阳县人民政府关于印发《云阳县三峡库区产业发展基金项目管理办法实施细则》和《云阳县三峡库区产业发展基金使用管理办法实施细则》的通知',重庆市云阳县人民政府,2006-12-27,现行有效,地方政府规章及文件
'重庆市涪陵区人民政府转发《市政府关于规范矿产资源开发和发展加工型产业的意见的》通知',重庆市涪陵区人民政府,2006-12-26,现行有效,地方政府规章及文件
'重庆市涪陵区人民政府关于批转重庆市涪陵区三峡库区产业发展基金项目管理实施细则及使用管理实施细则的通知',重庆市涪陵区人民政府,2006-12-15,现行有效,地方政府规章及文件
'重庆市巴南区人民政府办公室印发《重庆市巴南区三峡库区产业发展基金项目管理办法实施细则》的通知',重庆市巴南区人民政府办公室,2006-12-15,现行有效,地方政府规章及文件
'重庆市万州区人民政府办公室关于印发《重庆市万州区三峡库区产业发展基金项目管理办法实施细则（试行）》和《重庆市万州区三峡库区产业发展基金使用管理办法实施细则（试行）》的通知',重庆市万州区人民政府办公室,2006-12-13,现行有效,地方政府规章及文件
'重庆市人民政府关于规范矿产资源开发和发展加工型产业的意见',重庆市人民政府,2006-12-05,已失效,地方政府规章及文件
'重庆市人民政府办公厅关于印发重庆市三峡库区产业发展基金项目管理办法和重庆市三峡库区产业发展基金使用管理办法的通知',重庆市人民政府办公厅,2006-11-11,已失效,地方政府规章及文件
'大足县人民政府转发市政府《关于加快推进工业产业调整的若干意见》的通知',重庆市大足县人民政府,2006-10-23,现行有效,地方政府规章及文件
'重庆市人民政府关于加快推进工业产业结构调整的若干意见',重庆市人民政府,2006-09-20,已失效,地方政府规章及文件
'城口县人民政府办公室关于扶持土鸡和肉兔产业发展的通知',重庆市城口县人民政府办公室,2006-09-05,现行有效,地方政府规章及文件
'忠县人民政府关于印发忠县国民经济和社会发展第十一个五年规划旅游产业发展专项规划的通知',重庆市忠县人民政府,2006-08-03,现行有效,地方政府规章及文件
'中共丰都县委、丰都县人民政府关于全面加快产业发展努力构建库区经济强县的意见',中共重庆市丰都县委;重庆市丰都县人民政府,2006-07-31,现行有效,地方政府规章及文件
'大足县人民政府办公室关于扶持生猪产业发展的通知',重庆市大足县人民政府办公室,2006-07-11,现行有效,地方政府规章及文件
'重庆市人民政府办公厅关于扶持生猪产业发展的通知',重庆市人民政府办公厅,2006-06-30,已失效,地方政府规章及文件
'忠县人民政府关于加快青蒿产业发展的通知',重庆市忠县人民政府,2006-05-29,现行有效,地方政府规章及文件
'奉节县人民政府办公室关于印发奉节县三峡库区产业发展基金项目管理实施细则的通知',重庆市奉节县人民政府办公室,2006-05-19,现行有效,地方政府规章及文件
'重庆市人民政府关于组建重庆市三峡库区产业信用担保有限责任公司的批复',重庆市人民政府,2006-04-29,现行有效,地方政府规章及文件
'大足县人民政府办公室转发市青蒿产业领导小组《关于加强青蒿种植组织及市场管理的通知》的通知',重庆市大足县人民政府办公室,2006-04-27,现行有效,地方政府规章及文件
'荣昌县人民政府关于印发荣昌县商贸流通产业综合发展第十一个五年规划纲要和荣昌县商业网点布局规划的通知',重庆市荣昌县人民政府,2006-04-03,现行有效,地方政府规章及文件
'开县人民政府关于加快商贸流通产业发展的意见',重庆市开县人民政府,2006-03-23,现行有效,地方政府规章及文件
'重庆市万州区人民政府关于加快商贸流通产业发展与改革的意见',重庆市万州区人民政府,2006-03-08,现行有效,地方政府规章及文件
'重庆市经济委员会关于发布《重庆市近期重点鼓励的部分产业技术研发指导目录》的通知',重庆市经济委员会,2006-01-16,现行有效,地方政府规章及文件
'重庆市璧山县人民政府关于加快商贸流通产业发展的意见',重庆市璧山县人民政府,2006-01-13,现行有效,地方政府规章及文件
